uniprot_id	protein_variant	am_pathogenicity	am_class
P13569	M1A	0.7238	pathogenic
P13569	M1C	0.6108	pathogenic
P13569	M1D	0.9781	pathogenic
P13569	M1E	0.8756	pathogenic
P13569	M1F	0.3734	ambiguous
P13569	M1G	0.8345	pathogenic
P13569	M1H	0.8906	pathogenic
P13569	M1I	0.6845	pathogenic
P13569	M1K	0.7547	pathogenic
P13569	M1L	0.2572	benign
P13569	M1N	0.9082	pathogenic
P13569	M1P	0.88	pathogenic
P13569	M1Q	0.5696	pathogenic
P13569	M1R	0.6649	pathogenic
P13569	M1S	0.7635	pathogenic
P13569	M1T	0.7952	pathogenic
P13569	M1V	0.1779	benign
P13569	M1W	0.7495	pathogenic
P13569	M1Y	0.7542	pathogenic
P13569	Q2A	0.332	benign
P13569	Q2C	0.8796	pathogenic
P13569	Q2D	0.6142	pathogenic
P13569	Q2E	0.1434	benign
P13569	Q2F	0.7936	pathogenic
P13569	Q2G	0.3674	ambiguous
P13569	Q2H	0.5615	ambiguous
P13569	Q2I	0.5522	ambiguous
P13569	Q2K	0.183	benign
P13569	Q2L	0.2826	benign
P13569	Q2M	0.6089	pathogenic
P13569	Q2N	0.4568	ambiguous
P13569	Q2P	0.2483	benign
P13569	Q2R	0.1896	benign
P13569	Q2S	0.3873	ambiguous
P13569	Q2T	0.3814	ambiguous
P13569	Q2V	0.4297	ambiguous
P13569	Q2W	0.8429	pathogenic
P13569	Q2Y	0.694	pathogenic
P13569	R3A	0.2702	benign
P13569	R3C	0.5428	ambiguous
P13569	R3D	0.5473	ambiguous
P13569	R3E	0.2864	benign
P13569	R3F	0.6331	pathogenic
P13569	R3G	0.2177	benign
P13569	R3H	0.3459	ambiguous
P13569	R3I	0.3135	benign
P13569	R3K	0.0786	benign
P13569	R3L	0.2926	benign
P13569	R3M	0.4514	ambiguous
P13569	R3N	0.5595	ambiguous
P13569	R3P	0.305	benign
P13569	R3Q	0.2168	benign
P13569	R3S	0.4623	ambiguous
P13569	R3T	0.2825	benign
P13569	R3V	0.3674	ambiguous
P13569	R3W	0.5354	ambiguous
P13569	R3Y	0.5851	pathogenic
P13569	S4A	0.3077	benign
P13569	S4C	0.3905	ambiguous
P13569	S4D	0.7675	pathogenic
P13569	S4E	0.8447	pathogenic
P13569	S4F	0.6504	pathogenic
P13569	S4G	0.3909	ambiguous
P13569	S4H	0.6776	pathogenic
P13569	S4I	0.6508	pathogenic
P13569	S4K	0.9392	pathogenic
P13569	S4L	0.6087	pathogenic
P13569	S4M	0.756	pathogenic
P13569	S4N	0.4955	ambiguous
P13569	S4P	0.5853	pathogenic
P13569	S4Q	0.8579	pathogenic
P13569	S4R	0.9243	pathogenic
P13569	S4T	0.2322	benign
P13569	S4V	0.6642	pathogenic
P13569	S4W	0.7271	pathogenic
P13569	S4Y	0.5646	pathogenic
P13569	P5A	0.3973	ambiguous
P13569	P5C	0.925	pathogenic
P13569	P5D	0.8675	pathogenic
P13569	P5E	0.7356	pathogenic
P13569	P5F	0.9002	pathogenic
P13569	P5G	0.7519	pathogenic
P13569	P5H	0.682	pathogenic
P13569	P5I	0.8176	pathogenic
P13569	P5K	0.8379	pathogenic
P13569	P5L	0.7529	pathogenic
P13569	P5M	0.9362	pathogenic
P13569	P5N	0.8715	pathogenic
P13569	P5Q	0.707	pathogenic
P13569	P5R	0.6024	pathogenic
P13569	P5S	0.5872	pathogenic
P13569	P5T	0.5962	pathogenic
P13569	P5V	0.6821	pathogenic
P13569	P5W	0.9544	pathogenic
P13569	P5Y	0.8441	pathogenic
P13569	L6A	0.2254	benign
P13569	L6C	0.6125	pathogenic
P13569	L6D	0.8089	pathogenic
P13569	L6E	0.3847	ambiguous
P13569	L6F	0.143	benign
P13569	L6G	0.5782	pathogenic
P13569	L6H	0.4169	ambiguous
P13569	L6I	0.0633	benign
P13569	L6K	0.3259	benign
P13569	L6M	0.1489	benign
P13569	L6N	0.6233	pathogenic
P13569	L6P	0.5009	ambiguous
P13569	L6Q	0.2434	benign
P13569	L6R	0.2247	benign
P13569	L6S	0.3752	ambiguous
P13569	L6T	0.2364	benign
P13569	L6V	0.0686	benign
P13569	L6W	0.3006	benign
P13569	L6Y	0.4283	ambiguous
P13569	E7A	0.3804	ambiguous
P13569	E7C	0.9089	pathogenic
P13569	E7D	0.3398	benign
P13569	E7F	0.9076	pathogenic
P13569	E7G	0.2765	benign
P13569	E7H	0.742	pathogenic
P13569	E7I	0.7689	pathogenic
P13569	E7K	0.6316	pathogenic
P13569	E7L	0.7182	pathogenic
P13569	E7M	0.8749	pathogenic
P13569	E7N	0.7311	pathogenic
P13569	E7P	0.8033	pathogenic
P13569	E7Q	0.2574	benign
P13569	E7R	0.5576	ambiguous
P13569	E7S	0.5077	ambiguous
P13569	E7T	0.6431	pathogenic
P13569	E7V	0.5326	ambiguous
P13569	E7W	0.9408	pathogenic
P13569	E7Y	0.8207	pathogenic
P13569	K8A	0.2497	benign
P13569	K8C	0.7492	pathogenic
P13569	K8D	0.2021	benign
P13569	K8E	0.0928	benign
P13569	K8F	0.6887	pathogenic
P13569	K8G	0.2397	benign
P13569	K8H	0.2835	benign
P13569	K8I	0.399	ambiguous
P13569	K8L	0.4042	ambiguous
P13569	K8M	0.3086	benign
P13569	K8N	0.1762	benign
P13569	K8P	0.5892	pathogenic
P13569	K8Q	0.1373	benign
P13569	K8R	0.086	benign
P13569	K8S	0.2512	benign
P13569	K8T	0.1346	benign
P13569	K8V	0.3533	ambiguous
P13569	K8W	0.7396	pathogenic
P13569	K8Y	0.4875	ambiguous
P13569	A9C	0.8581	pathogenic
P13569	A9D	0.8115	pathogenic
P13569	A9E	0.7597	pathogenic
P13569	A9F	0.8869	pathogenic
P13569	A9G	0.3769	ambiguous
P13569	A9H	0.9082	pathogenic
P13569	A9I	0.9269	pathogenic
P13569	A9K	0.9356	pathogenic
P13569	A9L	0.8549	pathogenic
P13569	A9M	0.9407	pathogenic
P13569	A9N	0.8259	pathogenic
P13569	A9P	0.8761	pathogenic
P13569	A9Q	0.8471	pathogenic
P13569	A9R	0.8315	pathogenic
P13569	A9S	0.2428	benign
P13569	A9T	0.6723	pathogenic
P13569	A9V	0.7544	pathogenic
P13569	A9W	0.9688	pathogenic
P13569	A9Y	0.8537	pathogenic
P13569	S10A	0.1661	benign
P13569	S10C	0.1573	benign
P13569	S10D	0.2598	benign
P13569	S10E	0.6323	pathogenic
P13569	S10F	0.4621	ambiguous
P13569	S10G	0.0612	benign
P13569	S10H	0.3097	benign
P13569	S10I	0.3942	ambiguous
P13569	S10K	0.6058	pathogenic
P13569	S10L	0.4008	ambiguous
P13569	S10M	0.5044	ambiguous
P13569	S10N	0.0925	benign
P13569	S10P	0.3308	benign
P13569	S10Q	0.622	pathogenic
P13569	S10R	0.4887	ambiguous
P13569	S10T	0.1098	benign
P13569	S10V	0.3993	ambiguous
P13569	S10W	0.4673	ambiguous
P13569	S10Y	0.3175	benign
P13569	V11A	0.1021	benign
P13569	V11C	0.412	ambiguous
P13569	V11D	0.3392	benign
P13569	V11E	0.3566	ambiguous
P13569	V11F	0.0594	benign
P13569	V11G	0.1519	benign
P13569	V11H	0.3888	ambiguous
P13569	V11I	0.0756	benign
P13569	V11K	0.3141	benign
P13569	V11L	0.1032	benign
P13569	V11M	0.1433	benign
P13569	V11N	0.2747	benign
P13569	V11P	0.1875	benign
P13569	V11Q	0.3725	ambiguous
P13569	V11R	0.2298	benign
P13569	V11S	0.1814	benign
P13569	V11T	0.152	benign
P13569	V11W	0.3193	benign
P13569	V11Y	0.2524	benign
P13569	V12A	0.1376	benign
P13569	V12C	0.3524	ambiguous
P13569	V12D	0.6231	pathogenic
P13569	V12E	0.5718	pathogenic
P13569	V12F	0.0498	benign
P13569	V12G	0.1734	benign
P13569	V12H	0.5556	ambiguous
P13569	V12I	0.0659	benign
P13569	V12K	0.5345	ambiguous
P13569	V12L	0.0836	benign
P13569	V12M	0.1428	benign
P13569	V12N	0.4664	ambiguous
P13569	V12P	0.2436	benign
P13569	V12Q	0.5143	ambiguous
P13569	V12R	0.3947	ambiguous
P13569	V12S	0.2653	benign
P13569	V12T	0.2371	benign
P13569	V12W	0.3317	benign
P13569	V12Y	0.2767	benign
P13569	S13A	0.2015	benign
P13569	S13C	0.3928	ambiguous
P13569	S13D	0.7581	pathogenic
P13569	S13E	0.7138	pathogenic
P13569	S13F	0.7624	pathogenic
P13569	S13G	0.2071	benign
P13569	S13H	0.7751	pathogenic
P13569	S13I	0.8736	pathogenic
P13569	S13K	0.9414	pathogenic
P13569	S13L	0.7049	pathogenic
P13569	S13M	0.8437	pathogenic
P13569	S13N	0.6542	pathogenic
P13569	S13P	0.7685	pathogenic
P13569	S13Q	0.7872	pathogenic
P13569	S13R	0.9027	pathogenic
P13569	S13T	0.3507	ambiguous
P13569	S13V	0.813	pathogenic
P13569	S13W	0.7138	pathogenic
P13569	S13Y	0.672	pathogenic
P13569	K14A	0.3729	ambiguous
P13569	K14C	0.6516	pathogenic
P13569	K14D	0.6907	pathogenic
P13569	K14E	0.2509	benign
P13569	K14F	0.6252	pathogenic
P13569	K14G	0.433	ambiguous
P13569	K14H	0.3853	ambiguous
P13569	K14I	0.3358	benign
P13569	K14L	0.3713	ambiguous
P13569	K14M	0.3659	ambiguous
P13569	K14N	0.5434	ambiguous
P13569	K14P	0.7207	pathogenic
P13569	K14Q	0.1498	benign
P13569	K14R	0.0693	benign
P13569	K14S	0.4502	ambiguous
P13569	K14T	0.2427	benign
P13569	K14V	0.2978	benign
P13569	K14W	0.6628	pathogenic
P13569	K14Y	0.4918	ambiguous
P13569	L15A	0.334	benign
P13569	L15C	0.4093	ambiguous
P13569	L15D	0.9422	pathogenic
P13569	L15E	0.8401	pathogenic
P13569	L15F	0.1073	benign
P13569	L15G	0.6238	pathogenic
P13569	L15H	0.6553	pathogenic
P13569	L15I	0.0775	benign
P13569	L15K	0.7987	pathogenic
P13569	L15M	0.155	benign
P13569	L15N	0.7795	pathogenic
P13569	L15P	0.7627	pathogenic
P13569	L15Q	0.6255	pathogenic
P13569	L15R	0.624	pathogenic
P13569	L15S	0.5715	pathogenic
P13569	L15T	0.4363	ambiguous
P13569	L15V	0.0902	benign
P13569	L15W	0.2591	benign
P13569	L15Y	0.318	benign
P13569	F16A	0.3781	ambiguous
P13569	F16C	0.194	benign
P13569	F16D	0.9133	pathogenic
P13569	F16E	0.9233	pathogenic
P13569	F16G	0.5778	pathogenic
P13569	F16H	0.8133	pathogenic
P13569	F16I	0.2225	benign
P13569	F16K	0.9191	pathogenic
P13569	F16L	0.6348	pathogenic
P13569	F16M	0.5332	ambiguous
P13569	F16N	0.7633	pathogenic
P13569	F16P	0.9155	pathogenic
P13569	F16Q	0.8453	pathogenic
P13569	F16R	0.797	pathogenic
P13569	F16S	0.3418	ambiguous
P13569	F16T	0.3594	ambiguous
P13569	F16V	0.1762	benign
P13569	F16W	0.515	ambiguous
P13569	F16Y	0.2564	benign
P13569	F17A	0.8865	pathogenic
P13569	F17C	0.6946	pathogenic
P13569	F17D	0.9604	pathogenic
P13569	F17E	0.9728	pathogenic
P13569	F17G	0.8617	pathogenic
P13569	F17H	0.883	pathogenic
P13569	F17I	0.8796	pathogenic
P13569	F17K	0.9765	pathogenic
P13569	F17L	0.9576	pathogenic
P13569	F17M	0.9387	pathogenic
P13569	F17N	0.936	pathogenic
P13569	F17P	0.9776	pathogenic
P13569	F17Q	0.9393	pathogenic
P13569	F17R	0.9052	pathogenic
P13569	F17S	0.8468	pathogenic
P13569	F17T	0.9307	pathogenic
P13569	F17V	0.7785	pathogenic
P13569	F17W	0.7713	pathogenic
P13569	F17Y	0.4835	ambiguous
P13569	S18A	0.1309	benign
P13569	S18C	0.0849	benign
P13569	S18D	0.4993	ambiguous
P13569	S18E	0.5926	pathogenic
P13569	S18F	0.2104	benign
P13569	S18G	0.0974	benign
P13569	S18H	0.2839	benign
P13569	S18I	0.2312	benign
P13569	S18K	0.5402	ambiguous
P13569	S18L	0.2046	benign
P13569	S18M	0.3519	ambiguous
P13569	S18N	0.2472	benign
P13569	S18P	0.5735	pathogenic
P13569	S18Q	0.4349	ambiguous
P13569	S18R	0.2685	benign
P13569	S18T	0.1426	benign
P13569	S18V	0.2572	benign
P13569	S18W	0.185	benign
P13569	S18Y	0.1617	benign
P13569	W19A	0.9466	pathogenic
P13569	W19C	0.9697	pathogenic
P13569	W19D	0.992	pathogenic
P13569	W19E	0.9897	pathogenic
P13569	W19F	0.5495	ambiguous
P13569	W19G	0.8846	pathogenic
P13569	W19H	0.9712	pathogenic
P13569	W19I	0.9454	pathogenic
P13569	W19K	0.9957	pathogenic
P13569	W19L	0.911	pathogenic
P13569	W19M	0.9679	pathogenic
P13569	W19N	0.989	pathogenic
P13569	W19P	0.9869	pathogenic
P13569	W19Q	0.9924	pathogenic
P13569	W19R	0.9895	pathogenic
P13569	W19S	0.913	pathogenic
P13569	W19T	0.9505	pathogenic
P13569	W19V	0.9241	pathogenic
P13569	W19Y	0.7891	pathogenic
P13569	T20A	0.1416	benign
P13569	T20C	0.5002	ambiguous
P13569	T20D	0.8968	pathogenic
P13569	T20E	0.7717	pathogenic
P13569	T20F	0.7383	pathogenic
P13569	T20G	0.4879	ambiguous
P13569	T20H	0.7333	pathogenic
P13569	T20I	0.295	benign
P13569	T20K	0.7495	pathogenic
P13569	T20L	0.2311	benign
P13569	T20M	0.1752	benign
P13569	T20N	0.4072	ambiguous
P13569	T20P	0.0719	benign
P13569	T20Q	0.5974	pathogenic
P13569	T20R	0.7002	pathogenic
P13569	T20S	0.2563	benign
P13569	T20V	0.2306	benign
P13569	T20W	0.9285	pathogenic
P13569	T20Y	0.8137	pathogenic
P13569	R21A	0.1341	benign
P13569	R21C	0.1668	benign
P13569	R21D	0.4456	ambiguous
P13569	R21E	0.215	benign
P13569	R21F	0.2472	benign
P13569	R21G	0.082	benign
P13569	R21H	0.1108	benign
P13569	R21I	0.1046	benign
P13569	R21K	0.0755	benign
P13569	R21L	0.1337	benign
P13569	R21M	0.1293	benign
P13569	R21N	0.2481	benign
P13569	R21P	0.5721	pathogenic
P13569	R21Q	0.096	benign
P13569	R21S	0.1372	benign
P13569	R21T	0.0772	benign
P13569	R21V	0.1538	benign
P13569	R21W	0.1296	benign
P13569	R21Y	0.213	benign
P13569	P22A	0.1674	benign
P13569	P22C	0.6982	pathogenic
P13569	P22D	0.5324	ambiguous
P13569	P22E	0.4281	ambiguous
P13569	P22F	0.6877	pathogenic
P13569	P22G	0.4266	ambiguous
P13569	P22H	0.3024	benign
P13569	P22I	0.5436	ambiguous
P13569	P22K	0.431	ambiguous
P13569	P22L	0.3103	benign
P13569	P22M	0.6045	pathogenic
P13569	P22N	0.4932	ambiguous
P13569	P22Q	0.3135	benign
P13569	P22R	0.2996	benign
P13569	P22S	0.25	benign
P13569	P22T	0.1995	benign
P13569	P22V	0.393	ambiguous
P13569	P22W	0.77	pathogenic
P13569	P22Y	0.5608	ambiguous
P13569	I23A	0.811	pathogenic
P13569	I23C	0.9223	pathogenic
P13569	I23D	0.9885	pathogenic
P13569	I23E	0.976	pathogenic
P13569	I23F	0.4226	ambiguous
P13569	I23G	0.9697	pathogenic
P13569	I23H	0.9514	pathogenic
P13569	I23K	0.9529	pathogenic
P13569	I23L	0.1619	benign
P13569	I23M	0.2728	benign
P13569	I23N	0.8947	pathogenic
P13569	I23P	0.9489	pathogenic
P13569	I23Q	0.9501	pathogenic
P13569	I23R	0.9207	pathogenic
P13569	I23S	0.8676	pathogenic
P13569	I23T	0.7758	pathogenic
P13569	I23V	0.0947	benign
P13569	I23W	0.9681	pathogenic
P13569	I23Y	0.8803	pathogenic
P13569	L24A	0.8583	pathogenic
P13569	L24C	0.8869	pathogenic
P13569	L24D	0.996	pathogenic
P13569	L24E	0.9574	pathogenic
P13569	L24F	0.4223	ambiguous
P13569	L24G	0.9611	pathogenic
P13569	L24H	0.902	pathogenic
P13569	L24I	0.2835	benign
P13569	L24K	0.933	pathogenic
P13569	L24M	0.2562	benign
P13569	L24N	0.9727	pathogenic
P13569	L24P	0.9705	pathogenic
P13569	L24Q	0.8042	pathogenic
P13569	L24R	0.854	pathogenic
P13569	L24S	0.9336	pathogenic
P13569	L24T	0.8547	pathogenic
P13569	L24V	0.3254	benign
P13569	L24W	0.7733	pathogenic
P13569	L24Y	0.891	pathogenic
P13569	R25A	0.1891	benign
P13569	R25C	0.2106	benign
P13569	R25D	0.5678	pathogenic
P13569	R25E	0.2031	benign
P13569	R25F	0.3366	benign
P13569	R25G	0.1269	benign
P13569	R25H	0.1437	benign
P13569	R25I	0.1386	benign
P13569	R25K	0.0686	benign
P13569	R25L	0.1531	benign
P13569	R25M	0.1468	benign
P13569	R25N	0.3365	benign
P13569	R25P	0.7637	pathogenic
P13569	R25Q	0.0881	benign
P13569	R25S	0.2105	benign
P13569	R25T	0.1352	benign
P13569	R25V	0.1879	benign
P13569	R25W	0.1373	benign
P13569	R25Y	0.2775	benign
P13569	K26A	0.6408	pathogenic
P13569	K26C	0.8771	pathogenic
P13569	K26D	0.858	pathogenic
P13569	K26E	0.382	ambiguous
P13569	K26F	0.9162	pathogenic
P13569	K26G	0.8012	pathogenic
P13569	K26H	0.5712	pathogenic
P13569	K26I	0.5176	ambiguous
P13569	K26L	0.5273	ambiguous
P13569	K26M	0.4143	ambiguous
P13569	K26N	0.6913	pathogenic
P13569	K26P	0.9647	pathogenic
P13569	K26Q	0.2786	benign
P13569	K26R	0.1058	benign
P13569	K26S	0.7607	pathogenic
P13569	K26T	0.4106	ambiguous
P13569	K26V	0.5578	ambiguous
P13569	K26W	0.9038	pathogenic
P13569	K26Y	0.809	pathogenic
P13569	G27A	0.6763	pathogenic
P13569	G27C	0.944	pathogenic
P13569	G27D	0.9761	pathogenic
P13569	G27E	0.9746	pathogenic
P13569	G27F	0.9923	pathogenic
P13569	G27H	0.9944	pathogenic
P13569	G27I	0.9629	pathogenic
P13569	G27K	0.9928	pathogenic
P13569	G27L	0.985	pathogenic
P13569	G27M	0.9905	pathogenic
P13569	G27N	0.9798	pathogenic
P13569	G27P	0.9957	pathogenic
P13569	G27Q	0.9897	pathogenic
P13569	G27R	0.9823	pathogenic
P13569	G27S	0.7706	pathogenic
P13569	G27T	0.9292	pathogenic
P13569	G27V	0.9217	pathogenic
P13569	G27W	0.9844	pathogenic
P13569	G27Y	0.9854	pathogenic
P13569	Y28A	0.5908	pathogenic
P13569	Y28C	0.137	benign
P13569	Y28D	0.6255	pathogenic
P13569	Y28E	0.7753	pathogenic
P13569	Y28F	0.0985	benign
P13569	Y28G	0.5503	ambiguous
P13569	Y28H	0.2036	benign
P13569	Y28I	0.5107	ambiguous
P13569	Y28K	0.5806	pathogenic
P13569	Y28L	0.5155	ambiguous
P13569	Y28M	0.6656	pathogenic
P13569	Y28N	0.329	benign
P13569	Y28P	0.9401	pathogenic
P13569	Y28Q	0.5229	ambiguous
P13569	Y28R	0.3866	ambiguous
P13569	Y28S	0.3142	benign
P13569	Y28T	0.6463	pathogenic
P13569	Y28V	0.4724	ambiguous
P13569	Y28W	0.35	ambiguous
P13569	R29A	0.3458	ambiguous
P13569	R29C	0.1687	benign
P13569	R29D	0.6625	pathogenic
P13569	R29E	0.298	benign
P13569	R29F	0.4465	ambiguous
P13569	R29G	0.177	benign
P13569	R29H	0.109	benign
P13569	R29I	0.2257	benign
P13569	R29K	0.0936	benign
P13569	R29L	0.2263	benign
P13569	R29M	0.2609	benign
P13569	R29N	0.4915	ambiguous
P13569	R29P	0.8215	pathogenic
P13569	R29Q	0.0915	benign
P13569	R29S	0.3631	ambiguous
P13569	R29T	0.1849	benign
P13569	R29V	0.3216	benign
P13569	R29W	0.1701	benign
P13569	R29Y	0.3554	ambiguous
P13569	Q30A	0.2477	benign
P13569	Q30C	0.3862	ambiguous
P13569	Q30D	0.3419	ambiguous
P13569	Q30E	0.0855	benign
P13569	Q30F	0.5683	pathogenic
P13569	Q30G	0.1893	benign
P13569	Q30H	0.1506	benign
P13569	Q30I	0.3771	ambiguous
P13569	Q30K	0.0634	benign
P13569	Q30L	0.1526	benign
P13569	Q30M	0.361	ambiguous
P13569	Q30N	0.2333	benign
P13569	Q30P	0.4124	ambiguous
P13569	Q30R	0.0694	benign
P13569	Q30S	0.24	benign
P13569	Q30T	0.2001	benign
P13569	Q30V	0.2683	benign
P13569	Q30W	0.395	ambiguous
P13569	Q30Y	0.3277	benign
P13569	R31A	0.2606	benign
P13569	R31C	0.1079	benign
P13569	R31D	0.3742	ambiguous
P13569	R31E	0.2225	benign
P13569	R31F	0.3507	ambiguous
P13569	R31G	0.1501	benign
P13569	R31H	0.0699	benign
P13569	R31I	0.1949	benign
P13569	R31K	0.0864	benign
P13569	R31L	0.1732	benign
P13569	R31M	0.2525	benign
P13569	R31N	0.2688	benign
P13569	R31P	0.2185	benign
P13569	R31Q	0.0852	benign
P13569	R31S	0.2628	benign
P13569	R31T	0.1703	benign
P13569	R31V	0.2607	benign
P13569	R31W	0.1529	benign
P13569	R31Y	0.1927	benign
P13569	L32A	0.9057	pathogenic
P13569	L32C	0.946	pathogenic
P13569	L32D	0.9953	pathogenic
P13569	L32E	0.9681	pathogenic
P13569	L32F	0.6107	pathogenic
P13569	L32G	0.972	pathogenic
P13569	L32H	0.9454	pathogenic
P13569	L32I	0.2197	benign
P13569	L32K	0.9319	pathogenic
P13569	L32M	0.3275	benign
P13569	L32N	0.9768	pathogenic
P13569	L32P	0.906	pathogenic
P13569	L32Q	0.9162	pathogenic
P13569	L32R	0.8863	pathogenic
P13569	L32S	0.9757	pathogenic
P13569	L32T	0.8877	pathogenic
P13569	L32V	0.3306	benign
P13569	L32W	0.8425	pathogenic
P13569	L32Y	0.9252	pathogenic
P13569	E33A	0.1317	benign
P13569	E33C	0.7187	pathogenic
P13569	E33D	0.1345	benign
P13569	E33F	0.6735	pathogenic
P13569	E33G	0.1259	benign
P13569	E33H	0.3241	benign
P13569	E33I	0.3646	ambiguous
P13569	E33K	0.1175	benign
P13569	E33L	0.2975	benign
P13569	E33M	0.4011	ambiguous
P13569	E33N	0.1968	benign
P13569	E33P	0.7192	pathogenic
P13569	E33Q	0.0971	benign
P13569	E33R	0.1846	benign
P13569	E33S	0.1636	benign
P13569	E33T	0.1958	benign
P13569	E33V	0.1995	benign
P13569	E33W	0.8718	pathogenic
P13569	E33Y	0.5377	ambiguous
P13569	L34A	0.2867	benign
P13569	L34C	0.5659	pathogenic
P13569	L34D	0.6735	pathogenic
P13569	L34E	0.3976	ambiguous
P13569	L34F	0.1733	benign
P13569	L34G	0.5466	ambiguous
P13569	L34H	0.2983	benign
P13569	L34I	0.0865	benign
P13569	L34K	0.3034	benign
P13569	L34M	0.1347	benign
P13569	L34N	0.4182	ambiguous
P13569	L34P	0.1623	benign
P13569	L34Q	0.2214	benign
P13569	L34R	0.2177	benign
P13569	L34S	0.3687	ambiguous
P13569	L34T	0.2568	benign
P13569	L34V	0.1039	benign
P13569	L34W	0.3115	benign
P13569	L34Y	0.378	ambiguous
P13569	S35A	0.0732	benign
P13569	S35C	0.132	benign
P13569	S35D	0.3443	ambiguous
P13569	S35E	0.38	ambiguous
P13569	S35F	0.2449	benign
P13569	S35G	0.1138	benign
P13569	S35H	0.3404	ambiguous
P13569	S35I	0.2553	benign
P13569	S35K	0.4932	ambiguous
P13569	S35L	0.0955	benign
P13569	S35M	0.2136	benign
P13569	S35N	0.1862	benign
P13569	S35P	0.1947	benign
P13569	S35Q	0.4264	ambiguous
P13569	S35R	0.4642	ambiguous
P13569	S35T	0.0709	benign
P13569	S35V	0.2194	benign
P13569	S35W	0.3363	benign
P13569	S35Y	0.2153	benign
P13569	D36A	0.6947	pathogenic
P13569	D36C	0.9178	pathogenic
P13569	D36E	0.6905	pathogenic
P13569	D36F	0.96	pathogenic
P13569	D36G	0.7009	pathogenic
P13569	D36H	0.7108	pathogenic
P13569	D36I	0.9541	pathogenic
P13569	D36K	0.921	pathogenic
P13569	D36L	0.9445	pathogenic
P13569	D36M	0.9689	pathogenic
P13569	D36N	0.3166	benign
P13569	D36P	0.9853	pathogenic
P13569	D36Q	0.8536	pathogenic
P13569	D36R	0.9186	pathogenic
P13569	D36S	0.4501	ambiguous
P13569	D36T	0.8552	pathogenic
P13569	D36V	0.8502	pathogenic
P13569	D36W	0.9907	pathogenic
P13569	D36Y	0.7159	pathogenic
P13569	I37A	0.6094	pathogenic
P13569	I37C	0.7298	pathogenic
P13569	I37D	0.9294	pathogenic
P13569	I37E	0.9085	pathogenic
P13569	I37F	0.326	benign
P13569	I37G	0.8655	pathogenic
P13569	I37H	0.8163	pathogenic
P13569	I37K	0.807	pathogenic
P13569	I37L	0.1225	benign
P13569	I37M	0.164	benign
P13569	I37N	0.5713	pathogenic
P13569	I37P	0.9354	pathogenic
P13569	I37Q	0.8343	pathogenic
P13569	I37R	0.7109	pathogenic
P13569	I37S	0.5892	pathogenic
P13569	I37T	0.3447	ambiguous
P13569	I37V	0.0894	benign
P13569	I37W	0.9227	pathogenic
P13569	I37Y	0.7497	pathogenic
P13569	Y38A	0.8558	pathogenic
P13569	Y38C	0.2985	benign
P13569	Y38D	0.8207	pathogenic
P13569	Y38E	0.9391	pathogenic
P13569	Y38F	0.1133	benign
P13569	Y38G	0.8151	pathogenic
P13569	Y38H	0.3916	ambiguous
P13569	Y38I	0.7895	pathogenic
P13569	Y38K	0.931	pathogenic
P13569	Y38L	0.7162	pathogenic
P13569	Y38M	0.8716	pathogenic
P13569	Y38N	0.6236	pathogenic
P13569	Y38P	0.8241	pathogenic
P13569	Y38Q	0.8661	pathogenic
P13569	Y38R	0.8108	pathogenic
P13569	Y38S	0.5789	pathogenic
P13569	Y38T	0.8336	pathogenic
P13569	Y38V	0.7237	pathogenic
P13569	Y38W	0.5035	ambiguous
P13569	Q39A	0.2233	benign
P13569	Q39C	0.4512	ambiguous
P13569	Q39D	0.3375	benign
P13569	Q39E	0.0904	benign
P13569	Q39F	0.6154	pathogenic
P13569	Q39G	0.2445	benign
P13569	Q39H	0.1541	benign
P13569	Q39I	0.3845	ambiguous
P13569	Q39K	0.0883	benign
P13569	Q39L	0.1543	benign
P13569	Q39M	0.3814	ambiguous
P13569	Q39N	0.2516	benign
P13569	Q39P	0.148	benign
P13569	Q39R	0.0888	benign
P13569	Q39S	0.2364	benign
P13569	Q39T	0.1954	benign
P13569	Q39V	0.2625	benign
P13569	Q39W	0.505	ambiguous
P13569	Q39Y	0.3741	ambiguous
P13569	I40A	0.3012	benign
P13569	I40C	0.5958	pathogenic
P13569	I40D	0.8168	pathogenic
P13569	I40E	0.7579	pathogenic
P13569	I40F	0.2232	benign
P13569	I40G	0.6403	pathogenic
P13569	I40H	0.6647	pathogenic
P13569	I40K	0.6428	pathogenic
P13569	I40L	0.1126	benign
P13569	I40M	0.1171	benign
P13569	I40N	0.3079	benign
P13569	I40P	0.5905	pathogenic
P13569	I40Q	0.6428	pathogenic
P13569	I40R	0.5625	ambiguous
P13569	I40S	0.3016	benign
P13569	I40T	0.2509	benign
P13569	I40V	0.0775	benign
P13569	I40W	0.8709	pathogenic
P13569	I40Y	0.6087	pathogenic
P13569	P41A	0.0934	benign
P13569	P41C	0.2896	benign
P13569	P41D	0.3738	ambiguous
P13569	P41E	0.3406	ambiguous
P13569	P41F	0.4583	ambiguous
P13569	P41G	0.2813	benign
P13569	P41H	0.1518	benign
P13569	P41I	0.3849	ambiguous
P13569	P41K	0.3374	benign
P13569	P41L	0.1723	benign
P13569	P41M	0.4004	ambiguous
P13569	P41N	0.2759	benign
P13569	P41Q	0.1931	benign
P13569	P41R	0.1927	benign
P13569	P41S	0.0847	benign
P13569	P41T	0.1084	benign
P13569	P41V	0.2802	benign
P13569	P41W	0.558	ambiguous
P13569	P41Y	0.3588	ambiguous
P13569	S42A	0.0545	benign
P13569	S42C	0.1036	benign
P13569	S42D	0.2489	benign
P13569	S42E	0.2757	benign
P13569	S42F	0.1165	benign
P13569	S42G	0.0991	benign
P13569	S42H	0.2289	benign
P13569	S42I	0.115	benign
P13569	S42K	0.3761	ambiguous
P13569	S42L	0.0658	benign
P13569	S42M	0.1479	benign
P13569	S42N	0.1426	benign
P13569	S42P	0.0859	benign
P13569	S42Q	0.3141	benign
P13569	S42R	0.3265	benign
P13569	S42T	0.0698	benign
P13569	S42V	0.1053	benign
P13569	S42W	0.1997	benign
P13569	S42Y	0.12	benign
P13569	V43A	0.0485	benign
P13569	V43C	0.203	benign
P13569	V43D	0.0772	benign
P13569	V43E	0.0887	benign
P13569	V43F	0.0779	benign
P13569	V43G	0.0595	benign
P13569	V43H	0.1394	benign
P13569	V43I	0.0707	benign
P13569	V43K	0.0998	benign
P13569	V43L	0.0859	benign
P13569	V43M	0.0862	benign
P13569	V43N	0.0728	benign
P13569	V43P	0.1221	benign
P13569	V43Q	0.1075	benign
P13569	V43R	0.0883	benign
P13569	V43S	0.053	benign
P13569	V43T	0.0591	benign
P13569	V43W	0.2641	benign
P13569	V43Y	0.1542	benign
P13569	D44A	0.4676	ambiguous
P13569	D44C	0.7937	pathogenic
P13569	D44E	0.5695	pathogenic
P13569	D44F	0.7936	pathogenic
P13569	D44G	0.5282	ambiguous
P13569	D44H	0.5448	ambiguous
P13569	D44I	0.7292	pathogenic
P13569	D44K	0.8705	pathogenic
P13569	D44L	0.7486	pathogenic
P13569	D44M	0.8959	pathogenic
P13569	D44N	0.226	benign
P13569	D44P	0.9378	pathogenic
P13569	D44Q	0.763	pathogenic
P13569	D44R	0.8472	pathogenic
P13569	D44S	0.315	benign
P13569	D44T	0.6053	pathogenic
P13569	D44V	0.5403	ambiguous
P13569	D44W	0.9476	pathogenic
P13569	D44Y	0.4084	ambiguous
P13569	S45A	0.0734	benign
P13569	S45C	0.1031	benign
P13569	S45D	0.5091	ambiguous
P13569	S45E	0.5688	pathogenic
P13569	S45F	0.2498	benign
P13569	S45G	0.1223	benign
P13569	S45H	0.4159	ambiguous
P13569	S45I	0.269	benign
P13569	S45K	0.6676	pathogenic
P13569	S45L	0.0979	benign
P13569	S45M	0.2136	benign
P13569	S45N	0.2302	benign
P13569	S45P	0.7844	pathogenic
P13569	S45Q	0.539	ambiguous
P13569	S45R	0.5792	pathogenic
P13569	S45T	0.0791	benign
P13569	S45V	0.2214	benign
P13569	S45W	0.4385	ambiguous
P13569	S45Y	0.2166	benign
P13569	A46C	0.8967	pathogenic
P13569	A46D	0.9842	pathogenic
P13569	A46E	0.9781	pathogenic
P13569	A46F	0.9786	pathogenic
P13569	A46G	0.551	ambiguous
P13569	A46H	0.9882	pathogenic
P13569	A46I	0.9302	pathogenic
P13569	A46K	0.9942	pathogenic
P13569	A46L	0.8842	pathogenic
P13569	A46M	0.9183	pathogenic
P13569	A46N	0.9735	pathogenic
P13569	A46P	0.8669	pathogenic
P13569	A46Q	0.9747	pathogenic
P13569	A46R	0.9806	pathogenic
P13569	A46S	0.266	benign
P13569	A46T	0.5876	pathogenic
P13569	A46V	0.7172	pathogenic
P13569	A46W	0.9964	pathogenic
P13569	A46Y	0.9903	pathogenic
P13569	D47A	0.7102	pathogenic
P13569	D47C	0.9497	pathogenic
P13569	D47E	0.6765	pathogenic
P13569	D47F	0.9429	pathogenic
P13569	D47G	0.6257	pathogenic
P13569	D47H	0.8606	pathogenic
P13569	D47I	0.8979	pathogenic
P13569	D47K	0.9218	pathogenic
P13569	D47L	0.8991	pathogenic
P13569	D47M	0.9643	pathogenic
P13569	D47N	0.3751	ambiguous
P13569	D47P	0.9782	pathogenic
P13569	D47Q	0.9012	pathogenic
P13569	D47R	0.9104	pathogenic
P13569	D47S	0.5289	ambiguous
P13569	D47T	0.8233	pathogenic
P13569	D47V	0.7416	pathogenic
P13569	D47W	0.9896	pathogenic
P13569	D47Y	0.7319	pathogenic
P13569	N48A	0.1374	benign
P13569	N48C	0.1357	benign
P13569	N48D	0.0993	benign
P13569	N48E	0.212	benign
P13569	N48F	0.1901	benign
P13569	N48G	0.2244	benign
P13569	N48H	0.0588	benign
P13569	N48I	0.079	benign
P13569	N48K	0.1751	benign
P13569	N48L	0.121	benign
P13569	N48M	0.1822	benign
P13569	N48P	0.7341	pathogenic
P13569	N48Q	0.1981	benign
P13569	N48R	0.1745	benign
P13569	N48S	0.0754	benign
P13569	N48T	0.0738	benign
P13569	N48V	0.0915	benign
P13569	N48W	0.5325	ambiguous
P13569	N48Y	0.0747	benign
P13569	L49A	0.6674	pathogenic
P13569	L49C	0.7462	pathogenic
P13569	L49D	0.9799	pathogenic
P13569	L49E	0.8903	pathogenic
P13569	L49F	0.5628	ambiguous
P13569	L49G	0.9366	pathogenic
P13569	L49H	0.7891	pathogenic
P13569	L49I	0.1193	benign
P13569	L49K	0.883	pathogenic
P13569	L49M	0.2822	benign
P13569	L49N	0.8434	pathogenic
P13569	L49P	0.9757	pathogenic
P13569	L49Q	0.6843	pathogenic
P13569	L49R	0.7621	pathogenic
P13569	L49S	0.7942	pathogenic
P13569	L49T	0.5685	pathogenic
P13569	L49V	0.14	benign
P13569	L49W	0.8421	pathogenic
P13569	L49Y	0.8296	pathogenic
P13569	S50A	0.1072	benign
P13569	S50C	0.3206	benign
P13569	S50D	0.9766	pathogenic
P13569	S50E	0.9586	pathogenic
P13569	S50F	0.9057	pathogenic
P13569	S50G	0.2498	benign
P13569	S50H	0.9459	pathogenic
P13569	S50I	0.8851	pathogenic
P13569	S50K	0.994	pathogenic
P13569	S50L	0.568	pathogenic
P13569	S50M	0.7763	pathogenic
P13569	S50N	0.8738	pathogenic
P13569	S50P	0.9639	pathogenic
P13569	S50Q	0.9489	pathogenic
P13569	S50R	0.9852	pathogenic
P13569	S50T	0.3725	ambiguous
P13569	S50V	0.7744	pathogenic
P13569	S50W	0.9441	pathogenic
P13569	S50Y	0.8651	pathogenic
P13569	E51A	0.5824	pathogenic
P13569	E51C	0.9746	pathogenic
P13569	E51D	0.6017	pathogenic
P13569	E51F	0.9729	pathogenic
P13569	E51G	0.4658	ambiguous
P13569	E51H	0.919	pathogenic
P13569	E51I	0.8812	pathogenic
P13569	E51K	0.5428	ambiguous
P13569	E51L	0.8657	pathogenic
P13569	E51M	0.8794	pathogenic
P13569	E51N	0.841	pathogenic
P13569	E51P	0.9898	pathogenic
P13569	E51Q	0.4468	ambiguous
P13569	E51R	0.6794	pathogenic
P13569	E51S	0.7219	pathogenic
P13569	E51T	0.7975	pathogenic
P13569	E51V	0.7061	pathogenic
P13569	E51W	0.9872	pathogenic
P13569	E51Y	0.9509	pathogenic
P13569	K52A	0.2327	benign
P13569	K52C	0.4712	ambiguous
P13569	K52D	0.4603	ambiguous
P13569	K52E	0.129	benign
P13569	K52F	0.4538	ambiguous
P13569	K52G	0.4007	ambiguous
P13569	K52H	0.222	benign
P13569	K52I	0.1073	benign
P13569	K52L	0.1505	benign
P13569	K52M	0.0867	benign
P13569	K52N	0.24	benign
P13569	K52P	0.9032	pathogenic
P13569	K52Q	0.0956	benign
P13569	K52R	0.0751	benign
P13569	K52S	0.2868	benign
P13569	K52T	0.1044	benign
P13569	K52V	0.1344	benign
P13569	K52W	0.5552	ambiguous
P13569	K52Y	0.3443	ambiguous
P13569	L53A	0.9147	pathogenic
P13569	L53C	0.9485	pathogenic
P13569	L53D	0.9988	pathogenic
P13569	L53E	0.9901	pathogenic
P13569	L53F	0.6826	pathogenic
P13569	L53G	0.9854	pathogenic
P13569	L53H	0.9888	pathogenic
P13569	L53I	0.3746	ambiguous
P13569	L53K	0.9897	pathogenic
P13569	L53M	0.3782	ambiguous
P13569	L53N	0.9951	pathogenic
P13569	L53P	0.996	pathogenic
P13569	L53Q	0.9791	pathogenic
P13569	L53R	0.978	pathogenic
P13569	L53S	0.99	pathogenic
P13569	L53T	0.9131	pathogenic
P13569	L53V	0.3673	ambiguous
P13569	L53W	0.9254	pathogenic
P13569	L53Y	0.962	pathogenic
P13569	E54A	0.7446	pathogenic
P13569	E54C	0.9755	pathogenic
P13569	E54D	0.9211	pathogenic
P13569	E54F	0.9894	pathogenic
P13569	E54G	0.6759	pathogenic
P13569	E54H	0.9707	pathogenic
P13569	E54I	0.9539	pathogenic
P13569	E54K	0.8915	pathogenic
P13569	E54L	0.9487	pathogenic
P13569	E54M	0.9545	pathogenic
P13569	E54N	0.9691	pathogenic
P13569	E54P	0.9972	pathogenic
P13569	E54Q	0.6013	pathogenic
P13569	E54R	0.9032	pathogenic
P13569	E54S	0.8579	pathogenic
P13569	E54T	0.9189	pathogenic
P13569	E54V	0.8835	pathogenic
P13569	E54W	0.9953	pathogenic
P13569	E54Y	0.9809	pathogenic
P13569	R55A	0.6515	pathogenic
P13569	R55C	0.4216	ambiguous
P13569	R55D	0.8901	pathogenic
P13569	R55E	0.5076	ambiguous
P13569	R55F	0.8375	pathogenic
P13569	R55G	0.4844	ambiguous
P13569	R55H	0.2715	benign
P13569	R55I	0.4688	ambiguous
P13569	R55K	0.1511	benign
P13569	R55L	0.4998	ambiguous
P13569	R55M	0.434	ambiguous
P13569	R55N	0.8193	pathogenic
P13569	R55P	0.9872	pathogenic
P13569	R55Q	0.1725	benign
P13569	R55S	0.7875	pathogenic
P13569	R55T	0.503	ambiguous
P13569	R55V	0.583	pathogenic
P13569	R55W	0.3626	ambiguous
P13569	R55Y	0.6885	pathogenic
P13569	E56A	0.5759	pathogenic
P13569	E56C	0.9463	pathogenic
P13569	E56D	0.8907	pathogenic
P13569	E56F	0.9764	pathogenic
P13569	E56G	0.831	pathogenic
P13569	E56H	0.9136	pathogenic
P13569	E56I	0.9102	pathogenic
P13569	E56K	0.8802	pathogenic
P13569	E56L	0.9429	pathogenic
P13569	E56M	0.9152	pathogenic
P13569	E56N	0.8696	pathogenic
P13569	E56P	0.9967	pathogenic
P13569	E56Q	0.5094	ambiguous
P13569	E56R	0.9138	pathogenic
P13569	E56S	0.7865	pathogenic
P13569	E56T	0.8832	pathogenic
P13569	E56V	0.7748	pathogenic
P13569	E56W	0.9921	pathogenic
P13569	E56Y	0.9459	pathogenic
P13569	W57A	0.9865	pathogenic
P13569	W57C	0.9923	pathogenic
P13569	W57D	0.9991	pathogenic
P13569	W57E	0.9984	pathogenic
P13569	W57F	0.806	pathogenic
P13569	W57G	0.956	pathogenic
P13569	W57H	0.9941	pathogenic
P13569	W57I	0.9807	pathogenic
P13569	W57K	0.9988	pathogenic
P13569	W57L	0.9308	pathogenic
P13569	W57M	0.9803	pathogenic
P13569	W57N	0.9981	pathogenic
P13569	W57P	0.9998	pathogenic
P13569	W57Q	0.9987	pathogenic
P13569	W57R	0.997	pathogenic
P13569	W57S	0.9857	pathogenic
P13569	W57T	0.9902	pathogenic
P13569	W57V	0.9747	pathogenic
P13569	W57Y	0.8657	pathogenic
P13569	D58A	0.7732	pathogenic
P13569	D58C	0.9569	pathogenic
P13569	D58E	0.613	pathogenic
P13569	D58F	0.9492	pathogenic
P13569	D58G	0.6673	pathogenic
P13569	D58H	0.8543	pathogenic
P13569	D58I	0.8896	pathogenic
P13569	D58K	0.8987	pathogenic
P13569	D58L	0.8616	pathogenic
P13569	D58M	0.9574	pathogenic
P13569	D58N	0.4704	ambiguous
P13569	D58P	0.9944	pathogenic
P13569	D58Q	0.8765	pathogenic
P13569	D58R	0.8884	pathogenic
P13569	D58S	0.6818	pathogenic
P13569	D58T	0.8678	pathogenic
P13569	D58V	0.7238	pathogenic
P13569	D58W	0.985	pathogenic
P13569	D58Y	0.6528	pathogenic
P13569	R59A	0.632	pathogenic
P13569	R59C	0.3054	benign
P13569	R59D	0.8808	pathogenic
P13569	R59E	0.5338	ambiguous
P13569	R59F	0.7834	pathogenic
P13569	R59G	0.5137	ambiguous
P13569	R59H	0.185	benign
P13569	R59I	0.467	ambiguous
P13569	R59K	0.1435	benign
P13569	R59L	0.428	ambiguous
P13569	R59M	0.4785	ambiguous
P13569	R59N	0.78	pathogenic
P13569	R59P	0.9851	pathogenic
P13569	R59Q	0.1476	benign
P13569	R59S	0.741	pathogenic
P13569	R59T	0.4985	ambiguous
P13569	R59V	0.5904	pathogenic
P13569	R59W	0.3197	benign
P13569	R59Y	0.6241	pathogenic
P13569	E60A	0.8258	pathogenic
P13569	E60C	0.9834	pathogenic
P13569	E60D	0.9381	pathogenic
P13569	E60F	0.9941	pathogenic
P13569	E60G	0.9084	pathogenic
P13569	E60H	0.9775	pathogenic
P13569	E60I	0.9673	pathogenic
P13569	E60K	0.9595	pathogenic
P13569	E60L	0.9714	pathogenic
P13569	E60M	0.9724	pathogenic
P13569	E60N	0.9655	pathogenic
P13569	E60P	0.9968	pathogenic
P13569	E60Q	0.7689	pathogenic
P13569	E60R	0.9612	pathogenic
P13569	E60S	0.9209	pathogenic
P13569	E60T	0.9444	pathogenic
P13569	E60V	0.8826	pathogenic
P13569	E60W	0.9986	pathogenic
P13569	E60Y	0.9851	pathogenic
P13569	L61A	0.2124	benign
P13569	L61C	0.4853	ambiguous
P13569	L61D	0.7664	pathogenic
P13569	L61E	0.257	benign
P13569	L61F	0.2497	benign
P13569	L61G	0.5486	ambiguous
P13569	L61H	0.2771	benign
P13569	L61I	0.0764	benign
P13569	L61K	0.2055	benign
P13569	L61M	0.0997	benign
P13569	L61N	0.4003	ambiguous
P13569	L61P	0.9365	pathogenic
P13569	L61Q	0.1023	benign
P13569	L61R	0.1751	benign
P13569	L61S	0.2679	benign
P13569	L61T	0.1566	benign
P13569	L61V	0.0776	benign
P13569	L61W	0.3274	benign
P13569	L61Y	0.4727	ambiguous
P13569	A62C	0.6255	pathogenic
P13569	A62D	0.5404	ambiguous
P13569	A62E	0.4749	ambiguous
P13569	A62F	0.4993	ambiguous
P13569	A62G	0.2813	benign
P13569	A62H	0.6561	pathogenic
P13569	A62I	0.3471	ambiguous
P13569	A62K	0.7338	pathogenic
P13569	A62L	0.2821	benign
P13569	A62M	0.4173	ambiguous
P13569	A62N	0.4516	ambiguous
P13569	A62P	0.8121	pathogenic
P13569	A62Q	0.511	ambiguous
P13569	A62R	0.5874	pathogenic
P13569	A62S	0.1466	benign
P13569	A62T	0.1873	benign
P13569	A62V	0.1543	benign
P13569	A62W	0.8995	pathogenic
P13569	A62Y	0.6564	pathogenic
P13569	S63A	0.0802	benign
P13569	S63C	0.1529	benign
P13569	S63D	0.5761	pathogenic
P13569	S63E	0.5359	ambiguous
P13569	S63F	0.2926	benign
P13569	S63G	0.138	benign
P13569	S63H	0.5251	ambiguous
P13569	S63I	0.3174	benign
P13569	S63K	0.7106	pathogenic
P13569	S63L	0.1226	benign
P13569	S63M	0.3042	benign
P13569	S63N	0.3007	benign
P13569	S63P	0.7121	pathogenic
P13569	S63Q	0.5666	pathogenic
P13569	S63R	0.642	pathogenic
P13569	S63T	0.1103	benign
P13569	S63V	0.2546	benign
P13569	S63W	0.4425	ambiguous
P13569	S63Y	0.2672	benign
P13569	K64A	0.3288	benign
P13569	K64C	0.71	pathogenic
P13569	K64D	0.5929	pathogenic
P13569	K64E	0.1638	benign
P13569	K64F	0.863	pathogenic
P13569	K64G	0.3396	benign
P13569	K64H	0.4261	ambiguous
P13569	K64I	0.5787	pathogenic
P13569	K64L	0.4958	ambiguous
P13569	K64M	0.3895	ambiguous
P13569	K64N	0.4523	ambiguous
P13569	K64P	0.6993	pathogenic
P13569	K64Q	0.1425	benign
P13569	K64R	0.0854	benign
P13569	K64S	0.3478	ambiguous
P13569	K64T	0.2401	benign
P13569	K64V	0.4552	ambiguous
P13569	K64W	0.8439	pathogenic
P13569	K64Y	0.7544	pathogenic
P13569	K65A	0.2802	benign
P13569	K65C	0.7082	pathogenic
P13569	K65D	0.3024	benign
P13569	K65E	0.0986	benign
P13569	K65F	0.7838	pathogenic
P13569	K65G	0.2976	benign
P13569	K65H	0.3287	benign
P13569	K65I	0.3479	ambiguous
P13569	K65L	0.3921	ambiguous
P13569	K65M	0.2653	benign
P13569	K65N	0.2093	benign
P13569	K65P	0.4899	ambiguous
P13569	K65Q	0.1227	benign
P13569	K65R	0.0856	benign
P13569	K65S	0.2632	benign
P13569	K65T	0.1471	benign
P13569	K65V	0.3189	benign
P13569	K65W	0.7681	pathogenic
P13569	K65Y	0.5721	pathogenic
P13569	N66A	0.2244	benign
P13569	N66C	0.2725	benign
P13569	N66D	0.1298	benign
P13569	N66E	0.1972	benign
P13569	N66F	0.3778	ambiguous
P13569	N66G	0.325	benign
P13569	N66H	0.0843	benign
P13569	N66I	0.1383	benign
P13569	N66K	0.0968	benign
P13569	N66L	0.223	benign
P13569	N66M	0.2391	benign
P13569	N66P	0.4401	ambiguous
P13569	N66Q	0.1735	benign
P13569	N66R	0.1432	benign
P13569	N66S	0.1151	benign
P13569	N66T	0.116	benign
P13569	N66V	0.1567	benign
P13569	N66W	0.607	pathogenic
P13569	N66Y	0.1011	benign
P13569	P67A	0.2978	benign
P13569	P67C	0.8765	pathogenic
P13569	P67D	0.9703	pathogenic
P13569	P67E	0.9077	pathogenic
P13569	P67F	0.9548	pathogenic
P13569	P67G	0.8094	pathogenic
P13569	P67H	0.7836	pathogenic
P13569	P67I	0.8359	pathogenic
P13569	P67K	0.8707	pathogenic
P13569	P67L	0.6516	pathogenic
P13569	P67M	0.8983	pathogenic
P13569	P67N	0.9408	pathogenic
P13569	P67Q	0.7638	pathogenic
P13569	P67R	0.6932	pathogenic
P13569	P67S	0.6227	pathogenic
P13569	P67T	0.526	ambiguous
P13569	P67V	0.705	pathogenic
P13569	P67W	0.9665	pathogenic
P13569	P67Y	0.9304	pathogenic
P13569	K68A	0.252	benign
P13569	K68C	0.4915	ambiguous
P13569	K68D	0.5172	ambiguous
P13569	K68E	0.1614	benign
P13569	K68F	0.6098	pathogenic
P13569	K68G	0.3174	benign
P13569	K68H	0.2243	benign
P13569	K68I	0.3193	benign
P13569	K68L	0.2732	benign
P13569	K68M	0.224	benign
P13569	K68N	0.3107	benign
P13569	K68P	0.6639	pathogenic
P13569	K68Q	0.1083	benign
P13569	K68R	0.0664	benign
P13569	K68S	0.2707	benign
P13569	K68T	0.1573	benign
P13569	K68V	0.2514	benign
P13569	K68W	0.5973	pathogenic
P13569	K68Y	0.4508	ambiguous
P13569	L69A	0.9167	pathogenic
P13569	L69C	0.932	pathogenic
P13569	L69D	0.9973	pathogenic
P13569	L69E	0.9857	pathogenic
P13569	L69F	0.5292	ambiguous
P13569	L69G	0.9737	pathogenic
P13569	L69H	0.9738	pathogenic
P13569	L69I	0.2894	benign
P13569	L69K	0.9765	pathogenic
P13569	L69M	0.3388	benign
P13569	L69N	0.9879	pathogenic
P13569	L69P	0.9648	pathogenic
P13569	L69Q	0.9666	pathogenic
P13569	L69R	0.9607	pathogenic
P13569	L69S	0.9865	pathogenic
P13569	L69T	0.9326	pathogenic
P13569	L69V	0.3373	benign
P13569	L69W	0.8823	pathogenic
P13569	L69Y	0.9212	pathogenic
P13569	I70A	0.2745	benign
P13569	I70C	0.5261	ambiguous
P13569	I70D	0.7808	pathogenic
P13569	I70E	0.5916	pathogenic
P13569	I70F	0.0889	benign
P13569	I70G	0.4305	ambiguous
P13569	I70H	0.451	ambiguous
P13569	I70K	0.2964	benign
P13569	I70L	0.0796	benign
P13569	I70M	0.0866	benign
P13569	I70N	0.3384	benign
P13569	I70P	0.6053	pathogenic
P13569	I70Q	0.3861	ambiguous
P13569	I70R	0.2079	benign
P13569	I70S	0.2718	benign
P13569	I70T	0.22	benign
P13569	I70V	0.0856	benign
P13569	I70W	0.4308	ambiguous
P13569	I70Y	0.3208	benign
P13569	N71A	0.1622	benign
P13569	N71C	0.1715	benign
P13569	N71D	0.1416	benign
P13569	N71E	0.3707	ambiguous
P13569	N71F	0.2687	benign
P13569	N71G	0.2264	benign
P13569	N71H	0.057	benign
P13569	N71I	0.1437	benign
P13569	N71K	0.1638	benign
P13569	N71L	0.1652	benign
P13569	N71M	0.2742	benign
P13569	N71P	0.4662	ambiguous
P13569	N71Q	0.2351	benign
P13569	N71R	0.1588	benign
P13569	N71S	0.0794	benign
P13569	N71T	0.1166	benign
P13569	N71V	0.1547	benign
P13569	N71W	0.4791	ambiguous
P13569	N71Y	0.0785	benign
P13569	A72C	0.8515	pathogenic
P13569	A72D	0.9863	pathogenic
P13569	A72E	0.9829	pathogenic
P13569	A72F	0.9786	pathogenic
P13569	A72G	0.5118	ambiguous
P13569	A72H	0.9868	pathogenic
P13569	A72I	0.8711	pathogenic
P13569	A72K	0.9946	pathogenic
P13569	A72L	0.8525	pathogenic
P13569	A72M	0.9227	pathogenic
P13569	A72N	0.9646	pathogenic
P13569	A72P	0.9151	pathogenic
P13569	A72Q	0.974	pathogenic
P13569	A72R	0.9772	pathogenic
P13569	A72S	0.2667	benign
P13569	A72T	0.5331	ambiguous
P13569	A72V	0.5863	pathogenic
P13569	A72W	0.9975	pathogenic
P13569	A72Y	0.9891	pathogenic
P13569	L73A	0.7944	pathogenic
P13569	L73C	0.8551	pathogenic
P13569	L73D	0.9972	pathogenic
P13569	L73E	0.9736	pathogenic
P13569	L73F	0.3685	ambiguous
P13569	L73G	0.9689	pathogenic
P13569	L73H	0.9478	pathogenic
P13569	L73I	0.1263	benign
P13569	L73K	0.9711	pathogenic
P13569	L73M	0.1946	benign
P13569	L73N	0.9743	pathogenic
P13569	L73P	0.9875	pathogenic
P13569	L73Q	0.8908	pathogenic
P13569	L73R	0.9507	pathogenic
P13569	L73S	0.9022	pathogenic
P13569	L73T	0.7698	pathogenic
P13569	L73V	0.1663	benign
P13569	L73W	0.8036	pathogenic
P13569	L73Y	0.9099	pathogenic
P13569	R74A	0.3738	ambiguous
P13569	R74C	0.1517	benign
P13569	R74D	0.8611	pathogenic
P13569	R74E	0.4059	ambiguous
P13569	R74F	0.5144	ambiguous
P13569	R74G	0.1987	benign
P13569	R74H	0.1424	benign
P13569	R74I	0.3447	ambiguous
P13569	R74K	0.1064	benign
P13569	R74L	0.2768	benign
P13569	R74M	0.3661	ambiguous
P13569	R74N	0.6313	pathogenic
P13569	R74P	0.8196	pathogenic
P13569	R74Q	0.0821	benign
P13569	R74S	0.409	ambiguous
P13569	R74T	0.311	benign
P13569	R74V	0.4218	ambiguous
P13569	R74W	0.1405	benign
P13569	R74Y	0.3408	ambiguous
P13569	R75A	0.7749	pathogenic
P13569	R75C	0.3004	benign
P13569	R75D	0.8862	pathogenic
P13569	R75E	0.6784	pathogenic
P13569	R75F	0.8565	pathogenic
P13569	R75G	0.5435	ambiguous
P13569	R75H	0.19	benign
P13569	R75I	0.6204	pathogenic
P13569	R75K	0.2337	benign
P13569	R75L	0.5692	pathogenic
P13569	R75M	0.717	pathogenic
P13569	R75N	0.77	pathogenic
P13569	R75P	0.9521	pathogenic
P13569	R75Q	0.1994	benign
P13569	R75S	0.7752	pathogenic
P13569	R75T	0.6701	pathogenic
P13569	R75V	0.7327	pathogenic
P13569	R75W	0.3872	ambiguous
P13569	R75Y	0.6435	pathogenic
P13569	C76A	0.5346	ambiguous
P13569	C76D	0.9322	pathogenic
P13569	C76E	0.9448	pathogenic
P13569	C76F	0.618	pathogenic
P13569	C76G	0.3493	ambiguous
P13569	C76H	0.8145	pathogenic
P13569	C76I	0.6842	pathogenic
P13569	C76K	0.9564	pathogenic
P13569	C76L	0.6862	pathogenic
P13569	C76M	0.827	pathogenic
P13569	C76N	0.7216	pathogenic
P13569	C76P	0.9768	pathogenic
P13569	C76Q	0.8739	pathogenic
P13569	C76R	0.7733	pathogenic
P13569	C76S	0.3478	ambiguous
P13569	C76T	0.4986	ambiguous
P13569	C76V	0.5587	ambiguous
P13569	C76W	0.852	pathogenic
P13569	C76Y	0.6657	pathogenic
P13569	F77A	0.9186	pathogenic
P13569	F77C	0.6714	pathogenic
P13569	F77D	0.9791	pathogenic
P13569	F77E	0.988	pathogenic
P13569	F77G	0.9517	pathogenic
P13569	F77H	0.8474	pathogenic
P13569	F77I	0.6674	pathogenic
P13569	F77K	0.9877	pathogenic
P13569	F77L	0.9539	pathogenic
P13569	F77M	0.8928	pathogenic
P13569	F77N	0.9072	pathogenic
P13569	F77P	0.9959	pathogenic
P13569	F77Q	0.9714	pathogenic
P13569	F77R	0.9611	pathogenic
P13569	F77S	0.8138	pathogenic
P13569	F77T	0.9069	pathogenic
P13569	F77V	0.6032	pathogenic
P13569	F77W	0.787	pathogenic
P13569	F77Y	0.236	benign
P13569	F78A	0.2926	benign
P13569	F78C	0.2062	benign
P13569	F78D	0.9141	pathogenic
P13569	F78E	0.9278	pathogenic
P13569	F78G	0.481	ambiguous
P13569	F78H	0.7063	pathogenic
P13569	F78I	0.1088	benign
P13569	F78K	0.8814	pathogenic
P13569	F78L	0.4463	ambiguous
P13569	F78M	0.3675	ambiguous
P13569	F78N	0.7632	pathogenic
P13569	F78P	0.8716	pathogenic
P13569	F78Q	0.8045	pathogenic
P13569	F78R	0.7371	pathogenic
P13569	F78S	0.2699	benign
P13569	F78T	0.3934	ambiguous
P13569	F78V	0.1231	benign
P13569	F78W	0.4175	ambiguous
P13569	F78Y	0.2113	benign
P13569	W79A	0.3021	benign
P13569	W79C	0.4751	ambiguous
P13569	W79D	0.7613	pathogenic
P13569	W79E	0.6819	pathogenic
P13569	W79F	0.2442	benign
P13569	W79G	0.1145	benign
P13569	W79H	0.5173	ambiguous
P13569	W79I	0.4163	ambiguous
P13569	W79K	0.4153	ambiguous
P13569	W79L	0.1941	benign
P13569	W79M	0.4746	ambiguous
P13569	W79N	0.6687	pathogenic
P13569	W79P	0.4613	ambiguous
P13569	W79Q	0.4765	ambiguous
P13569	W79R	0.3319	benign
P13569	W79S	0.2143	benign
P13569	W79T	0.3221	benign
P13569	W79V	0.3563	ambiguous
P13569	W79Y	0.3831	ambiguous
P13569	R80A	0.2167	benign
P13569	R80C	0.2077	benign
P13569	R80D	0.3556	ambiguous
P13569	R80E	0.1678	benign
P13569	R80F	0.4166	ambiguous
P13569	R80G	0.112	benign
P13569	R80H	0.1203	benign
P13569	R80I	0.1651	benign
P13569	R80K	0.0613	benign
P13569	R80L	0.1779	benign
P13569	R80M	0.1701	benign
P13569	R80N	0.2439	benign
P13569	R80P	0.1837	benign
P13569	R80Q	0.0902	benign
P13569	R80S	0.1994	benign
P13569	R80T	0.1251	benign
P13569	R80V	0.2291	benign
P13569	R80W	0.1556	benign
P13569	R80Y	0.2831	benign
P13569	F81A	0.9218	pathogenic
P13569	F81C	0.7642	pathogenic
P13569	F81D	0.9908	pathogenic
P13569	F81E	0.9894	pathogenic
P13569	F81G	0.953	pathogenic
P13569	F81H	0.9623	pathogenic
P13569	F81I	0.5914	pathogenic
P13569	F81K	0.9929	pathogenic
P13569	F81L	0.9485	pathogenic
P13569	F81M	0.8008	pathogenic
P13569	F81N	0.9519	pathogenic
P13569	F81P	0.9971	pathogenic
P13569	F81Q	0.9847	pathogenic
P13569	F81R	0.9863	pathogenic
P13569	F81S	0.9072	pathogenic
P13569	F81T	0.8928	pathogenic
P13569	F81V	0.5489	ambiguous
P13569	F81W	0.8157	pathogenic
P13569	F81Y	0.415	ambiguous
P13569	M82A	0.1138	benign
P13569	M82C	0.406	ambiguous
P13569	M82D	0.9014	pathogenic
P13569	M82E	0.7467	pathogenic
P13569	M82F	0.1559	benign
P13569	M82G	0.259	benign
P13569	M82H	0.685	pathogenic
P13569	M82I	0.1212	benign
P13569	M82K	0.5055	ambiguous
P13569	M82L	0.0698	benign
P13569	M82N	0.53	ambiguous
P13569	M82P	0.6561	pathogenic
P13569	M82Q	0.4989	ambiguous
P13569	M82R	0.4517	ambiguous
P13569	M82S	0.1662	benign
P13569	M82T	0.079	benign
P13569	M82V	0.0637	benign
P13569	M82W	0.4871	ambiguous
P13569	M82Y	0.529	ambiguous
P13569	F83A	0.1577	benign
P13569	F83C	0.1001	benign
P13569	F83D	0.6921	pathogenic
P13569	F83E	0.7052	pathogenic
P13569	F83G	0.2243	benign
P13569	F83H	0.5021	ambiguous
P13569	F83I	0.0617	benign
P13569	F83K	0.5458	ambiguous
P13569	F83L	0.2982	benign
P13569	F83M	0.2284	benign
P13569	F83N	0.4079	ambiguous
P13569	F83P	0.6019	pathogenic
P13569	F83Q	0.5416	ambiguous
P13569	F83R	0.408	ambiguous
P13569	F83S	0.1451	benign
P13569	F83T	0.1803	benign
P13569	F83V	0.0659	benign
P13569	F83W	0.2545	benign
P13569	F83Y	0.1487	benign
P13569	Y84A	0.3779	ambiguous
P13569	Y84C	0.0777	benign
P13569	Y84D	0.4296	ambiguous
P13569	Y84E	0.7367	pathogenic
P13569	Y84F	0.0905	benign
P13569	Y84G	0.3903	ambiguous
P13569	Y84H	0.1403	benign
P13569	Y84I	0.4921	ambiguous
P13569	Y84K	0.7229	pathogenic
P13569	Y84L	0.3315	benign
P13569	Y84M	0.6231	pathogenic
P13569	Y84N	0.2146	benign
P13569	Y84P	0.7149	pathogenic
P13569	Y84Q	0.5083	ambiguous
P13569	Y84R	0.5142	ambiguous
P13569	Y84S	0.1586	benign
P13569	Y84T	0.3918	ambiguous
P13569	Y84V	0.4093	ambiguous
P13569	Y84W	0.2845	benign
P13569	G85A	0.5114	ambiguous
P13569	G85C	0.9037	pathogenic
P13569	G85D	0.99	pathogenic
P13569	G85E	0.9881	pathogenic
P13569	G85F	0.9872	pathogenic
P13569	G85H	0.9955	pathogenic
P13569	G85I	0.9724	pathogenic
P13569	G85K	0.9971	pathogenic
P13569	G85L	0.9849	pathogenic
P13569	G85M	0.9854	pathogenic
P13569	G85N	0.9875	pathogenic
P13569	G85P	0.9974	pathogenic
P13569	G85Q	0.9897	pathogenic
P13569	G85R	0.9897	pathogenic
P13569	G85S	0.5582	ambiguous
P13569	G85T	0.915	pathogenic
P13569	G85V	0.9376	pathogenic
P13569	G85W	0.9835	pathogenic
P13569	G85Y	0.9926	pathogenic
P13569	I86A	0.2652	benign
P13569	I86C	0.4036	ambiguous
P13569	I86D	0.9255	pathogenic
P13569	I86E	0.9168	pathogenic
P13569	I86F	0.0923	benign
P13569	I86G	0.4338	ambiguous
P13569	I86H	0.8326	pathogenic
P13569	I86K	0.8704	pathogenic
P13569	I86L	0.0849	benign
P13569	I86M	0.1008	benign
P13569	I86N	0.5295	ambiguous
P13569	I86P	0.8666	pathogenic
P13569	I86Q	0.8415	pathogenic
P13569	I86R	0.7949	pathogenic
P13569	I86S	0.3107	benign
P13569	I86T	0.2659	benign
P13569	I86V	0.0758	benign
P13569	I86W	0.781	pathogenic
P13569	I86Y	0.5571	ambiguous
P13569	F87A	0.16	benign
P13569	F87C	0.1138	benign
P13569	F87D	0.8269	pathogenic
P13569	F87E	0.7878	pathogenic
P13569	F87G	0.293	benign
P13569	F87H	0.5451	ambiguous
P13569	F87I	0.0457	benign
P13569	F87K	0.749	pathogenic
P13569	F87L	0.0744	benign
P13569	F87M	0.0867	benign
P13569	F87N	0.4775	ambiguous
P13569	F87P	0.4082	ambiguous
P13569	F87Q	0.5654	pathogenic
P13569	F87R	0.6284	pathogenic
P13569	F87S	0.179	benign
P13569	F87T	0.1795	benign
P13569	F87V	0.058	benign
P13569	F87W	0.2584	benign
P13569	F87Y	0.2214	benign
P13569	L88A	0.8516	pathogenic
P13569	L88C	0.848	pathogenic
P13569	L88D	0.9954	pathogenic
P13569	L88E	0.9718	pathogenic
P13569	L88F	0.5005	ambiguous
P13569	L88G	0.955	pathogenic
P13569	L88H	0.8916	pathogenic
P13569	L88I	0.282	benign
P13569	L88K	0.9628	pathogenic
P13569	L88M	0.316	benign
P13569	L88N	0.9536	pathogenic
P13569	L88P	0.9706	pathogenic
P13569	L88Q	0.8285	pathogenic
P13569	L88R	0.9048	pathogenic
P13569	L88S	0.8907	pathogenic
P13569	L88T	0.8085	pathogenic
P13569	L88V	0.3493	ambiguous
P13569	L88W	0.8368	pathogenic
P13569	L88Y	0.8875	pathogenic
P13569	Y89A	0.7414	pathogenic
P13569	Y89C	0.3394	benign
P13569	Y89D	0.9515	pathogenic
P13569	Y89E	0.9792	pathogenic
P13569	Y89F	0.1132	benign
P13569	Y89G	0.6668	pathogenic
P13569	Y89H	0.8237	pathogenic
P13569	Y89I	0.7075	pathogenic
P13569	Y89K	0.9893	pathogenic
P13569	Y89L	0.3881	ambiguous
P13569	Y89M	0.7492	pathogenic
P13569	Y89N	0.7898	pathogenic
P13569	Y89P	0.9687	pathogenic
P13569	Y89Q	0.9567	pathogenic
P13569	Y89R	0.9756	pathogenic
P13569	Y89S	0.5436	ambiguous
P13569	Y89T	0.7808	pathogenic
P13569	Y89V	0.5637	ambiguous
P13569	Y89W	0.6349	pathogenic
P13569	L90A	0.1791	benign
P13569	L90C	0.3977	ambiguous
P13569	L90D	0.9754	pathogenic
P13569	L90E	0.9076	pathogenic
P13569	L90F	0.0795	benign
P13569	L90G	0.4994	ambiguous
P13569	L90H	0.8189	pathogenic
P13569	L90I	0.0958	benign
P13569	L90K	0.9418	pathogenic
P13569	L90M	0.1168	benign
P13569	L90N	0.8761	pathogenic
P13569	L90P	0.8312	pathogenic
P13569	L90Q	0.7617	pathogenic
P13569	L90R	0.8736	pathogenic
P13569	L90S	0.3724	ambiguous
P13569	L90T	0.2328	benign
P13569	L90V	0.105	benign
P13569	L90W	0.4078	ambiguous
P13569	L90Y	0.674	pathogenic
P13569	G91A	0.1788	benign
P13569	G91C	0.5259	ambiguous
P13569	G91D	0.9533	pathogenic
P13569	G91E	0.9045	pathogenic
P13569	G91F	0.9491	pathogenic
P13569	G91H	0.9764	pathogenic
P13569	G91I	0.6302	pathogenic
P13569	G91K	0.984	pathogenic
P13569	G91L	0.8271	pathogenic
P13569	G91M	0.8402	pathogenic
P13569	G91N	0.9165	pathogenic
P13569	G91P	0.9822	pathogenic
P13569	G91Q	0.9238	pathogenic
P13569	G91R	0.9474	pathogenic
P13569	G91S	0.2674	benign
P13569	G91T	0.4592	ambiguous
P13569	G91V	0.395	ambiguous
P13569	G91W	0.9327	pathogenic
P13569	G91Y	0.9567	pathogenic
P13569	E92A	0.8882	pathogenic
P13569	E92C	0.9935	pathogenic
P13569	E92D	0.8745	pathogenic
P13569	E92F	0.9924	pathogenic
P13569	E92G	0.8859	pathogenic
P13569	E92H	0.9886	pathogenic
P13569	E92I	0.9695	pathogenic
P13569	E92K	0.9443	pathogenic
P13569	E92L	0.9828	pathogenic
P13569	E92M	0.9739	pathogenic
P13569	E92N	0.9579	pathogenic
P13569	E92P	0.9975	pathogenic
P13569	E92Q	0.8699	pathogenic
P13569	E92R	0.9664	pathogenic
P13569	E92S	0.9184	pathogenic
P13569	E92T	0.9459	pathogenic
P13569	E92V	0.9244	pathogenic
P13569	E92W	0.9974	pathogenic
P13569	E92Y	0.9884	pathogenic
P13569	V93A	0.2675	benign
P13569	V93C	0.8365	pathogenic
P13569	V93D	0.9355	pathogenic
P13569	V93E	0.8952	pathogenic
P13569	V93F	0.2432	benign
P13569	V93G	0.3824	ambiguous
P13569	V93H	0.9695	pathogenic
P13569	V93I	0.0863	benign
P13569	V93K	0.9571	pathogenic
P13569	V93L	0.3637	ambiguous
P13569	V93M	0.2253	benign
P13569	V93N	0.8106	pathogenic
P13569	V93P	0.9806	pathogenic
P13569	V93Q	0.9125	pathogenic
P13569	V93R	0.943	pathogenic
P13569	V93S	0.4986	ambiguous
P13569	V93T	0.3879	ambiguous
P13569	V93W	0.9445	pathogenic
P13569	V93Y	0.8512	pathogenic
P13569	T94A	0.4794	ambiguous
P13569	T94C	0.8507	pathogenic
P13569	T94D	0.9881	pathogenic
P13569	T94E	0.9835	pathogenic
P13569	T94F	0.9416	pathogenic
P13569	T94G	0.6977	pathogenic
P13569	T94H	0.9753	pathogenic
P13569	T94I	0.9329	pathogenic
P13569	T94K	0.9855	pathogenic
P13569	T94L	0.7043	pathogenic
P13569	T94M	0.4847	ambiguous
P13569	T94N	0.8828	pathogenic
P13569	T94P	0.877	pathogenic
P13569	T94Q	0.9502	pathogenic
P13569	T94R	0.9787	pathogenic
P13569	T94S	0.3409	ambiguous
P13569	T94V	0.8142	pathogenic
P13569	T94W	0.9917	pathogenic
P13569	T94Y	0.9861	pathogenic
P13569	K95A	0.964	pathogenic
P13569	K95C	0.987	pathogenic
P13569	K95D	0.9921	pathogenic
P13569	K95E	0.9585	pathogenic
P13569	K95F	0.9955	pathogenic
P13569	K95G	0.9721	pathogenic
P13569	K95H	0.9369	pathogenic
P13569	K95I	0.9704	pathogenic
P13569	K95L	0.9525	pathogenic
P13569	K95M	0.9302	pathogenic
P13569	K95N	0.9858	pathogenic
P13569	K95P	0.987	pathogenic
P13569	K95Q	0.8688	pathogenic
P13569	K95R	0.2461	benign
P13569	K95S	0.9792	pathogenic
P13569	K95T	0.9311	pathogenic
P13569	K95V	0.9417	pathogenic
P13569	K95W	0.9926	pathogenic
P13569	K95Y	0.9868	pathogenic
P13569	A96C	0.8139	pathogenic
P13569	A96D	0.9652	pathogenic
P13569	A96E	0.9475	pathogenic
P13569	A96F	0.9308	pathogenic
P13569	A96G	0.3437	ambiguous
P13569	A96H	0.979	pathogenic
P13569	A96I	0.8151	pathogenic
P13569	A96K	0.9937	pathogenic
P13569	A96L	0.7775	pathogenic
P13569	A96M	0.7508	pathogenic
P13569	A96N	0.9003	pathogenic
P13569	A96P	0.9581	pathogenic
P13569	A96Q	0.9503	pathogenic
P13569	A96R	0.9877	pathogenic
P13569	A96S	0.1247	benign
P13569	A96T	0.2414	benign
P13569	A96V	0.4594	ambiguous
P13569	A96W	0.9918	pathogenic
P13569	A96Y	0.9661	pathogenic
P13569	V97A	0.5371	ambiguous
P13569	V97C	0.9228	pathogenic
P13569	V97D	0.9805	pathogenic
P13569	V97E	0.9557	pathogenic
P13569	V97F	0.4192	ambiguous
P13569	V97G	0.6669	pathogenic
P13569	V97H	0.9872	pathogenic
P13569	V97I	0.1012	benign
P13569	V97K	0.9798	pathogenic
P13569	V97L	0.5132	ambiguous
P13569	V97M	0.4222	ambiguous
P13569	V97N	0.9397	pathogenic
P13569	V97P	0.9803	pathogenic
P13569	V97Q	0.9497	pathogenic
P13569	V97R	0.9653	pathogenic
P13569	V97S	0.7317	pathogenic
P13569	V97T	0.6047	pathogenic
P13569	V97W	0.9821	pathogenic
P13569	V97Y	0.9501	pathogenic
P13569	Q98A	0.6988	pathogenic
P13569	Q98C	0.991	pathogenic
P13569	Q98D	0.9948	pathogenic
P13569	Q98E	0.5685	pathogenic
P13569	Q98F	0.9765	pathogenic
P13569	Q98G	0.7941	pathogenic
P13569	Q98H	0.9706	pathogenic
P13569	Q98I	0.8632	pathogenic
P13569	Q98K	0.9289	pathogenic
P13569	Q98L	0.6719	pathogenic
P13569	Q98M	0.732	pathogenic
P13569	Q98N	0.9105	pathogenic
P13569	Q98P	0.8579	pathogenic
P13569	Q98R	0.9376	pathogenic
P13569	Q98S	0.6331	pathogenic
P13569	Q98T	0.7367	pathogenic
P13569	Q98V	0.8251	pathogenic
P13569	Q98W	0.9945	pathogenic
P13569	Q98Y	0.9846	pathogenic
P13569	P99A	0.9315	pathogenic
P13569	P99C	0.9975	pathogenic
P13569	P99D	0.9969	pathogenic
P13569	P99E	0.9961	pathogenic
P13569	P99F	0.9979	pathogenic
P13569	P99G	0.9784	pathogenic
P13569	P99H	0.9929	pathogenic
P13569	P99I	0.9928	pathogenic
P13569	P99K	0.9983	pathogenic
P13569	P99L	0.9651	pathogenic
P13569	P99M	0.9941	pathogenic
P13569	P99N	0.9956	pathogenic
P13569	P99Q	0.9932	pathogenic
P13569	P99R	0.9933	pathogenic
P13569	P99S	0.9766	pathogenic
P13569	P99T	0.9665	pathogenic
P13569	P99V	0.9744	pathogenic
P13569	P99W	0.9994	pathogenic
P13569	P99Y	0.9967	pathogenic
P13569	L100A	0.5231	ambiguous
P13569	L100C	0.8709	pathogenic
P13569	L100D	0.9601	pathogenic
P13569	L100E	0.706	pathogenic
P13569	L100F	0.2921	benign
P13569	L100G	0.855	pathogenic
P13569	L100H	0.6469	pathogenic
P13569	L100I	0.1392	benign
P13569	L100K	0.6562	pathogenic
P13569	L100M	0.2022	benign
P13569	L100N	0.8047	pathogenic
P13569	L100P	0.8429	pathogenic
P13569	L100Q	0.3502	ambiguous
P13569	L100R	0.5556	ambiguous
P13569	L100S	0.6273	pathogenic
P13569	L100T	0.5183	ambiguous
P13569	L100V	0.1259	benign
P13569	L100W	0.583	pathogenic
P13569	L100Y	0.6374	pathogenic
P13569	L101A	0.8239	pathogenic
P13569	L101C	0.7649	pathogenic
P13569	L101D	0.9972	pathogenic
P13569	L101E	0.9844	pathogenic
P13569	L101F	0.3353	benign
P13569	L101G	0.9572	pathogenic
P13569	L101H	0.95	pathogenic
P13569	L101I	0.2593	benign
P13569	L101K	0.9877	pathogenic
P13569	L101M	0.3336	benign
P13569	L101N	0.9758	pathogenic
P13569	L101P	0.9772	pathogenic
P13569	L101Q	0.9265	pathogenic
P13569	L101R	0.9662	pathogenic
P13569	L101S	0.9288	pathogenic
P13569	L101T	0.8774	pathogenic
P13569	L101V	0.3417	ambiguous
P13569	L101W	0.834	pathogenic
P13569	L101Y	0.8793	pathogenic
P13569	L102A	0.803	pathogenic
P13569	L102C	0.9699	pathogenic
P13569	L102D	0.9949	pathogenic
P13569	L102E	0.964	pathogenic
P13569	L102F	0.852	pathogenic
P13569	L102G	0.9481	pathogenic
P13569	L102H	0.9651	pathogenic
P13569	L102I	0.5475	ambiguous
P13569	L102K	0.9725	pathogenic
P13569	L102M	0.5386	ambiguous
P13569	L102N	0.9619	pathogenic
P13569	L102P	0.9848	pathogenic
P13569	L102Q	0.9061	pathogenic
P13569	L102R	0.952	pathogenic
P13569	L102S	0.8512	pathogenic
P13569	L102T	0.7561	pathogenic
P13569	L102V	0.6212	pathogenic
P13569	L102W	0.945	pathogenic
P13569	L102Y	0.9683	pathogenic
P13569	G103A	0.8182	pathogenic
P13569	G103C	0.9716	pathogenic
P13569	G103D	0.9736	pathogenic
P13569	G103E	0.9585	pathogenic
P13569	G103F	0.9914	pathogenic
P13569	G103H	0.9938	pathogenic
P13569	G103I	0.9844	pathogenic
P13569	G103K	0.9934	pathogenic
P13569	G103L	0.9845	pathogenic
P13569	G103M	0.9917	pathogenic
P13569	G103N	0.9807	pathogenic
P13569	G103P	0.9962	pathogenic
P13569	G103Q	0.9797	pathogenic
P13569	G103R	0.9826	pathogenic
P13569	G103S	0.742	pathogenic
P13569	G103T	0.9523	pathogenic
P13569	G103V	0.9646	pathogenic
P13569	G103W	0.9729	pathogenic
P13569	G103Y	0.9893	pathogenic
P13569	R104A	0.9344	pathogenic
P13569	R104C	0.7335	pathogenic
P13569	R104D	0.9694	pathogenic
P13569	R104E	0.7804	pathogenic
P13569	R104F	0.9685	pathogenic
P13569	R104G	0.8448	pathogenic
P13569	R104H	0.459	ambiguous
P13569	R104I	0.9111	pathogenic
P13569	R104K	0.3432	ambiguous
P13569	R104L	0.8479	pathogenic
P13569	R104M	0.8859	pathogenic
P13569	R104N	0.9397	pathogenic
P13569	R104P	0.9906	pathogenic
P13569	R104Q	0.3016	benign
P13569	R104S	0.9329	pathogenic
P13569	R104T	0.8949	pathogenic
P13569	R104V	0.9321	pathogenic
P13569	R104W	0.6564	pathogenic
P13569	R104Y	0.8936	pathogenic
P13569	I105A	0.9676	pathogenic
P13569	I105C	0.988	pathogenic
P13569	I105D	0.9968	pathogenic
P13569	I105E	0.9901	pathogenic
P13569	I105F	0.8111	pathogenic
P13569	I105G	0.9927	pathogenic
P13569	I105H	0.994	pathogenic
P13569	I105K	0.9839	pathogenic
P13569	I105L	0.4265	ambiguous
P13569	I105M	0.3624	ambiguous
P13569	I105N	0.9564	pathogenic
P13569	I105P	0.9969	pathogenic
P13569	I105Q	0.9871	pathogenic
P13569	I105R	0.9808	pathogenic
P13569	I105S	0.9646	pathogenic
P13569	I105T	0.9513	pathogenic
P13569	I105V	0.2588	benign
P13569	I105W	0.993	pathogenic
P13569	I105Y	0.972	pathogenic
P13569	I106A	0.9181	pathogenic
P13569	I106C	0.9954	pathogenic
P13569	I106D	0.9979	pathogenic
P13569	I106E	0.9888	pathogenic
P13569	I106F	0.829	pathogenic
P13569	I106G	0.992	pathogenic
P13569	I106H	0.9947	pathogenic
P13569	I106K	0.981	pathogenic
P13569	I106L	0.5096	ambiguous
P13569	I106M	0.5013	ambiguous
P13569	I106N	0.9766	pathogenic
P13569	I106P	0.9818	pathogenic
P13569	I106Q	0.9842	pathogenic
P13569	I106R	0.9661	pathogenic
P13569	I106S	0.9464	pathogenic
P13569	I106T	0.8364	pathogenic
P13569	I106V	0.3699	ambiguous
P13569	I106W	0.9936	pathogenic
P13569	I106Y	0.9841	pathogenic
P13569	A107C	0.9313	pathogenic
P13569	A107D	0.9294	pathogenic
P13569	A107E	0.8987	pathogenic
P13569	A107F	0.8768	pathogenic
P13569	A107G	0.3246	benign
P13569	A107H	0.9404	pathogenic
P13569	A107I	0.9298	pathogenic
P13569	A107K	0.9664	pathogenic
P13569	A107L	0.7889	pathogenic
P13569	A107M	0.8865	pathogenic
P13569	A107N	0.8859	pathogenic
P13569	A107P	0.9722	pathogenic
P13569	A107Q	0.8679	pathogenic
P13569	A107R	0.8901	pathogenic
P13569	A107S	0.2199	benign
P13569	A107T	0.613	pathogenic
P13569	A107V	0.7764	pathogenic
P13569	A107W	0.9847	pathogenic
P13569	A107Y	0.9353	pathogenic
P13569	S108A	0.2474	benign
P13569	S108C	0.52	ambiguous
P13569	S108D	0.9845	pathogenic
P13569	S108E	0.9815	pathogenic
P13569	S108F	0.9321	pathogenic
P13569	S108G	0.4144	ambiguous
P13569	S108H	0.9633	pathogenic
P13569	S108I	0.8826	pathogenic
P13569	S108K	0.9972	pathogenic
P13569	S108L	0.7653	pathogenic
P13569	S108M	0.8708	pathogenic
P13569	S108N	0.8942	pathogenic
P13569	S108P	0.981	pathogenic
P13569	S108Q	0.9647	pathogenic
P13569	S108R	0.9908	pathogenic
P13569	S108T	0.4604	ambiguous
P13569	S108V	0.8304	pathogenic
P13569	S108W	0.9554	pathogenic
P13569	S108Y	0.9043	pathogenic
P13569	Y109A	0.9587	pathogenic
P13569	Y109C	0.7257	pathogenic
P13569	Y109D	0.9555	pathogenic
P13569	Y109E	0.9889	pathogenic
P13569	Y109F	0.166	benign
P13569	Y109G	0.935	pathogenic
P13569	Y109H	0.8629	pathogenic
P13569	Y109I	0.9408	pathogenic
P13569	Y109K	0.9889	pathogenic
P13569	Y109L	0.8715	pathogenic
P13569	Y109M	0.9465	pathogenic
P13569	Y109N	0.857	pathogenic
P13569	Y109P	0.9929	pathogenic
P13569	Y109Q	0.9822	pathogenic
P13569	Y109R	0.9582	pathogenic
P13569	Y109S	0.84	pathogenic
P13569	Y109T	0.9493	pathogenic
P13569	Y109V	0.8686	pathogenic
P13569	Y109W	0.7047	pathogenic
P13569	D110A	0.5777	pathogenic
P13569	D110C	0.9542	pathogenic
P13569	D110E	0.7201	pathogenic
P13569	D110F	0.9116	pathogenic
P13569	D110G	0.8383	pathogenic
P13569	D110H	0.6356	pathogenic
P13569	D110I	0.8342	pathogenic
P13569	D110K	0.9096	pathogenic
P13569	D110L	0.7904	pathogenic
P13569	D110M	0.9581	pathogenic
P13569	D110N	0.3569	ambiguous
P13569	D110P	0.9754	pathogenic
P13569	D110Q	0.8406	pathogenic
P13569	D110R	0.8487	pathogenic
P13569	D110S	0.404	ambiguous
P13569	D110T	0.7979	pathogenic
P13569	D110V	0.6953	pathogenic
P13569	D110W	0.9863	pathogenic
P13569	D110Y	0.6153	pathogenic
P13569	P111A	0.1173	benign
P13569	P111C	0.7842	pathogenic
P13569	P111D	0.5387	ambiguous
P13569	P111E	0.2871	benign
P13569	P111F	0.6183	pathogenic
P13569	P111G	0.4458	ambiguous
P13569	P111H	0.2573	benign
P13569	P111I	0.298	benign
P13569	P111K	0.2487	benign
P13569	P111L	0.1708	benign
P13569	P111M	0.4016	ambiguous
P13569	P111N	0.4941	ambiguous
P13569	P111Q	0.2079	benign
P13569	P111R	0.1544	benign
P13569	P111S	0.1984	benign
P13569	P111T	0.1211	benign
P13569	P111V	0.2435	benign
P13569	P111W	0.7151	pathogenic
P13569	P111Y	0.5852	pathogenic
P13569	D112A	0.0892	benign
P13569	D112C	0.5385	ambiguous
P13569	D112E	0.1196	benign
P13569	D112F	0.3672	ambiguous
P13569	D112G	0.0936	benign
P13569	D112H	0.1635	benign
P13569	D112I	0.22	benign
P13569	D112K	0.1899	benign
P13569	D112L	0.2279	benign
P13569	D112M	0.456	ambiguous
P13569	D112N	0.0802	benign
P13569	D112P	0.7461	pathogenic
P13569	D112Q	0.1835	benign
P13569	D112R	0.1824	benign
P13569	D112S	0.081	benign
P13569	D112T	0.147	benign
P13569	D112V	0.1265	benign
P13569	D112W	0.7414	pathogenic
P13569	D112Y	0.1452	benign
P13569	N113A	0.5679	pathogenic
P13569	N113C	0.6314	pathogenic
P13569	N113D	0.4254	ambiguous
P13569	N113E	0.699	pathogenic
P13569	N113F	0.7333	pathogenic
P13569	N113G	0.6153	pathogenic
P13569	N113H	0.1519	benign
P13569	N113I	0.5747	pathogenic
P13569	N113K	0.642	pathogenic
P13569	N113L	0.5031	ambiguous
P13569	N113M	0.6824	pathogenic
P13569	N113P	0.9136	pathogenic
P13569	N113Q	0.5925	pathogenic
P13569	N113R	0.5061	ambiguous
P13569	N113S	0.1739	benign
P13569	N113T	0.4202	ambiguous
P13569	N113V	0.5569	ambiguous
P13569	N113W	0.8882	pathogenic
P13569	N113Y	0.2643	benign
P13569	K114A	0.188	benign
P13569	K114C	0.7773	pathogenic
P13569	K114D	0.3852	ambiguous
P13569	K114E	0.0891	benign
P13569	K114F	0.6144	pathogenic
P13569	K114G	0.2964	benign
P13569	K114H	0.2834	benign
P13569	K114I	0.2244	benign
P13569	K114L	0.2502	benign
P13569	K114M	0.197	benign
P13569	K114N	0.2923	benign
P13569	K114P	0.418	ambiguous
P13569	K114Q	0.1109	benign
P13569	K114R	0.0834	benign
P13569	K114S	0.2286	benign
P13569	K114T	0.1064	benign
P13569	K114V	0.2143	benign
P13569	K114W	0.6623	pathogenic
P13569	K114Y	0.5281	ambiguous
P13569	E115A	0.0662	benign
P13569	E115C	0.7634	pathogenic
P13569	E115D	0.1337	benign
P13569	E115F	0.355	ambiguous
P13569	E115G	0.0949	benign
P13569	E115H	0.2302	benign
P13569	E115I	0.1238	benign
P13569	E115K	0.0806	benign
P13569	E115L	0.1496	benign
P13569	E115M	0.1792	benign
P13569	E115N	0.1556	benign
P13569	E115P	0.2366	benign
P13569	E115Q	0.0861	benign
P13569	E115R	0.1177	benign
P13569	E115S	0.1079	benign
P13569	E115T	0.0979	benign
P13569	E115V	0.0753	benign
P13569	E115W	0.5847	pathogenic
P13569	E115Y	0.3244	benign
P13569	E116A	0.6377	pathogenic
P13569	E116C	0.9935	pathogenic
P13569	E116D	0.8276	pathogenic
P13569	E116F	0.9882	pathogenic
P13569	E116G	0.6559	pathogenic
P13569	E116H	0.9696	pathogenic
P13569	E116I	0.9182	pathogenic
P13569	E116K	0.8451	pathogenic
P13569	E116L	0.9353	pathogenic
P13569	E116M	0.9447	pathogenic
P13569	E116N	0.9166	pathogenic
P13569	E116P	0.956	pathogenic
P13569	E116Q	0.658	pathogenic
P13569	E116R	0.8952	pathogenic
P13569	E116S	0.8415	pathogenic
P13569	E116T	0.8654	pathogenic
P13569	E116V	0.7927	pathogenic
P13569	E116W	0.9955	pathogenic
P13569	E116Y	0.9711	pathogenic
P13569	R117A	0.8169	pathogenic
P13569	R117C	0.6159	pathogenic
P13569	R117D	0.9375	pathogenic
P13569	R117E	0.6213	pathogenic
P13569	R117F	0.9297	pathogenic
P13569	R117G	0.6851	pathogenic
P13569	R117H	0.2985	benign
P13569	R117I	0.7038	pathogenic
P13569	R117K	0.2555	benign
P13569	R117L	0.6843	pathogenic
P13569	R117M	0.7639	pathogenic
P13569	R117N	0.8835	pathogenic
P13569	R117P	0.9687	pathogenic
P13569	R117Q	0.1755	benign
P13569	R117S	0.8617	pathogenic
P13569	R117T	0.7377	pathogenic
P13569	R117V	0.7907	pathogenic
P13569	R117W	0.5352	ambiguous
P13569	R117Y	0.7566	pathogenic
P13569	S118A	0.0941	benign
P13569	S118C	0.4321	ambiguous
P13569	S118D	0.3198	benign
P13569	S118E	0.2594	benign
P13569	S118F	0.3299	benign
P13569	S118G	0.1196	benign
P13569	S118H	0.384	ambiguous
P13569	S118I	0.3262	benign
P13569	S118K	0.5382	ambiguous
P13569	S118L	0.1969	benign
P13569	S118M	0.3385	benign
P13569	S118N	0.1857	benign
P13569	S118P	0.3973	ambiguous
P13569	S118Q	0.4144	ambiguous
P13569	S118R	0.4962	ambiguous
P13569	S118T	0.1236	benign
P13569	S118V	0.3	benign
P13569	S118W	0.4506	ambiguous
P13569	S118Y	0.251	benign
P13569	I119A	0.4012	ambiguous
P13569	I119C	0.9446	pathogenic
P13569	I119D	0.8363	pathogenic
P13569	I119E	0.6654	pathogenic
P13569	I119F	0.2682	benign
P13569	I119G	0.8258	pathogenic
P13569	I119H	0.7798	pathogenic
P13569	I119K	0.6023	pathogenic
P13569	I119L	0.2001	benign
P13569	I119M	0.1555	benign
P13569	I119N	0.5247	ambiguous
P13569	I119P	0.9172	pathogenic
P13569	I119Q	0.6342	pathogenic
P13569	I119R	0.485	ambiguous
P13569	I119S	0.4609	ambiguous
P13569	I119T	0.2708	benign
P13569	I119V	0.0981	benign
P13569	I119W	0.86	pathogenic
P13569	I119Y	0.7106	pathogenic
P13569	A120C	0.919	pathogenic
P13569	A120D	0.9465	pathogenic
P13569	A120E	0.9261	pathogenic
P13569	A120F	0.9033	pathogenic
P13569	A120G	0.2761	benign
P13569	A120H	0.9601	pathogenic
P13569	A120I	0.9281	pathogenic
P13569	A120K	0.9776	pathogenic
P13569	A120L	0.838	pathogenic
P13569	A120M	0.8833	pathogenic
P13569	A120N	0.9051	pathogenic
P13569	A120P	0.9038	pathogenic
P13569	A120Q	0.9039	pathogenic
P13569	A120R	0.9317	pathogenic
P13569	A120S	0.1847	benign
P13569	A120T	0.5077	ambiguous
P13569	A120V	0.7429	pathogenic
P13569	A120W	0.9871	pathogenic
P13569	A120Y	0.9553	pathogenic
P13569	I121A	0.3608	ambiguous
P13569	I121C	0.7412	pathogenic
P13569	I121D	0.7943	pathogenic
P13569	I121E	0.714	pathogenic
P13569	I121F	0.0892	benign
P13569	I121G	0.5527	ambiguous
P13569	I121H	0.6079	pathogenic
P13569	I121K	0.48	ambiguous
P13569	I121L	0.0991	benign
P13569	I121M	0.1355	benign
P13569	I121N	0.39	ambiguous
P13569	I121P	0.6629	pathogenic
P13569	I121Q	0.6294	pathogenic
P13569	I121R	0.3555	ambiguous
P13569	I121S	0.3506	ambiguous
P13569	I121T	0.3379	benign
P13569	I121V	0.0766	benign
P13569	I121W	0.5747	pathogenic
P13569	I121Y	0.2947	benign
P13569	Y122A	0.6173	pathogenic
P13569	Y122C	0.2958	benign
P13569	Y122D	0.6589	pathogenic
P13569	Y122E	0.8812	pathogenic
P13569	Y122F	0.1185	benign
P13569	Y122G	0.5783	pathogenic
P13569	Y122H	0.4336	ambiguous
P13569	Y122I	0.6049	pathogenic
P13569	Y122K	0.8743	pathogenic
P13569	Y122L	0.5035	ambiguous
P13569	Y122M	0.7669	pathogenic
P13569	Y122N	0.4252	ambiguous
P13569	Y122P	0.7073	pathogenic
P13569	Y122Q	0.7835	pathogenic
P13569	Y122R	0.7528	pathogenic
P13569	Y122S	0.2822	benign
P13569	Y122T	0.5837	pathogenic
P13569	Y122V	0.5052	ambiguous
P13569	Y122W	0.4619	ambiguous
P13569	L123A	0.6679	pathogenic
P13569	L123C	0.8155	pathogenic
P13569	L123D	0.9852	pathogenic
P13569	L123E	0.9132	pathogenic
P13569	L123F	0.5217	ambiguous
P13569	L123G	0.9075	pathogenic
P13569	L123H	0.8669	pathogenic
P13569	L123I	0.3122	benign
P13569	L123K	0.9325	pathogenic
P13569	L123M	0.3382	benign
P13569	L123N	0.9249	pathogenic
P13569	L123P	0.9627	pathogenic
P13569	L123Q	0.8051	pathogenic
P13569	L123R	0.8466	pathogenic
P13569	L123S	0.7763	pathogenic
P13569	L123T	0.5962	pathogenic
P13569	L123V	0.2688	benign
P13569	L123W	0.7262	pathogenic
P13569	L123Y	0.8307	pathogenic
P13569	G124A	0.1	benign
P13569	G124C	0.5921	pathogenic
P13569	G124D	0.9629	pathogenic
P13569	G124E	0.9613	pathogenic
P13569	G124F	0.9672	pathogenic
P13569	G124H	0.9877	pathogenic
P13569	G124I	0.9016	pathogenic
P13569	G124K	0.9946	pathogenic
P13569	G124L	0.908	pathogenic
P13569	G124M	0.9261	pathogenic
P13569	G124N	0.9551	pathogenic
P13569	G124P	0.9884	pathogenic
P13569	G124Q	0.9721	pathogenic
P13569	G124R	0.9797	pathogenic
P13569	G124S	0.2113	benign
P13569	G124T	0.5748	pathogenic
P13569	G124V	0.7366	pathogenic
P13569	G124W	0.9681	pathogenic
P13569	G124Y	0.9771	pathogenic
P13569	I125A	0.1636	benign
P13569	I125C	0.5916	pathogenic
P13569	I125D	0.9374	pathogenic
P13569	I125E	0.8931	pathogenic
P13569	I125F	0.1124	benign
P13569	I125G	0.4507	ambiguous
P13569	I125H	0.8976	pathogenic
P13569	I125K	0.8746	pathogenic
P13569	I125L	0.0982	benign
P13569	I125M	0.0914	benign
P13569	I125N	0.6317	pathogenic
P13569	I125P	0.8674	pathogenic
P13569	I125Q	0.8574	pathogenic
P13569	I125R	0.7946	pathogenic
P13569	I125S	0.2763	benign
P13569	I125T	0.1177	benign
P13569	I125V	0.0682	benign
P13569	I125W	0.7619	pathogenic
P13569	I125Y	0.6522	pathogenic
P13569	G126A	0.347	ambiguous
P13569	G126C	0.6828	pathogenic
P13569	G126D	0.9772	pathogenic
P13569	G126E	0.9677	pathogenic
P13569	G126F	0.8756	pathogenic
P13569	G126H	0.9895	pathogenic
P13569	G126I	0.7599	pathogenic
P13569	G126K	0.9934	pathogenic
P13569	G126L	0.8493	pathogenic
P13569	G126M	0.9052	pathogenic
P13569	G126N	0.9729	pathogenic
P13569	G126P	0.9864	pathogenic
P13569	G126Q	0.9754	pathogenic
P13569	G126R	0.9799	pathogenic
P13569	G126S	0.3749	ambiguous
P13569	G126T	0.6796	pathogenic
P13569	G126V	0.6517	pathogenic
P13569	G126W	0.9195	pathogenic
P13569	G126Y	0.953	pathogenic
P13569	L127A	0.9237	pathogenic
P13569	L127C	0.9229	pathogenic
P13569	L127D	0.9971	pathogenic
P13569	L127E	0.9867	pathogenic
P13569	L127F	0.6074	pathogenic
P13569	L127G	0.9735	pathogenic
P13569	L127H	0.9676	pathogenic
P13569	L127I	0.3636	ambiguous
P13569	L127K	0.9872	pathogenic
P13569	L127M	0.4517	ambiguous
P13569	L127N	0.9697	pathogenic
P13569	L127P	0.9917	pathogenic
P13569	L127Q	0.9582	pathogenic
P13569	L127R	0.9736	pathogenic
P13569	L127S	0.9581	pathogenic
P13569	L127T	0.8998	pathogenic
P13569	L127V	0.45	ambiguous
P13569	L127W	0.9245	pathogenic
P13569	L127Y	0.9352	pathogenic
P13569	C128A	0.5406	ambiguous
P13569	C128D	0.9817	pathogenic
P13569	C128E	0.9953	pathogenic
P13569	C128F	0.6316	pathogenic
P13569	C128G	0.2342	benign
P13569	C128H	0.9818	pathogenic
P13569	C128I	0.8656	pathogenic
P13569	C128K	0.9989	pathogenic
P13569	C128L	0.787	pathogenic
P13569	C128M	0.8737	pathogenic
P13569	C128N	0.907	pathogenic
P13569	C128P	0.981	pathogenic
P13569	C128Q	0.9872	pathogenic
P13569	C128R	0.9912	pathogenic
P13569	C128S	0.2808	benign
P13569	C128T	0.6185	pathogenic
P13569	C128V	0.7375	pathogenic
P13569	C128W	0.9587	pathogenic
P13569	C128Y	0.9293	pathogenic
P13569	L129A	0.2992	benign
P13569	L129C	0.4633	ambiguous
P13569	L129D	0.9841	pathogenic
P13569	L129E	0.9359	pathogenic
P13569	L129F	0.1501	benign
P13569	L129G	0.4598	ambiguous
P13569	L129H	0.8831	pathogenic
P13569	L129I	0.1591	benign
P13569	L129K	0.9644	pathogenic
P13569	L129M	0.149	benign
P13569	L129N	0.8754	pathogenic
P13569	L129P	0.954	pathogenic
P13569	L129Q	0.7969	pathogenic
P13569	L129R	0.9275	pathogenic
P13569	L129S	0.3738	ambiguous
P13569	L129T	0.3618	ambiguous
P13569	L129V	0.1514	benign
P13569	L129W	0.6941	pathogenic
P13569	L129Y	0.8015	pathogenic
P13569	L130A	0.8076	pathogenic
P13569	L130C	0.8092	pathogenic
P13569	L130D	0.9954	pathogenic
P13569	L130E	0.9859	pathogenic
P13569	L130F	0.7292	pathogenic
P13569	L130G	0.9357	pathogenic
P13569	L130H	0.966	pathogenic
P13569	L130I	0.4442	ambiguous
P13569	L130K	0.9912	pathogenic
P13569	L130M	0.4378	ambiguous
P13569	L130N	0.9574	pathogenic
P13569	L130P	0.9654	pathogenic
P13569	L130Q	0.9373	pathogenic
P13569	L130R	0.9748	pathogenic
P13569	L130S	0.87	pathogenic
P13569	L130T	0.7848	pathogenic
P13569	L130V	0.4233	ambiguous
P13569	L130W	0.9543	pathogenic
P13569	L130Y	0.9721	pathogenic
P13569	F131A	0.9308	pathogenic
P13569	F131C	0.8235	pathogenic
P13569	F131D	0.9908	pathogenic
P13569	F131E	0.9897	pathogenic
P13569	F131G	0.9551	pathogenic
P13569	F131H	0.9512	pathogenic
P13569	F131I	0.8304	pathogenic
P13569	F131K	0.9949	pathogenic
P13569	F131L	0.9666	pathogenic
P13569	F131M	0.8776	pathogenic
P13569	F131N	0.9387	pathogenic
P13569	F131P	0.9971	pathogenic
P13569	F131Q	0.9746	pathogenic
P13569	F131R	0.9871	pathogenic
P13569	F131S	0.8595	pathogenic
P13569	F131T	0.9333	pathogenic
P13569	F131V	0.7517	pathogenic
P13569	F131W	0.8863	pathogenic
P13569	F131Y	0.5727	pathogenic
P13569	I132A	0.1258	benign
P13569	I132C	0.489	ambiguous
P13569	I132D	0.9249	pathogenic
P13569	I132E	0.8855	pathogenic
P13569	I132F	0.1184	benign
P13569	I132G	0.3852	ambiguous
P13569	I132H	0.8501	pathogenic
P13569	I132K	0.8758	pathogenic
P13569	I132L	0.0879	benign
P13569	I132M	0.0905	benign
P13569	I132N	0.5703	pathogenic
P13569	I132P	0.7424	pathogenic
P13569	I132Q	0.8101	pathogenic
P13569	I132R	0.7941	pathogenic
P13569	I132S	0.1998	benign
P13569	I132T	0.0724	benign
P13569	I132V	0.0653	benign
P13569	I132W	0.7854	pathogenic
P13569	I132Y	0.6873	pathogenic
P13569	V133A	0.1366	benign
P13569	V133C	0.6099	pathogenic
P13569	V133D	0.8563	pathogenic
P13569	V133E	0.7572	pathogenic
P13569	V133F	0.1285	benign
P13569	V133G	0.1867	benign
P13569	V133H	0.8915	pathogenic
P13569	V133I	0.0915	benign
P13569	V133K	0.844	pathogenic
P13569	V133L	0.121	benign
P13569	V133M	0.1015	benign
P13569	V133N	0.663	pathogenic
P13569	V133P	0.8073	pathogenic
P13569	V133Q	0.6981	pathogenic
P13569	V133R	0.7965	pathogenic
P13569	V133S	0.2413	benign
P13569	V133T	0.1682	benign
P13569	V133W	0.8348	pathogenic
P13569	V133Y	0.7725	pathogenic
P13569	R134A	0.9845	pathogenic
P13569	R134C	0.8384	pathogenic
P13569	R134D	0.9893	pathogenic
P13569	R134E	0.9341	pathogenic
P13569	R134F	0.9918	pathogenic
P13569	R134G	0.93	pathogenic
P13569	R134H	0.7232	pathogenic
P13569	R134I	0.9827	pathogenic
P13569	R134K	0.7519	pathogenic
P13569	R134L	0.9551	pathogenic
P13569	R134M	0.9836	pathogenic
P13569	R134N	0.9788	pathogenic
P13569	R134P	0.9894	pathogenic
P13569	R134Q	0.5901	pathogenic
P13569	R134S	0.9788	pathogenic
P13569	R134T	0.9793	pathogenic
P13569	R134V	0.9838	pathogenic
P13569	R134W	0.8456	pathogenic
P13569	R134Y	0.9569	pathogenic
P13569	T135A	0.1576	benign
P13569	T135C	0.518	ambiguous
P13569	T135D	0.8709	pathogenic
P13569	T135E	0.8039	pathogenic
P13569	T135F	0.3662	ambiguous
P13569	T135G	0.421	ambiguous
P13569	T135H	0.6173	pathogenic
P13569	T135I	0.3655	ambiguous
P13569	T135K	0.7752	pathogenic
P13569	T135L	0.1454	benign
P13569	T135M	0.069	benign
P13569	T135N	0.2911	benign
P13569	T135P	0.3286	benign
P13569	T135Q	0.568	pathogenic
P13569	T135R	0.7054	pathogenic
P13569	T135S	0.2087	benign
P13569	T135V	0.2459	benign
P13569	T135W	0.7975	pathogenic
P13569	T135Y	0.5441	ambiguous
P13569	L136A	0.2915	benign
P13569	L136C	0.4591	ambiguous
P13569	L136D	0.9674	pathogenic
P13569	L136E	0.8651	pathogenic
P13569	L136F	0.098	benign
P13569	L136G	0.6203	pathogenic
P13569	L136H	0.703	pathogenic
P13569	L136I	0.0927	benign
P13569	L136K	0.8636	pathogenic
P13569	L136M	0.119	benign
P13569	L136N	0.7959	pathogenic
P13569	L136P	0.8352	pathogenic
P13569	L136Q	0.5989	pathogenic
P13569	L136R	0.7598	pathogenic
P13569	L136S	0.4202	ambiguous
P13569	L136T	0.3382	benign
P13569	L136V	0.0987	benign
P13569	L136W	0.3844	ambiguous
P13569	L136Y	0.5345	ambiguous
P13569	L137A	0.5123	ambiguous
P13569	L137C	0.5887	pathogenic
P13569	L137D	0.9889	pathogenic
P13569	L137E	0.9584	pathogenic
P13569	L137F	0.1497	benign
P13569	L137G	0.8209	pathogenic
P13569	L137H	0.8624	pathogenic
P13569	L137I	0.1555	benign
P13569	L137K	0.9673	pathogenic
P13569	L137M	0.1823	benign
P13569	L137N	0.9187	pathogenic
P13569	L137P	0.9444	pathogenic
P13569	L137Q	0.7928	pathogenic
P13569	L137R	0.911	pathogenic
P13569	L137S	0.6376	pathogenic
P13569	L137T	0.5544	ambiguous
P13569	L137V	0.1779	benign
P13569	L137W	0.5683	pathogenic
P13569	L137Y	0.7459	pathogenic
P13569	L138A	0.6694	pathogenic
P13569	L138C	0.8448	pathogenic
P13569	L138D	0.9705	pathogenic
P13569	L138E	0.8703	pathogenic
P13569	L138F	0.3624	ambiguous
P13569	L138G	0.8567	pathogenic
P13569	L138H	0.7137	pathogenic
P13569	L138I	0.1092	benign
P13569	L138K	0.8642	pathogenic
P13569	L138M	0.1989	benign
P13569	L138N	0.735	pathogenic
P13569	L138P	0.9471	pathogenic
P13569	L138Q	0.5455	ambiguous
P13569	L138R	0.7732	pathogenic
P13569	L138S	0.6736	pathogenic
P13569	L138T	0.5025	ambiguous
P13569	L138V	0.1822	benign
P13569	L138W	0.7073	pathogenic
P13569	L138Y	0.7766	pathogenic
P13569	H139A	0.8746	pathogenic
P13569	H139C	0.7989	pathogenic
P13569	H139D	0.9016	pathogenic
P13569	H139E	0.8919	pathogenic
P13569	H139F	0.7644	pathogenic
P13569	H139G	0.9091	pathogenic
P13569	H139I	0.8437	pathogenic
P13569	H139K	0.9549	pathogenic
P13569	H139L	0.5413	ambiguous
P13569	H139M	0.8917	pathogenic
P13569	H139N	0.4667	ambiguous
P13569	H139P	0.4831	ambiguous
P13569	H139Q	0.6884	pathogenic
P13569	H139R	0.903	pathogenic
P13569	H139S	0.7347	pathogenic
P13569	H139T	0.8756	pathogenic
P13569	H139V	0.8677	pathogenic
P13569	H139W	0.8897	pathogenic
P13569	H139Y	0.476	ambiguous
P13569	P140A	0.256	benign
P13569	P140C	0.7773	pathogenic
P13569	P140D	0.8719	pathogenic
P13569	P140E	0.7037	pathogenic
P13569	P140F	0.7325	pathogenic
P13569	P140G	0.6372	pathogenic
P13569	P140H	0.4225	ambiguous
P13569	P140I	0.5779	pathogenic
P13569	P140K	0.6832	pathogenic
P13569	P140L	0.3417	ambiguous
P13569	P140M	0.6331	pathogenic
P13569	P140N	0.7177	pathogenic
P13569	P140Q	0.3995	ambiguous
P13569	P140R	0.4542	ambiguous
P13569	P140S	0.3148	benign
P13569	P140T	0.2325	benign
P13569	P140V	0.454	ambiguous
P13569	P140W	0.7563	pathogenic
P13569	P140Y	0.6523	pathogenic
P13569	A141C	0.7244	pathogenic
P13569	A141D	0.9608	pathogenic
P13569	A141E	0.9478	pathogenic
P13569	A141F	0.8829	pathogenic
P13569	A141G	0.303	benign
P13569	A141H	0.9723	pathogenic
P13569	A141I	0.8056	pathogenic
P13569	A141K	0.9904	pathogenic
P13569	A141L	0.7461	pathogenic
P13569	A141M	0.729	pathogenic
P13569	A141N	0.9024	pathogenic
P13569	A141P	0.8903	pathogenic
P13569	A141Q	0.934	pathogenic
P13569	A141R	0.975	pathogenic
P13569	A141S	0.1356	benign
P13569	A141T	0.2554	benign
P13569	A141V	0.4306	ambiguous
P13569	A141W	0.9872	pathogenic
P13569	A141Y	0.9597	pathogenic
P13569	I142A	0.6463	pathogenic
P13569	I142C	0.8674	pathogenic
P13569	I142D	0.9603	pathogenic
P13569	I142E	0.9351	pathogenic
P13569	I142F	0.2882	benign
P13569	I142G	0.8723	pathogenic
P13569	I142H	0.8854	pathogenic
P13569	I142K	0.9065	pathogenic
P13569	I142L	0.1403	benign
P13569	I142M	0.1722	benign
P13569	I142N	0.6179	pathogenic
P13569	I142P	0.9707	pathogenic
P13569	I142Q	0.8688	pathogenic
P13569	I142R	0.8446	pathogenic
P13569	I142S	0.6173	pathogenic
P13569	I142T	0.5503	ambiguous
P13569	I142V	0.0745	benign
P13569	I142W	0.9395	pathogenic
P13569	I142Y	0.7377	pathogenic
P13569	F143A	0.8787	pathogenic
P13569	F143C	0.7952	pathogenic
P13569	F143D	0.9842	pathogenic
P13569	F143E	0.9845	pathogenic
P13569	F143G	0.9604	pathogenic
P13569	F143H	0.8407	pathogenic
P13569	F143I	0.7255	pathogenic
P13569	F143K	0.9874	pathogenic
P13569	F143L	0.9494	pathogenic
P13569	F143M	0.861	pathogenic
P13569	F143N	0.9384	pathogenic
P13569	F143P	0.9971	pathogenic
P13569	F143Q	0.9659	pathogenic
P13569	F143R	0.9562	pathogenic
P13569	F143S	0.7995	pathogenic
P13569	F143T	0.8863	pathogenic
P13569	F143V	0.672	pathogenic
P13569	F143W	0.6875	pathogenic
P13569	F143Y	0.3102	benign
P13569	G144A	0.2769	benign
P13569	G144C	0.4828	ambiguous
P13569	G144D	0.8005	pathogenic
P13569	G144E	0.7034	pathogenic
P13569	G144F	0.754	pathogenic
P13569	G144H	0.7391	pathogenic
P13569	G144I	0.7088	pathogenic
P13569	G144K	0.8486	pathogenic
P13569	G144L	0.7444	pathogenic
P13569	G144M	0.7918	pathogenic
P13569	G144N	0.7474	pathogenic
P13569	G144P	0.988	pathogenic
P13569	G144Q	0.6953	pathogenic
P13569	G144R	0.6953	pathogenic
P13569	G144S	0.2283	benign
P13569	G144T	0.5712	pathogenic
P13569	G144V	0.5948	pathogenic
P13569	G144W	0.679	pathogenic
P13569	G144Y	0.7151	pathogenic
P13569	L145A	0.875	pathogenic
P13569	L145C	0.8726	pathogenic
P13569	L145D	0.9944	pathogenic
P13569	L145E	0.969	pathogenic
P13569	L145F	0.6366	pathogenic
P13569	L145G	0.9563	pathogenic
P13569	L145H	0.9295	pathogenic
P13569	L145I	0.3159	benign
P13569	L145K	0.969	pathogenic
P13569	L145M	0.3072	benign
P13569	L145N	0.9372	pathogenic
P13569	L145P	0.9855	pathogenic
P13569	L145Q	0.8746	pathogenic
P13569	L145R	0.9399	pathogenic
P13569	L145S	0.9119	pathogenic
P13569	L145T	0.8211	pathogenic
P13569	L145V	0.3696	ambiguous
P13569	L145W	0.8963	pathogenic
P13569	L145Y	0.942	pathogenic
P13569	H146A	0.7378	pathogenic
P13569	H146C	0.5229	ambiguous
P13569	H146D	0.8193	pathogenic
P13569	H146E	0.7147	pathogenic
P13569	H146F	0.6292	pathogenic
P13569	H146G	0.7348	pathogenic
P13569	H146I	0.7518	pathogenic
P13569	H146K	0.7846	pathogenic
P13569	H146L	0.3165	benign
P13569	H146M	0.7327	pathogenic
P13569	H146N	0.2965	benign
P13569	H146P	0.7981	pathogenic
P13569	H146Q	0.332	benign
P13569	H146R	0.5247	ambiguous
P13569	H146S	0.571	pathogenic
P13569	H146T	0.703	pathogenic
P13569	H146V	0.7096	pathogenic
P13569	H146W	0.7392	pathogenic
P13569	H146Y	0.2778	benign
P13569	H147A	0.595	pathogenic
P13569	H147C	0.2729	benign
P13569	H147D	0.549	ambiguous
P13569	H147E	0.5355	ambiguous
P13569	H147F	0.5666	pathogenic
P13569	H147G	0.5602	ambiguous
P13569	H147I	0.5873	pathogenic
P13569	H147K	0.285	benign
P13569	H147L	0.2712	benign
P13569	H147M	0.7502	pathogenic
P13569	H147N	0.2615	benign
P13569	H147P	0.8445	pathogenic
P13569	H147Q	0.2632	benign
P13569	H147R	0.0847	benign
P13569	H147S	0.489	ambiguous
P13569	H147T	0.5342	ambiguous
P13569	H147V	0.5248	ambiguous
P13569	H147W	0.5659	pathogenic
P13569	H147Y	0.1676	benign
P13569	I148A	0.2352	benign
P13569	I148C	0.6398	pathogenic
P13569	I148D	0.8821	pathogenic
P13569	I148E	0.7516	pathogenic
P13569	I148F	0.1555	benign
P13569	I148G	0.7034	pathogenic
P13569	I148H	0.6917	pathogenic
P13569	I148K	0.5935	pathogenic
P13569	I148L	0.075	benign
P13569	I148M	0.0696	benign
P13569	I148N	0.4954	ambiguous
P13569	I148P	0.913	pathogenic
P13569	I148Q	0.6167	pathogenic
P13569	I148R	0.4723	ambiguous
P13569	I148S	0.3324	benign
P13569	I148T	0.1225	benign
P13569	I148V	0.075	benign
P13569	I148W	0.723	pathogenic
P13569	I148Y	0.5817	pathogenic
P13569	G149A	0.7142	pathogenic
P13569	G149C	0.9565	pathogenic
P13569	G149D	0.9902	pathogenic
P13569	G149E	0.988	pathogenic
P13569	G149F	0.9955	pathogenic
P13569	G149H	0.9971	pathogenic
P13569	G149I	0.9897	pathogenic
P13569	G149K	0.9972	pathogenic
P13569	G149L	0.9923	pathogenic
P13569	G149M	0.9946	pathogenic
P13569	G149N	0.9906	pathogenic
P13569	G149P	0.9983	pathogenic
P13569	G149Q	0.9916	pathogenic
P13569	G149R	0.9869	pathogenic
P13569	G149S	0.7418	pathogenic
P13569	G149T	0.9601	pathogenic
P13569	G149V	0.9731	pathogenic
P13569	G149W	0.9933	pathogenic
P13569	G149Y	0.9957	pathogenic
P13569	M150A	0.9513	pathogenic
P13569	M150C	0.9602	pathogenic
P13569	M150D	0.9974	pathogenic
P13569	M150E	0.9763	pathogenic
P13569	M150F	0.8274	pathogenic
P13569	M150G	0.9711	pathogenic
P13569	M150H	0.9768	pathogenic
P13569	M150I	0.9529	pathogenic
P13569	M150K	0.9308	pathogenic
P13569	M150L	0.6418	pathogenic
P13569	M150N	0.9606	pathogenic
P13569	M150P	0.9971	pathogenic
P13569	M150Q	0.8477	pathogenic
P13569	M150R	0.931	pathogenic
P13569	M150S	0.9231	pathogenic
P13569	M150T	0.9248	pathogenic
P13569	M150V	0.622	pathogenic
P13569	M150W	0.9786	pathogenic
P13569	M150Y	0.9707	pathogenic
P13569	Q151A	0.5783	pathogenic
P13569	Q151C	0.8976	pathogenic
P13569	Q151D	0.8392	pathogenic
P13569	Q151E	0.1161	benign
P13569	Q151F	0.9687	pathogenic
P13569	Q151G	0.6466	pathogenic
P13569	Q151H	0.6514	pathogenic
P13569	Q151I	0.8449	pathogenic
P13569	Q151K	0.1344	benign
P13569	Q151L	0.4914	ambiguous
P13569	Q151M	0.7061	pathogenic
P13569	Q151N	0.6976	pathogenic
P13569	Q151P	0.9133	pathogenic
P13569	Q151R	0.207	benign
P13569	Q151S	0.6649	pathogenic
P13569	Q151T	0.6272	pathogenic
P13569	Q151V	0.7175	pathogenic
P13569	Q151W	0.9361	pathogenic
P13569	Q151Y	0.8956	pathogenic
P13569	M152A	0.6273	pathogenic
P13569	M152C	0.8365	pathogenic
P13569	M152D	0.9939	pathogenic
P13569	M152E	0.9491	pathogenic
P13569	M152F	0.46	ambiguous
P13569	M152G	0.8719	pathogenic
P13569	M152H	0.9716	pathogenic
P13569	M152I	0.1679	benign
P13569	M152K	0.8993	pathogenic
P13569	M152L	0.1493	benign
P13569	M152N	0.9173	pathogenic
P13569	M152P	0.9901	pathogenic
P13569	M152Q	0.8505	pathogenic
P13569	M152R	0.9077	pathogenic
P13569	M152S	0.7665	pathogenic
P13569	M152T	0.4928	ambiguous
P13569	M152V	0.1058	benign
P13569	M152W	0.9152	pathogenic
P13569	M152Y	0.9099	pathogenic
P13569	R153A	0.9933	pathogenic
P13569	R153C	0.9228	pathogenic
P13569	R153D	0.9946	pathogenic
P13569	R153E	0.9596	pathogenic
P13569	R153F	0.998	pathogenic
P13569	R153G	0.9723	pathogenic
P13569	R153H	0.8709	pathogenic
P13569	R153I	0.9912	pathogenic
P13569	R153K	0.8139	pathogenic
P13569	R153L	0.9822	pathogenic
P13569	R153M	0.9936	pathogenic
P13569	R153N	0.9909	pathogenic
P13569	R153P	0.9968	pathogenic
P13569	R153Q	0.8217	pathogenic
P13569	R153S	0.9928	pathogenic
P13569	R153T	0.9904	pathogenic
P13569	R153V	0.9912	pathogenic
P13569	R153W	0.9603	pathogenic
P13569	R153Y	0.9876	pathogenic
P13569	I154A	0.7116	pathogenic
P13569	I154C	0.9096	pathogenic
P13569	I154D	0.9892	pathogenic
P13569	I154E	0.9713	pathogenic
P13569	I154F	0.7753	pathogenic
P13569	I154G	0.9487	pathogenic
P13569	I154H	0.9801	pathogenic
P13569	I154K	0.959	pathogenic
P13569	I154L	0.4069	ambiguous
P13569	I154M	0.2935	benign
P13569	I154N	0.8228	pathogenic
P13569	I154P	0.9824	pathogenic
P13569	I154Q	0.9613	pathogenic
P13569	I154R	0.9422	pathogenic
P13569	I154S	0.7476	pathogenic
P13569	I154T	0.3791	ambiguous
P13569	I154V	0.0952	benign
P13569	I154W	0.9891	pathogenic
P13569	I154Y	0.9601	pathogenic
P13569	A155C	0.9063	pathogenic
P13569	A155D	0.9942	pathogenic
P13569	A155E	0.9923	pathogenic
P13569	A155F	0.9786	pathogenic
P13569	A155G	0.3573	ambiguous
P13569	A155H	0.9925	pathogenic
P13569	A155I	0.9817	pathogenic
P13569	A155K	0.9982	pathogenic
P13569	A155L	0.9258	pathogenic
P13569	A155M	0.9542	pathogenic
P13569	A155N	0.9835	pathogenic
P13569	A155P	0.9888	pathogenic
P13569	A155Q	0.9832	pathogenic
P13569	A155R	0.9919	pathogenic
P13569	A155S	0.2219	benign
P13569	A155T	0.7523	pathogenic
P13569	A155V	0.9058	pathogenic
P13569	A155W	0.9978	pathogenic
P13569	A155Y	0.9918	pathogenic
P13569	M156A	0.5037	ambiguous
P13569	M156C	0.7372	pathogenic
P13569	M156D	0.9895	pathogenic
P13569	M156E	0.9574	pathogenic
P13569	M156F	0.5467	ambiguous
P13569	M156G	0.8026	pathogenic
P13569	M156H	0.9553	pathogenic
P13569	M156I	0.4482	ambiguous
P13569	M156K	0.901	pathogenic
P13569	M156L	0.07	benign
P13569	M156N	0.889	pathogenic
P13569	M156P	0.9866	pathogenic
P13569	M156Q	0.8584	pathogenic
P13569	M156R	0.9092	pathogenic
P13569	M156S	0.6628	pathogenic
P13569	M156T	0.2663	benign
P13569	M156V	0.1202	benign
P13569	M156W	0.9477	pathogenic
P13569	M156Y	0.9363	pathogenic
P13569	F157A	0.8896	pathogenic
P13569	F157C	0.6369	pathogenic
P13569	F157D	0.9866	pathogenic
P13569	F157E	0.9876	pathogenic
P13569	F157G	0.9512	pathogenic
P13569	F157H	0.9292	pathogenic
P13569	F157I	0.7045	pathogenic
P13569	F157K	0.9905	pathogenic
P13569	F157L	0.9651	pathogenic
P13569	F157M	0.8559	pathogenic
P13569	F157N	0.923	pathogenic
P13569	F157P	0.9991	pathogenic
P13569	F157Q	0.9743	pathogenic
P13569	F157R	0.9776	pathogenic
P13569	F157S	0.8303	pathogenic
P13569	F157T	0.8877	pathogenic
P13569	F157V	0.6366	pathogenic
P13569	F157W	0.8855	pathogenic
P13569	F157Y	0.4133	ambiguous
P13569	S158A	0.2989	benign
P13569	S158C	0.3323	benign
P13569	S158D	0.9889	pathogenic
P13569	S158E	0.993	pathogenic
P13569	S158F	0.9536	pathogenic
P13569	S158G	0.4472	ambiguous
P13569	S158H	0.9601	pathogenic
P13569	S158I	0.9164	pathogenic
P13569	S158K	0.999	pathogenic
P13569	S158L	0.7261	pathogenic
P13569	S158M	0.8906	pathogenic
P13569	S158N	0.8991	pathogenic
P13569	S158P	0.97	pathogenic
P13569	S158Q	0.9851	pathogenic
P13569	S158R	0.9968	pathogenic
P13569	S158T	0.4121	ambiguous
P13569	S158V	0.8557	pathogenic
P13569	S158W	0.9791	pathogenic
P13569	S158Y	0.9383	pathogenic
P13569	L159A	0.8414	pathogenic
P13569	L159C	0.893	pathogenic
P13569	L159D	0.9965	pathogenic
P13569	L159E	0.9777	pathogenic
P13569	L159F	0.6494	pathogenic
P13569	L159G	0.9763	pathogenic
P13569	L159H	0.9267	pathogenic
P13569	L159I	0.2148	benign
P13569	L159K	0.9677	pathogenic
P13569	L159M	0.2985	benign
P13569	L159N	0.9617	pathogenic
P13569	L159P	0.9962	pathogenic
P13569	L159Q	0.9015	pathogenic
P13569	L159R	0.94	pathogenic
P13569	L159S	0.9102	pathogenic
P13569	L159T	0.8109	pathogenic
P13569	L159V	0.2545	benign
P13569	L159W	0.9353	pathogenic
P13569	L159Y	0.947	pathogenic
P13569	I160A	0.7734	pathogenic
P13569	I160C	0.8853	pathogenic
P13569	I160D	0.9937	pathogenic
P13569	I160E	0.9855	pathogenic
P13569	I160F	0.5224	ambiguous
P13569	I160G	0.9592	pathogenic
P13569	I160H	0.973	pathogenic
P13569	I160K	0.9772	pathogenic
P13569	I160L	0.1444	benign
P13569	I160M	0.1961	benign
P13569	I160N	0.8715	pathogenic
P13569	I160P	0.989	pathogenic
P13569	I160Q	0.9628	pathogenic
P13569	I160R	0.9601	pathogenic
P13569	I160S	0.7971	pathogenic
P13569	I160T	0.5933	pathogenic
P13569	I160V	0.1416	benign
P13569	I160W	0.9847	pathogenic
P13569	I160Y	0.9354	pathogenic
P13569	Y161A	0.9881	pathogenic
P13569	Y161C	0.8006	pathogenic
P13569	Y161D	0.9903	pathogenic
P13569	Y161E	0.9959	pathogenic
P13569	Y161F	0.2637	benign
P13569	Y161G	0.9651	pathogenic
P13569	Y161H	0.9312	pathogenic
P13569	Y161I	0.973	pathogenic
P13569	Y161K	0.9966	pathogenic
P13569	Y161L	0.8896	pathogenic
P13569	Y161M	0.9757	pathogenic
P13569	Y161N	0.9382	pathogenic
P13569	Y161P	0.9963	pathogenic
P13569	Y161Q	0.9918	pathogenic
P13569	Y161R	0.9865	pathogenic
P13569	Y161S	0.9293	pathogenic
P13569	Y161T	0.9839	pathogenic
P13569	Y161V	0.9439	pathogenic
P13569	Y161W	0.855	pathogenic
P13569	K162A	0.9784	pathogenic
P13569	K162C	0.9791	pathogenic
P13569	K162D	0.9943	pathogenic
P13569	K162E	0.9093	pathogenic
P13569	K162F	0.9974	pathogenic
P13569	K162G	0.9742	pathogenic
P13569	K162H	0.9157	pathogenic
P13569	K162I	0.9766	pathogenic
P13569	K162L	0.9556	pathogenic
P13569	K162M	0.9401	pathogenic
P13569	K162N	0.9816	pathogenic
P13569	K162P	0.9974	pathogenic
P13569	K162Q	0.6977	pathogenic
P13569	K162R	0.1919	benign
P13569	K162S	0.9783	pathogenic
P13569	K162T	0.9304	pathogenic
P13569	K162V	0.9658	pathogenic
P13569	K162W	0.9947	pathogenic
P13569	K162Y	0.9873	pathogenic
P13569	K163A	0.9759	pathogenic
P13569	K163C	0.9846	pathogenic
P13569	K163D	0.9922	pathogenic
P13569	K163E	0.9506	pathogenic
P13569	K163F	0.9976	pathogenic
P13569	K163G	0.98	pathogenic
P13569	K163H	0.9274	pathogenic
P13569	K163I	0.9732	pathogenic
P13569	K163L	0.97	pathogenic
P13569	K163M	0.9226	pathogenic
P13569	K163N	0.9724	pathogenic
P13569	K163P	0.998	pathogenic
P13569	K163Q	0.8896	pathogenic
P13569	K163R	0.4	ambiguous
P13569	K163S	0.9854	pathogenic
P13569	K163T	0.917	pathogenic
P13569	K163V	0.9579	pathogenic
P13569	K163W	0.9977	pathogenic
P13569	K163Y	0.9847	pathogenic
P13569	T164A	0.1912	benign
P13569	T164C	0.6221	pathogenic
P13569	T164D	0.9631	pathogenic
P13569	T164E	0.9201	pathogenic
P13569	T164F	0.6676	pathogenic
P13569	T164G	0.7125	pathogenic
P13569	T164H	0.8556	pathogenic
P13569	T164I	0.1379	benign
P13569	T164K	0.8973	pathogenic
P13569	T164L	0.1644	benign
P13569	T164M	0.1173	benign
P13569	T164N	0.5432	ambiguous
P13569	T164P	0.8181	pathogenic
P13569	T164Q	0.8228	pathogenic
P13569	T164R	0.8624	pathogenic
P13569	T164S	0.354	ambiguous
P13569	T164V	0.1631	benign
P13569	T164W	0.9526	pathogenic
P13569	T164Y	0.7721	pathogenic
P13569	L165A	0.9105	pathogenic
P13569	L165C	0.9165	pathogenic
P13569	L165D	0.9984	pathogenic
P13569	L165E	0.9813	pathogenic
P13569	L165F	0.7588	pathogenic
P13569	L165G	0.977	pathogenic
P13569	L165H	0.9657	pathogenic
P13569	L165I	0.3893	ambiguous
P13569	L165K	0.971	pathogenic
P13569	L165M	0.308	benign
P13569	L165N	0.9775	pathogenic
P13569	L165P	0.9925	pathogenic
P13569	L165Q	0.8897	pathogenic
P13569	L165R	0.9447	pathogenic
P13569	L165S	0.9669	pathogenic
P13569	L165T	0.8933	pathogenic
P13569	L165V	0.4422	ambiguous
P13569	L165W	0.9398	pathogenic
P13569	L165Y	0.9715	pathogenic
P13569	K166A	0.873	pathogenic
P13569	K166C	0.8746	pathogenic
P13569	K166D	0.9736	pathogenic
P13569	K166E	0.8259	pathogenic
P13569	K166F	0.9611	pathogenic
P13569	K166G	0.8919	pathogenic
P13569	K166H	0.6155	pathogenic
P13569	K166I	0.8673	pathogenic
P13569	K166L	0.7386	pathogenic
P13569	K166M	0.6582	pathogenic
P13569	K166N	0.8973	pathogenic
P13569	K166P	0.9879	pathogenic
P13569	K166Q	0.4131	ambiguous
P13569	K166R	0.1218	benign
P13569	K166S	0.8941	pathogenic
P13569	K166T	0.7229	pathogenic
P13569	K166V	0.8339	pathogenic
P13569	K166W	0.9649	pathogenic
P13569	K166Y	0.9029	pathogenic
P13569	L167A	0.9026	pathogenic
P13569	L167C	0.8868	pathogenic
P13569	L167D	0.9966	pathogenic
P13569	L167E	0.9783	pathogenic
P13569	L167F	0.7242	pathogenic
P13569	L167G	0.9718	pathogenic
P13569	L167H	0.9448	pathogenic
P13569	L167I	0.3612	ambiguous
P13569	L167K	0.9656	pathogenic
P13569	L167M	0.2585	benign
P13569	L167N	0.9649	pathogenic
P13569	L167P	0.9922	pathogenic
P13569	L167Q	0.8926	pathogenic
P13569	L167R	0.936	pathogenic
P13569	L167S	0.9463	pathogenic
P13569	L167T	0.8621	pathogenic
P13569	L167V	0.3901	ambiguous
P13569	L167W	0.9267	pathogenic
P13569	L167Y	0.9278	pathogenic
P13569	S168A	0.3672	ambiguous
P13569	S168C	0.4073	ambiguous
P13569	S168D	0.8449	pathogenic
P13569	S168E	0.9441	pathogenic
P13569	S168F	0.8886	pathogenic
P13569	S168G	0.3647	ambiguous
P13569	S168H	0.8175	pathogenic
P13569	S168I	0.9252	pathogenic
P13569	S168K	0.9723	pathogenic
P13569	S168L	0.7006	pathogenic
P13569	S168M	0.8837	pathogenic
P13569	S168N	0.5598	ambiguous
P13569	S168P	0.6876	pathogenic
P13569	S168Q	0.9152	pathogenic
P13569	S168R	0.9521	pathogenic
P13569	S168T	0.282	benign
P13569	S168V	0.8818	pathogenic
P13569	S168W	0.8972	pathogenic
P13569	S168Y	0.7673	pathogenic
P13569	S169A	0.182	benign
P13569	S169C	0.2495	benign
P13569	S169D	0.924	pathogenic
P13569	S169E	0.9401	pathogenic
P13569	S169F	0.699	pathogenic
P13569	S169G	0.239	benign
P13569	S169H	0.8443	pathogenic
P13569	S169I	0.7094	pathogenic
P13569	S169K	0.9782	pathogenic
P13569	S169L	0.3525	ambiguous
P13569	S169M	0.6565	pathogenic
P13569	S169N	0.6235	pathogenic
P13569	S169P	0.4985	ambiguous
P13569	S169Q	0.9113	pathogenic
P13569	S169R	0.9561	pathogenic
P13569	S169T	0.2479	benign
P13569	S169V	0.6002	pathogenic
P13569	S169W	0.7941	pathogenic
P13569	S169Y	0.6445	pathogenic
P13569	R170A	0.3754	ambiguous
P13569	R170C	0.2157	benign
P13569	R170D	0.7384	pathogenic
P13569	R170E	0.3487	ambiguous
P13569	R170F	0.6641	pathogenic
P13569	R170G	0.2233	benign
P13569	R170H	0.1611	benign
P13569	R170I	0.3156	benign
P13569	R170K	0.1002	benign
P13569	R170L	0.3516	ambiguous
P13569	R170M	0.2893	benign
P13569	R170N	0.6327	pathogenic
P13569	R170P	0.7469	pathogenic
P13569	R170Q	0.1155	benign
P13569	R170S	0.461	ambiguous
P13569	R170T	0.2392	benign
P13569	R170V	0.409	ambiguous
P13569	R170W	0.2369	benign
P13569	R170Y	0.5103	ambiguous
P13569	V171A	0.4273	ambiguous
P13569	V171C	0.8726	pathogenic
P13569	V171D	0.5748	pathogenic
P13569	V171E	0.4843	ambiguous
P13569	V171F	0.3283	benign
P13569	V171G	0.4561	ambiguous
P13569	V171H	0.8054	pathogenic
P13569	V171I	0.1333	benign
P13569	V171K	0.7429	pathogenic
P13569	V171L	0.5779	pathogenic
P13569	V171M	0.3719	ambiguous
P13569	V171N	0.5093	ambiguous
P13569	V171P	0.9461	pathogenic
P13569	V171Q	0.6195	pathogenic
P13569	V171R	0.7274	pathogenic
P13569	V171S	0.4069	ambiguous
P13569	V171T	0.4502	ambiguous
P13569	V171W	0.9469	pathogenic
P13569	V171Y	0.768	pathogenic
P13569	L172A	0.5984	pathogenic
P13569	L172C	0.8461	pathogenic
P13569	L172D	0.9708	pathogenic
P13569	L172E	0.8261	pathogenic
P13569	L172F	0.433	ambiguous
P13569	L172G	0.8629	pathogenic
P13569	L172H	0.7024	pathogenic
P13569	L172I	0.2411	benign
P13569	L172K	0.7103	pathogenic
P13569	L172M	0.2127	benign
P13569	L172N	0.8737	pathogenic
P13569	L172P	0.913	pathogenic
P13569	L172Q	0.523	ambiguous
P13569	L172R	0.5595	ambiguous
P13569	L172S	0.7021	pathogenic
P13569	L172T	0.5086	ambiguous
P13569	L172V	0.2612	benign
P13569	L172W	0.6001	pathogenic
P13569	L172Y	0.8158	pathogenic
P13569	D173A	0.684	pathogenic
P13569	D173C	0.9289	pathogenic
P13569	D173E	0.5866	pathogenic
P13569	D173F	0.951	pathogenic
P13569	D173G	0.3954	ambiguous
P13569	D173H	0.776	pathogenic
P13569	D173I	0.9498	pathogenic
P13569	D173K	0.8942	pathogenic
P13569	D173L	0.8839	pathogenic
P13569	D173M	0.9742	pathogenic
P13569	D173N	0.396	ambiguous
P13569	D173P	0.9539	pathogenic
P13569	D173Q	0.8276	pathogenic
P13569	D173R	0.8606	pathogenic
P13569	D173S	0.4467	ambiguous
P13569	D173T	0.8314	pathogenic
P13569	D173V	0.8188	pathogenic
P13569	D173W	0.9805	pathogenic
P13569	D173Y	0.6937	pathogenic
P13569	K174A	0.3391	benign
P13569	K174C	0.6913	pathogenic
P13569	K174D	0.3863	ambiguous
P13569	K174E	0.1302	benign
P13569	K174F	0.7982	pathogenic
P13569	K174G	0.3741	ambiguous
P13569	K174H	0.2919	benign
P13569	K174I	0.3989	ambiguous
P13569	K174L	0.4361	ambiguous
P13569	K174M	0.2669	benign
P13569	K174N	0.2307	benign
P13569	K174P	0.8618	pathogenic
P13569	K174Q	0.1309	benign
P13569	K174R	0.0974	benign
P13569	K174S	0.3118	benign
P13569	K174T	0.1351	benign
P13569	K174V	0.3719	ambiguous
P13569	K174W	0.8212	pathogenic
P13569	K174Y	0.5985	pathogenic
P13569	I175A	0.8507	pathogenic
P13569	I175C	0.9196	pathogenic
P13569	I175D	0.9483	pathogenic
P13569	I175E	0.9166	pathogenic
P13569	I175F	0.3088	benign
P13569	I175G	0.9492	pathogenic
P13569	I175H	0.8725	pathogenic
P13569	I175K	0.8408	pathogenic
P13569	I175L	0.2488	benign
P13569	I175M	0.1915	benign
P13569	I175N	0.6201	pathogenic
P13569	I175P	0.9634	pathogenic
P13569	I175Q	0.8781	pathogenic
P13569	I175R	0.7922	pathogenic
P13569	I175S	0.7714	pathogenic
P13569	I175T	0.6974	pathogenic
P13569	I175V	0.1899	benign
P13569	I175W	0.9172	pathogenic
P13569	I175Y	0.7348	pathogenic
P13569	S176A	0.2157	benign
P13569	S176C	0.2751	benign
P13569	S176D	0.6348	pathogenic
P13569	S176E	0.8653	pathogenic
P13569	S176F	0.7891	pathogenic
P13569	S176G	0.1843	benign
P13569	S176H	0.7295	pathogenic
P13569	S176I	0.8157	pathogenic
P13569	S176K	0.9352	pathogenic
P13569	S176L	0.4529	ambiguous
P13569	S176M	0.726	pathogenic
P13569	S176N	0.3334	benign
P13569	S176P	0.3786	ambiguous
P13569	S176Q	0.8588	pathogenic
P13569	S176R	0.897	pathogenic
P13569	S176T	0.1335	benign
P13569	S176V	0.7402	pathogenic
P13569	S176W	0.8494	pathogenic
P13569	S176Y	0.6273	pathogenic
P13569	I177A	0.1361	benign
P13569	I177C	0.6787	pathogenic
P13569	I177D	0.6845	pathogenic
P13569	I177E	0.5737	pathogenic
P13569	I177F	0.1763	benign
P13569	I177G	0.5161	ambiguous
P13569	I177H	0.5719	pathogenic
P13569	I177K	0.4001	ambiguous
P13569	I177L	0.1241	benign
P13569	I177M	0.092	benign
P13569	I177N	0.2644	benign
P13569	I177P	0.3577	ambiguous
P13569	I177Q	0.4945	ambiguous
P13569	I177R	0.285	benign
P13569	I177S	0.1758	benign
P13569	I177T	0.0513	benign
P13569	I177V	0.0648	benign
P13569	I177W	0.7439	pathogenic
P13569	I177Y	0.5888	pathogenic
P13569	G178A	0.2902	benign
P13569	G178C	0.5388	ambiguous
P13569	G178D	0.7384	pathogenic
P13569	G178E	0.6901	pathogenic
P13569	G178F	0.8633	pathogenic
P13569	G178H	0.8144	pathogenic
P13569	G178I	0.6914	pathogenic
P13569	G178K	0.8943	pathogenic
P13569	G178L	0.8169	pathogenic
P13569	G178M	0.8578	pathogenic
P13569	G178N	0.6769	pathogenic
P13569	G178P	0.8908	pathogenic
P13569	G178Q	0.7545	pathogenic
P13569	G178R	0.7577	pathogenic
P13569	G178S	0.1522	benign
P13569	G178T	0.3807	ambiguous
P13569	G178V	0.5313	ambiguous
P13569	G178W	0.7703	pathogenic
P13569	G178Y	0.8468	pathogenic
P13569	Q179A	0.5113	ambiguous
P13569	Q179C	0.9094	pathogenic
P13569	Q179D	0.6802	pathogenic
P13569	Q179E	0.1206	benign
P13569	Q179F	0.9207	pathogenic
P13569	Q179G	0.572	pathogenic
P13569	Q179H	0.5055	ambiguous
P13569	Q179I	0.736	pathogenic
P13569	Q179K	0.1933	benign
P13569	Q179L	0.4146	ambiguous
P13569	Q179M	0.638	pathogenic
P13569	Q179N	0.53	ambiguous
P13569	Q179P	0.7819	pathogenic
P13569	Q179R	0.2647	benign
P13569	Q179S	0.53	ambiguous
P13569	Q179T	0.4792	ambiguous
P13569	Q179V	0.5752	pathogenic
P13569	Q179W	0.8951	pathogenic
P13569	Q179Y	0.7769	pathogenic
P13569	L180A	0.7602	pathogenic
P13569	L180C	0.8817	pathogenic
P13569	L180D	0.9919	pathogenic
P13569	L180E	0.9517	pathogenic
P13569	L180F	0.4447	ambiguous
P13569	L180G	0.9544	pathogenic
P13569	L180H	0.8798	pathogenic
P13569	L180I	0.1868	benign
P13569	L180K	0.9289	pathogenic
P13569	L180M	0.2276	benign
P13569	L180N	0.9523	pathogenic
P13569	L180P	0.9829	pathogenic
P13569	L180Q	0.8425	pathogenic
P13569	L180R	0.8907	pathogenic
P13569	L180S	0.9072	pathogenic
P13569	L180T	0.6964	pathogenic
P13569	L180V	0.2182	benign
P13569	L180W	0.7809	pathogenic
P13569	L180Y	0.8518	pathogenic
P13569	V181A	0.7392	pathogenic
P13569	V181C	0.9147	pathogenic
P13569	V181D	0.963	pathogenic
P13569	V181E	0.93	pathogenic
P13569	V181F	0.4502	ambiguous
P13569	V181G	0.7944	pathogenic
P13569	V181H	0.9596	pathogenic
P13569	V181I	0.073	benign
P13569	V181K	0.9508	pathogenic
P13569	V181L	0.3897	ambiguous
P13569	V181M	0.3712	ambiguous
P13569	V181N	0.8588	pathogenic
P13569	V181P	0.9662	pathogenic
P13569	V181Q	0.9097	pathogenic
P13569	V181R	0.927	pathogenic
P13569	V181S	0.7784	pathogenic
P13569	V181T	0.6719	pathogenic
P13569	V181W	0.9742	pathogenic
P13569	V181Y	0.9095	pathogenic
P13569	S182A	0.2468	benign
P13569	S182C	0.3276	benign
P13569	S182D	0.9023	pathogenic
P13569	S182E	0.9609	pathogenic
P13569	S182F	0.6547	pathogenic
P13569	S182G	0.2193	benign
P13569	S182H	0.8283	pathogenic
P13569	S182I	0.6136	pathogenic
P13569	S182K	0.9881	pathogenic
P13569	S182L	0.3609	ambiguous
P13569	S182M	0.5497	ambiguous
P13569	S182N	0.3777	ambiguous
P13569	S182P	0.933	pathogenic
P13569	S182Q	0.9167	pathogenic
P13569	S182R	0.9743	pathogenic
P13569	S182T	0.2275	benign
P13569	S182V	0.62	pathogenic
P13569	S182W	0.8323	pathogenic
P13569	S182Y	0.6115	pathogenic
P13569	L183A	0.8623	pathogenic
P13569	L183C	0.8961	pathogenic
P13569	L183D	0.9885	pathogenic
P13569	L183E	0.9461	pathogenic
P13569	L183F	0.4543	ambiguous
P13569	L183G	0.9719	pathogenic
P13569	L183H	0.754	pathogenic
P13569	L183I	0.2544	benign
P13569	L183K	0.9037	pathogenic
P13569	L183M	0.3173	benign
P13569	L183N	0.9248	pathogenic
P13569	L183P	0.9915	pathogenic
P13569	L183Q	0.7759	pathogenic
P13569	L183R	0.8251	pathogenic
P13569	L183S	0.8937	pathogenic
P13569	L183T	0.8138	pathogenic
P13569	L183V	0.3104	benign
P13569	L183W	0.7866	pathogenic
P13569	L183Y	0.8061	pathogenic
P13569	L184A	0.8316	pathogenic
P13569	L184C	0.8689	pathogenic
P13569	L184D	0.9965	pathogenic
P13569	L184E	0.9767	pathogenic
P13569	L184F	0.4187	ambiguous
P13569	L184G	0.9688	pathogenic
P13569	L184H	0.9031	pathogenic
P13569	L184I	0.3157	benign
P13569	L184K	0.9728	pathogenic
P13569	L184M	0.2051	benign
P13569	L184N	0.9705	pathogenic
P13569	L184P	0.9812	pathogenic
P13569	L184Q	0.8634	pathogenic
P13569	L184R	0.9479	pathogenic
P13569	L184S	0.902	pathogenic
P13569	L184T	0.8316	pathogenic
P13569	L184V	0.3441	ambiguous
P13569	L184W	0.8636	pathogenic
P13569	L184Y	0.9081	pathogenic
P13569	S185A	0.2318	benign
P13569	S185C	0.5325	ambiguous
P13569	S185D	0.9878	pathogenic
P13569	S185E	0.9852	pathogenic
P13569	S185F	0.8975	pathogenic
P13569	S185G	0.3892	ambiguous
P13569	S185H	0.9591	pathogenic
P13569	S185I	0.9083	pathogenic
P13569	S185K	0.9962	pathogenic
P13569	S185L	0.5963	pathogenic
P13569	S185M	0.809	pathogenic
P13569	S185N	0.8661	pathogenic
P13569	S185P	0.9712	pathogenic
P13569	S185Q	0.9558	pathogenic
P13569	S185R	0.9902	pathogenic
P13569	S185T	0.3721	ambiguous
P13569	S185V	0.8429	pathogenic
P13569	S185W	0.9474	pathogenic
P13569	S185Y	0.888	pathogenic
P13569	N186A	0.3892	ambiguous
P13569	N186C	0.5289	ambiguous
P13569	N186D	0.5473	ambiguous
P13569	N186E	0.8842	pathogenic
P13569	N186F	0.7888	pathogenic
P13569	N186G	0.4392	ambiguous
P13569	N186H	0.3024	benign
P13569	N186I	0.437	ambiguous
P13569	N186K	0.8013	pathogenic
P13569	N186L	0.4651	ambiguous
P13569	N186M	0.6163	pathogenic
P13569	N186P	0.934	pathogenic
P13569	N186Q	0.7304	pathogenic
P13569	N186R	0.7687	pathogenic
P13569	N186S	0.0997	benign
P13569	N186T	0.2415	benign
P13569	N186V	0.3618	ambiguous
P13569	N186W	0.9499	pathogenic
P13569	N186Y	0.408	ambiguous
P13569	N187A	0.755	pathogenic
P13569	N187C	0.6634	pathogenic
P13569	N187D	0.3636	ambiguous
P13569	N187E	0.8845	pathogenic
P13569	N187F	0.913	pathogenic
P13569	N187G	0.7291	pathogenic
P13569	N187H	0.1762	benign
P13569	N187I	0.7019	pathogenic
P13569	N187K	0.8752	pathogenic
P13569	N187L	0.759	pathogenic
P13569	N187M	0.8638	pathogenic
P13569	N187P	0.9409	pathogenic
P13569	N187Q	0.7752	pathogenic
P13569	N187R	0.8556	pathogenic
P13569	N187S	0.1555	benign
P13569	N187T	0.397	ambiguous
P13569	N187V	0.7159	pathogenic
P13569	N187W	0.9701	pathogenic
P13569	N187Y	0.4315	ambiguous
P13569	L188A	0.7852	pathogenic
P13569	L188C	0.8576	pathogenic
P13569	L188D	0.9959	pathogenic
P13569	L188E	0.9725	pathogenic
P13569	L188F	0.7056	pathogenic
P13569	L188G	0.9558	pathogenic
P13569	L188H	0.9542	pathogenic
P13569	L188I	0.2455	benign
P13569	L188K	0.9755	pathogenic
P13569	L188M	0.261	benign
P13569	L188N	0.9638	pathogenic
P13569	L188P	0.9812	pathogenic
P13569	L188Q	0.8838	pathogenic
P13569	L188R	0.9466	pathogenic
P13569	L188S	0.9016	pathogenic
P13569	L188T	0.6965	pathogenic
P13569	L188V	0.2347	benign
P13569	L188W	0.9339	pathogenic
P13569	L188Y	0.9664	pathogenic
P13569	N189A	0.5303	ambiguous
P13569	N189C	0.4733	ambiguous
P13569	N189D	0.6009	pathogenic
P13569	N189E	0.8742	pathogenic
P13569	N189F	0.8014	pathogenic
P13569	N189G	0.3761	ambiguous
P13569	N189H	0.3246	benign
P13569	N189I	0.5185	ambiguous
P13569	N189K	0.8417	pathogenic
P13569	N189L	0.46	ambiguous
P13569	N189M	0.5981	pathogenic
P13569	N189P	0.8922	pathogenic
P13569	N189Q	0.7041	pathogenic
P13569	N189R	0.8327	pathogenic
P13569	N189S	0.1127	benign
P13569	N189T	0.3325	benign
P13569	N189V	0.5091	ambiguous
P13569	N189W	0.9373	pathogenic
P13569	N189Y	0.4153	ambiguous
P13569	K190A	0.8879	pathogenic
P13569	K190C	0.9509	pathogenic
P13569	K190D	0.969	pathogenic
P13569	K190E	0.8495	pathogenic
P13569	K190F	0.9773	pathogenic
P13569	K190G	0.9307	pathogenic
P13569	K190H	0.6876	pathogenic
P13569	K190I	0.821	pathogenic
P13569	K190L	0.8121	pathogenic
P13569	K190M	0.7543	pathogenic
P13569	K190N	0.9133	pathogenic
P13569	K190P	0.9805	pathogenic
P13569	K190Q	0.5278	ambiguous
P13569	K190R	0.1241	benign
P13569	K190S	0.9109	pathogenic
P13569	K190T	0.6862	pathogenic
P13569	K190V	0.8031	pathogenic
P13569	K190W	0.9703	pathogenic
P13569	K190Y	0.9234	pathogenic
P13569	F191A	0.918	pathogenic
P13569	F191C	0.8845	pathogenic
P13569	F191D	0.9952	pathogenic
P13569	F191E	0.9949	pathogenic
P13569	F191G	0.9771	pathogenic
P13569	F191H	0.9828	pathogenic
P13569	F191I	0.5755	pathogenic
P13569	F191K	0.9969	pathogenic
P13569	F191L	0.9231	pathogenic
P13569	F191M	0.7916	pathogenic
P13569	F191N	0.981	pathogenic
P13569	F191P	0.9982	pathogenic
P13569	F191Q	0.9928	pathogenic
P13569	F191R	0.9927	pathogenic
P13569	F191S	0.9432	pathogenic
P13569	F191T	0.9251	pathogenic
P13569	F191V	0.5931	pathogenic
P13569	F191W	0.8165	pathogenic
P13569	F191Y	0.5337	ambiguous
P13569	D192A	0.9408	pathogenic
P13569	D192C	0.9908	pathogenic
P13569	D192E	0.8378	pathogenic
P13569	D192F	0.9936	pathogenic
P13569	D192G	0.8915	pathogenic
P13569	D192H	0.9697	pathogenic
P13569	D192I	0.9853	pathogenic
P13569	D192K	0.99	pathogenic
P13569	D192L	0.9811	pathogenic
P13569	D192M	0.9965	pathogenic
P13569	D192N	0.834	pathogenic
P13569	D192P	0.9919	pathogenic
P13569	D192Q	0.9771	pathogenic
P13569	D192R	0.9814	pathogenic
P13569	D192S	0.8262	pathogenic
P13569	D192T	0.9613	pathogenic
P13569	D192V	0.9565	pathogenic
P13569	D192W	0.9976	pathogenic
P13569	D192Y	0.9511	pathogenic
P13569	E193A	0.5869	pathogenic
P13569	E193C	0.9878	pathogenic
P13569	E193D	0.5502	ambiguous
P13569	E193F	0.9691	pathogenic
P13569	E193G	0.5798	pathogenic
P13569	E193H	0.9306	pathogenic
P13569	E193I	0.8766	pathogenic
P13569	E193K	0.684	pathogenic
P13569	E193L	0.903	pathogenic
P13569	E193M	0.8777	pathogenic
P13569	E193N	0.8005	pathogenic
P13569	E193P	0.9911	pathogenic
P13569	E193Q	0.4788	ambiguous
P13569	E193R	0.7945	pathogenic
P13569	E193S	0.6224	pathogenic
P13569	E193T	0.7184	pathogenic
P13569	E193V	0.729	pathogenic
P13569	E193W	0.9912	pathogenic
P13569	E193Y	0.9472	pathogenic
P13569	G194A	0.318	benign
P13569	G194C	0.6914	pathogenic
P13569	G194D	0.9307	pathogenic
P13569	G194E	0.9192	pathogenic
P13569	G194F	0.9479	pathogenic
P13569	G194H	0.9734	pathogenic
P13569	G194I	0.815	pathogenic
P13569	G194K	0.9887	pathogenic
P13569	G194L	0.9192	pathogenic
P13569	G194M	0.9022	pathogenic
P13569	G194N	0.8801	pathogenic
P13569	G194P	0.9955	pathogenic
P13569	G194Q	0.9564	pathogenic
P13569	G194R	0.9755	pathogenic
P13569	G194S	0.2689	benign
P13569	G194T	0.6022	pathogenic
P13569	G194V	0.6701	pathogenic
P13569	G194W	0.9463	pathogenic
P13569	G194Y	0.9378	pathogenic
P13569	L195A	0.633	pathogenic
P13569	L195C	0.8108	pathogenic
P13569	L195D	0.9934	pathogenic
P13569	L195E	0.963	pathogenic
P13569	L195F	0.3147	benign
P13569	L195G	0.9106	pathogenic
P13569	L195H	0.9206	pathogenic
P13569	L195I	0.1831	benign
P13569	L195K	0.9656	pathogenic
P13569	L195M	0.1767	benign
P13569	L195N	0.9458	pathogenic
P13569	L195P	0.888	pathogenic
P13569	L195Q	0.8633	pathogenic
P13569	L195R	0.9361	pathogenic
P13569	L195S	0.8097	pathogenic
P13569	L195T	0.6345	pathogenic
P13569	L195V	0.1666	benign
P13569	L195W	0.7495	pathogenic
P13569	L195Y	0.883	pathogenic
P13569	A196C	0.8052	pathogenic
P13569	A196D	0.9253	pathogenic
P13569	A196E	0.8805	pathogenic
P13569	A196F	0.679	pathogenic
P13569	A196G	0.1953	benign
P13569	A196H	0.9277	pathogenic
P13569	A196I	0.7107	pathogenic
P13569	A196K	0.9748	pathogenic
P13569	A196L	0.4916	ambiguous
P13569	A196M	0.6151	pathogenic
P13569	A196N	0.8054	pathogenic
P13569	A196P	0.5667	pathogenic
P13569	A196Q	0.8416	pathogenic
P13569	A196R	0.9392	pathogenic
P13569	A196S	0.1758	benign
P13569	A196T	0.3347	benign
P13569	A196V	0.4177	ambiguous
P13569	A196W	0.9658	pathogenic
P13569	A196Y	0.8762	pathogenic
P13569	L197A	0.487	ambiguous
P13569	L197C	0.8837	pathogenic
P13569	L197D	0.9545	pathogenic
P13569	L197E	0.7725	pathogenic
P13569	L197F	0.3145	benign
P13569	L197G	0.8087	pathogenic
P13569	L197H	0.6993	pathogenic
P13569	L197I	0.1563	benign
P13569	L197K	0.7802	pathogenic
P13569	L197M	0.1588	benign
P13569	L197N	0.7088	pathogenic
P13569	L197P	0.9026	pathogenic
P13569	L197Q	0.4703	ambiguous
P13569	L197R	0.6641	pathogenic
P13569	L197S	0.5617	ambiguous
P13569	L197T	0.4286	ambiguous
P13569	L197V	0.145	benign
P13569	L197W	0.6684	pathogenic
P13569	L197Y	0.7284	pathogenic
P13569	A198C	0.6533	pathogenic
P13569	A198D	0.9711	pathogenic
P13569	A198E	0.9519	pathogenic
P13569	A198F	0.6401	pathogenic
P13569	A198G	0.3432	ambiguous
P13569	A198H	0.9642	pathogenic
P13569	A198I	0.5196	ambiguous
P13569	A198K	0.9868	pathogenic
P13569	A198L	0.4062	ambiguous
P13569	A198M	0.4723	ambiguous
P13569	A198N	0.909	pathogenic
P13569	A198P	0.9307	pathogenic
P13569	A198Q	0.9203	pathogenic
P13569	A198R	0.9657	pathogenic
P13569	A198S	0.2002	benign
P13569	A198T	0.248	benign
P13569	A198V	0.2464	benign
P13569	A198W	0.9573	pathogenic
P13569	A198Y	0.9113	pathogenic
P13569	H199A	0.9541	pathogenic
P13569	H199C	0.774	pathogenic
P13569	H199D	0.945	pathogenic
P13569	H199E	0.9762	pathogenic
P13569	H199F	0.9502	pathogenic
P13569	H199G	0.9606	pathogenic
P13569	H199I	0.9704	pathogenic
P13569	H199K	0.99	pathogenic
P13569	H199L	0.8643	pathogenic
P13569	H199M	0.9705	pathogenic
P13569	H199N	0.6062	pathogenic
P13569	H199P	0.5186	ambiguous
P13569	H199Q	0.9222	pathogenic
P13569	H199R	0.9699	pathogenic
P13569	H199S	0.8408	pathogenic
P13569	H199T	0.9649	pathogenic
P13569	H199V	0.9631	pathogenic
P13569	H199W	0.9584	pathogenic
P13569	H199Y	0.7924	pathogenic
P13569	F200A	0.9415	pathogenic
P13569	F200C	0.8885	pathogenic
P13569	F200D	0.9831	pathogenic
P13569	F200E	0.9865	pathogenic
P13569	F200G	0.9678	pathogenic
P13569	F200H	0.9124	pathogenic
P13569	F200I	0.8274	pathogenic
P13569	F200K	0.9919	pathogenic
P13569	F200L	0.9785	pathogenic
P13569	F200M	0.892	pathogenic
P13569	F200N	0.9336	pathogenic
P13569	F200P	0.9987	pathogenic
P13569	F200Q	0.9752	pathogenic
P13569	F200R	0.9769	pathogenic
P13569	F200S	0.8807	pathogenic
P13569	F200T	0.926	pathogenic
P13569	F200V	0.7545	pathogenic
P13569	F200W	0.8187	pathogenic
P13569	F200Y	0.2846	benign
P13569	V201A	0.4896	ambiguous
P13569	V201C	0.8274	pathogenic
P13569	V201D	0.9773	pathogenic
P13569	V201E	0.9587	pathogenic
P13569	V201F	0.3402	ambiguous
P13569	V201G	0.6013	pathogenic
P13569	V201H	0.9753	pathogenic
P13569	V201I	0.0838	benign
P13569	V201K	0.9727	pathogenic
P13569	V201L	0.3093	benign
P13569	V201M	0.356	ambiguous
P13569	V201N	0.9229	pathogenic
P13569	V201P	0.8908	pathogenic
P13569	V201Q	0.9417	pathogenic
P13569	V201R	0.9499	pathogenic
P13569	V201S	0.7038	pathogenic
P13569	V201T	0.6163	pathogenic
P13569	V201W	0.9554	pathogenic
P13569	V201Y	0.9078	pathogenic
P13569	W202A	0.952	pathogenic
P13569	W202C	0.9523	pathogenic
P13569	W202D	0.9989	pathogenic
P13569	W202E	0.998	pathogenic
P13569	W202F	0.6155	pathogenic
P13569	W202G	0.9061	pathogenic
P13569	W202H	0.9919	pathogenic
P13569	W202I	0.8972	pathogenic
P13569	W202K	0.9992	pathogenic
P13569	W202L	0.8178	pathogenic
P13569	W202M	0.9529	pathogenic
P13569	W202N	0.9968	pathogenic
P13569	W202P	0.9827	pathogenic
P13569	W202Q	0.9981	pathogenic
P13569	W202R	0.998	pathogenic
P13569	W202S	0.9456	pathogenic
P13569	W202T	0.9577	pathogenic
P13569	W202V	0.8865	pathogenic
P13569	W202Y	0.8878	pathogenic
P13569	I203A	0.7945	pathogenic
P13569	I203C	0.9644	pathogenic
P13569	I203D	0.9936	pathogenic
P13569	I203E	0.9777	pathogenic
P13569	I203F	0.8011	pathogenic
P13569	I203G	0.97	pathogenic
P13569	I203H	0.9885	pathogenic
P13569	I203K	0.9703	pathogenic
P13569	I203L	0.4039	ambiguous
P13569	I203M	0.2932	benign
P13569	I203N	0.9206	pathogenic
P13569	I203P	0.9828	pathogenic
P13569	I203Q	0.9715	pathogenic
P13569	I203R	0.9581	pathogenic
P13569	I203S	0.8549	pathogenic
P13569	I203T	0.73	pathogenic
P13569	I203V	0.2151	benign
P13569	I203W	0.992	pathogenic
P13569	I203Y	0.9723	pathogenic
P13569	A204C	0.6161	pathogenic
P13569	A204D	0.9557	pathogenic
P13569	A204E	0.9257	pathogenic
P13569	A204F	0.7108	pathogenic
P13569	A204G	0.2319	benign
P13569	A204H	0.962	pathogenic
P13569	A204I	0.2972	benign
P13569	A204K	0.9854	pathogenic
P13569	A204L	0.3881	ambiguous
P13569	A204M	0.3799	ambiguous
P13569	A204N	0.8254	pathogenic
P13569	A204P	0.8727	pathogenic
P13569	A204Q	0.9004	pathogenic
P13569	A204R	0.9709	pathogenic
P13569	A204S	0.123	benign
P13569	A204T	0.1249	benign
P13569	A204V	0.1099	benign
P13569	A204W	0.9831	pathogenic
P13569	A204Y	0.945	pathogenic
P13569	P205A	0.5655	pathogenic
P13569	P205C	0.9472	pathogenic
P13569	P205D	0.9953	pathogenic
P13569	P205E	0.9906	pathogenic
P13569	P205F	0.9129	pathogenic
P13569	P205G	0.8918	pathogenic
P13569	P205H	0.9701	pathogenic
P13569	P205I	0.7582	pathogenic
P13569	P205K	0.9951	pathogenic
P13569	P205L	0.5767	pathogenic
P13569	P205M	0.8768	pathogenic
P13569	P205N	0.9869	pathogenic
P13569	P205Q	0.9696	pathogenic
P13569	P205R	0.9822	pathogenic
P13569	P205S	0.7814	pathogenic
P13569	P205T	0.6517	pathogenic
P13569	P205V	0.6324	pathogenic
P13569	P205W	0.9826	pathogenic
P13569	P205Y	0.9707	pathogenic
P13569	L206A	0.2973	benign
P13569	L206C	0.5421	ambiguous
P13569	L206D	0.9889	pathogenic
P13569	L206E	0.9297	pathogenic
P13569	L206F	0.1652	benign
P13569	L206G	0.6838	pathogenic
P13569	L206H	0.8896	pathogenic
P13569	L206I	0.1329	benign
P13569	L206K	0.9495	pathogenic
P13569	L206M	0.1269	benign
P13569	L206N	0.9369	pathogenic
P13569	L206P	0.7165	pathogenic
P13569	L206Q	0.7501	pathogenic
P13569	L206R	0.904	pathogenic
P13569	L206S	0.5358	ambiguous
P13569	L206T	0.4615	ambiguous
P13569	L206V	0.1072	benign
P13569	L206W	0.6236	pathogenic
P13569	L206Y	0.8203	pathogenic
P13569	Q207A	0.741	pathogenic
P13569	Q207C	0.9799	pathogenic
P13569	Q207D	0.9711	pathogenic
P13569	Q207E	0.2693	benign
P13569	Q207F	0.9826	pathogenic
P13569	Q207G	0.8196	pathogenic
P13569	Q207H	0.9175	pathogenic
P13569	Q207I	0.8942	pathogenic
P13569	Q207K	0.8179	pathogenic
P13569	Q207L	0.6741	pathogenic
P13569	Q207M	0.7424	pathogenic
P13569	Q207N	0.8477	pathogenic
P13569	Q207P	0.904	pathogenic
P13569	Q207R	0.8703	pathogenic
P13569	Q207S	0.6839	pathogenic
P13569	Q207T	0.7257	pathogenic
P13569	Q207V	0.8344	pathogenic
P13569	Q207W	0.9915	pathogenic
P13569	Q207Y	0.9818	pathogenic
P13569	V208A	0.3013	benign
P13569	V208C	0.8484	pathogenic
P13569	V208D	0.9512	pathogenic
P13569	V208E	0.9284	pathogenic
P13569	V208F	0.589	pathogenic
P13569	V208G	0.4353	ambiguous
P13569	V208H	0.9853	pathogenic
P13569	V208I	0.1512	benign
P13569	V208K	0.98	pathogenic
P13569	V208L	0.6314	pathogenic
P13569	V208M	0.407	ambiguous
P13569	V208N	0.8892	pathogenic
P13569	V208P	0.9872	pathogenic
P13569	V208Q	0.9534	pathogenic
P13569	V208R	0.9729	pathogenic
P13569	V208S	0.5042	ambiguous
P13569	V208T	0.2603	benign
P13569	V208W	0.9893	pathogenic
P13569	V208Y	0.9622	pathogenic
P13569	A209C	0.3062	benign
P13569	A209D	0.8781	pathogenic
P13569	A209E	0.8294	pathogenic
P13569	A209F	0.1529	benign
P13569	A209G	0.1474	benign
P13569	A209H	0.8692	pathogenic
P13569	A209I	0.1056	benign
P13569	A209K	0.9111	pathogenic
P13569	A209L	0.0914	benign
P13569	A209M	0.0986	benign
P13569	A209N	0.632	pathogenic
P13569	A209P	0.6966	pathogenic
P13569	A209Q	0.7941	pathogenic
P13569	A209R	0.8876	pathogenic
P13569	A209S	0.1349	benign
P13569	A209T	0.0655	benign
P13569	A209V	0.074	benign
P13569	A209W	0.7138	pathogenic
P13569	A209Y	0.5928	pathogenic
P13569	L210A	0.6054	pathogenic
P13569	L210C	0.828	pathogenic
P13569	L210D	0.9947	pathogenic
P13569	L210E	0.9716	pathogenic
P13569	L210F	0.3025	benign
P13569	L210G	0.848	pathogenic
P13569	L210H	0.9383	pathogenic
P13569	L210I	0.2102	benign
P13569	L210K	0.9758	pathogenic
P13569	L210M	0.2755	benign
P13569	L210N	0.9632	pathogenic
P13569	L210P	0.9485	pathogenic
P13569	L210Q	0.8996	pathogenic
P13569	L210R	0.9467	pathogenic
P13569	L210S	0.8009	pathogenic
P13569	L210T	0.7175	pathogenic
P13569	L210V	0.1981	benign
P13569	L210W	0.8029	pathogenic
P13569	L210Y	0.8772	pathogenic
P13569	L211A	0.7963	pathogenic
P13569	L211C	0.745	pathogenic
P13569	L211D	0.9926	pathogenic
P13569	L211E	0.9614	pathogenic
P13569	L211F	0.8243	pathogenic
P13569	L211G	0.9235	pathogenic
P13569	L211H	0.9574	pathogenic
P13569	L211I	0.435	ambiguous
P13569	L211K	0.9791	pathogenic
P13569	L211M	0.4296	ambiguous
P13569	L211N	0.9358	pathogenic
P13569	L211P	0.9788	pathogenic
P13569	L211Q	0.8982	pathogenic
P13569	L211R	0.9619	pathogenic
P13569	L211S	0.8897	pathogenic
P13569	L211T	0.7762	pathogenic
P13569	L211V	0.3864	ambiguous
P13569	L211W	0.9719	pathogenic
P13569	L211Y	0.9721	pathogenic
P13569	M212A	0.5621	ambiguous
P13569	M212C	0.8603	pathogenic
P13569	M212D	0.99	pathogenic
P13569	M212E	0.9497	pathogenic
P13569	M212F	0.6489	pathogenic
P13569	M212G	0.799	pathogenic
P13569	M212H	0.9812	pathogenic
P13569	M212I	0.6882	pathogenic
P13569	M212K	0.9362	pathogenic
P13569	M212L	0.2185	benign
P13569	M212N	0.9205	pathogenic
P13569	M212P	0.9857	pathogenic
P13569	M212Q	0.8791	pathogenic
P13569	M212R	0.9408	pathogenic
P13569	M212S	0.636	pathogenic
P13569	M212T	0.3245	benign
P13569	M212V	0.1969	benign
P13569	M212W	0.9652	pathogenic
P13569	M212Y	0.9649	pathogenic
P13569	G213A	0.2524	benign
P13569	G213C	0.6116	pathogenic
P13569	G213D	0.8986	pathogenic
P13569	G213E	0.8806	pathogenic
P13569	G213F	0.6641	pathogenic
P13569	G213H	0.9333	pathogenic
P13569	G213I	0.4883	ambiguous
P13569	G213K	0.9668	pathogenic
P13569	G213L	0.6981	pathogenic
P13569	G213M	0.7387	pathogenic
P13569	G213N	0.8718	pathogenic
P13569	G213P	0.9815	pathogenic
P13569	G213Q	0.9269	pathogenic
P13569	G213R	0.938	pathogenic
P13569	G213S	0.3051	benign
P13569	G213T	0.5079	ambiguous
P13569	G213V	0.3591	ambiguous
P13569	G213W	0.6554	pathogenic
P13569	G213Y	0.7188	pathogenic
P13569	L214A	0.7467	pathogenic
P13569	L214C	0.8226	pathogenic
P13569	L214D	0.9774	pathogenic
P13569	L214E	0.8879	pathogenic
P13569	L214F	0.2269	benign
P13569	L214G	0.8798	pathogenic
P13569	L214H	0.8334	pathogenic
P13569	L214I	0.2978	benign
P13569	L214K	0.8328	pathogenic
P13569	L214M	0.2443	benign
P13569	L214N	0.8878	pathogenic
P13569	L214P	0.9451	pathogenic
P13569	L214Q	0.7129	pathogenic
P13569	L214R	0.769	pathogenic
P13569	L214S	0.8546	pathogenic
P13569	L214T	0.7883	pathogenic
P13569	L214V	0.3424	ambiguous
P13569	L214W	0.6401	pathogenic
P13569	L214Y	0.7484	pathogenic
P13569	I215A	0.6215	pathogenic
P13569	I215C	0.7936	pathogenic
P13569	I215D	0.9498	pathogenic
P13569	I215E	0.8957	pathogenic
P13569	I215F	0.4767	ambiguous
P13569	I215G	0.8586	pathogenic
P13569	I215H	0.894	pathogenic
P13569	I215K	0.8946	pathogenic
P13569	I215L	0.0469	benign
P13569	I215M	0.1258	benign
P13569	I215N	0.5977	pathogenic
P13569	I215P	0.9475	pathogenic
P13569	I215Q	0.7877	pathogenic
P13569	I215R	0.8653	pathogenic
P13569	I215S	0.6215	pathogenic
P13569	I215T	0.4677	ambiguous
P13569	I215V	0.1259	benign
P13569	I215W	0.9469	pathogenic
P13569	I215Y	0.8838	pathogenic
P13569	W216A	0.4962	ambiguous
P13569	W216C	0.7069	pathogenic
P13569	W216D	0.955	pathogenic
P13569	W216E	0.9401	pathogenic
P13569	W216F	0.2487	benign
P13569	W216G	0.3129	benign
P13569	W216H	0.8704	pathogenic
P13569	W216I	0.7012	pathogenic
P13569	W216K	0.9432	pathogenic
P13569	W216L	0.3243	benign
P13569	W216M	0.6258	pathogenic
P13569	W216N	0.9008	pathogenic
P13569	W216P	0.985	pathogenic
P13569	W216Q	0.8974	pathogenic
P13569	W216R	0.8859	pathogenic
P13569	W216S	0.3917	ambiguous
P13569	W216T	0.589	pathogenic
P13569	W216V	0.6169	pathogenic
P13569	W216Y	0.4724	ambiguous
P13569	E217A	0.3876	ambiguous
P13569	E217C	0.9414	pathogenic
P13569	E217D	0.0809	benign
P13569	E217F	0.8178	pathogenic
P13569	E217G	0.2334	benign
P13569	E217H	0.5843	pathogenic
P13569	E217I	0.6566	pathogenic
P13569	E217K	0.3552	ambiguous
P13569	E217L	0.6879	pathogenic
P13569	E217M	0.7281	pathogenic
P13569	E217N	0.2485	benign
P13569	E217P	0.802	pathogenic
P13569	E217Q	0.2654	benign
P13569	E217R	0.4937	ambiguous
P13569	E217S	0.2761	benign
P13569	E217T	0.4436	ambiguous
P13569	E217V	0.4683	ambiguous
P13569	E217W	0.9085	pathogenic
P13569	E217Y	0.6633	pathogenic
P13569	L218A	0.4901	ambiguous
P13569	L218C	0.8081	pathogenic
P13569	L218D	0.7351	pathogenic
P13569	L218E	0.3317	benign
P13569	L218F	0.3034	benign
P13569	L218G	0.7048	pathogenic
P13569	L218H	0.4372	ambiguous
P13569	L218I	0.1921	benign
P13569	L218K	0.437	ambiguous
P13569	L218M	0.1211	benign
P13569	L218N	0.4797	ambiguous
P13569	L218P	0.8697	pathogenic
P13569	L218Q	0.2392	benign
P13569	L218R	0.3936	ambiguous
P13569	L218S	0.4719	ambiguous
P13569	L218T	0.3429	ambiguous
P13569	L218V	0.2095	benign
P13569	L218W	0.5234	ambiguous
P13569	L218Y	0.521	ambiguous
P13569	L219A	0.796	pathogenic
P13569	L219C	0.8658	pathogenic
P13569	L219D	0.9832	pathogenic
P13569	L219E	0.9002	pathogenic
P13569	L219F	0.6992	pathogenic
P13569	L219G	0.9225	pathogenic
P13569	L219H	0.8976	pathogenic
P13569	L219I	0.2054	benign
P13569	L219K	0.9264	pathogenic
P13569	L219M	0.3806	ambiguous
P13569	L219N	0.9053	pathogenic
P13569	L219P	0.9539	pathogenic
P13569	L219Q	0.7556	pathogenic
P13569	L219R	0.8524	pathogenic
P13569	L219S	0.8696	pathogenic
P13569	L219T	0.6844	pathogenic
P13569	L219V	0.2416	benign
P13569	L219W	0.9098	pathogenic
P13569	L219Y	0.9482	pathogenic
P13569	Q220A	0.2548	benign
P13569	Q220C	0.8398	pathogenic
P13569	Q220D	0.221	benign
P13569	Q220E	0.0562	benign
P13569	Q220F	0.7991	pathogenic
P13569	Q220G	0.1445	benign
P13569	Q220H	0.2585	benign
P13569	Q220I	0.7081	pathogenic
P13569	Q220K	0.0944	benign
P13569	Q220L	0.2627	benign
P13569	Q220M	0.5635	ambiguous
P13569	Q220N	0.2586	benign
P13569	Q220P	0.2112	benign
P13569	Q220R	0.1138	benign
P13569	Q220S	0.2056	benign
P13569	Q220T	0.2718	benign
P13569	Q220V	0.4871	ambiguous
P13569	Q220W	0.7218	pathogenic
P13569	Q220Y	0.5861	pathogenic
P13569	A221C	0.695	pathogenic
P13569	A221D	0.2927	benign
P13569	A221E	0.25	benign
P13569	A221F	0.1924	benign
P13569	A221G	0.1412	benign
P13569	A221H	0.5183	ambiguous
P13569	A221I	0.2301	benign
P13569	A221K	0.5612	ambiguous
P13569	A221L	0.2334	benign
P13569	A221M	0.2729	benign
P13569	A221N	0.3225	benign
P13569	A221P	0.148	benign
P13569	A221Q	0.4269	ambiguous
P13569	A221R	0.5198	ambiguous
P13569	A221S	0.1056	benign
P13569	A221T	0.1223	benign
P13569	A221V	0.1193	benign
P13569	A221W	0.5416	ambiguous
P13569	A221Y	0.3315	benign
P13569	S222A	0.1035	benign
P13569	S222C	0.2202	benign
P13569	S222D	0.8508	pathogenic
P13569	S222E	0.8522	pathogenic
P13569	S222F	0.2425	benign
P13569	S222G	0.2275	benign
P13569	S222H	0.7172	pathogenic
P13569	S222I	0.5311	ambiguous
P13569	S222K	0.9646	pathogenic
P13569	S222L	0.3841	ambiguous
P13569	S222M	0.4466	ambiguous
P13569	S222N	0.481	ambiguous
P13569	S222P	0.3346	benign
P13569	S222Q	0.8395	pathogenic
P13569	S222R	0.947	pathogenic
P13569	S222T	0.1657	benign
P13569	S222V	0.3866	ambiguous
P13569	S222W	0.4752	ambiguous
P13569	S222Y	0.2969	benign
P13569	A223C	0.7228	pathogenic
P13569	A223D	0.9614	pathogenic
P13569	A223E	0.9581	pathogenic
P13569	A223F	0.8897	pathogenic
P13569	A223G	0.2367	benign
P13569	A223H	0.9728	pathogenic
P13569	A223I	0.704	pathogenic
P13569	A223K	0.9904	pathogenic
P13569	A223L	0.7252	pathogenic
P13569	A223M	0.7617	pathogenic
P13569	A223N	0.9041	pathogenic
P13569	A223P	0.7827	pathogenic
P13569	A223Q	0.9489	pathogenic
P13569	A223R	0.9752	pathogenic
P13569	A223S	0.1351	benign
P13569	A223T	0.2279	benign
P13569	A223V	0.3476	ambiguous
P13569	A223W	0.9895	pathogenic
P13569	A223Y	0.969	pathogenic
P13569	F224A	0.7252	pathogenic
P13569	F224C	0.5826	pathogenic
P13569	F224D	0.9938	pathogenic
P13569	F224E	0.9933	pathogenic
P13569	F224G	0.8942	pathogenic
P13569	F224H	0.979	pathogenic
P13569	F224I	0.3904	ambiguous
P13569	F224K	0.9957	pathogenic
P13569	F224L	0.8053	pathogenic
P13569	F224M	0.7055	pathogenic
P13569	F224N	0.9721	pathogenic
P13569	F224P	0.9833	pathogenic
P13569	F224Q	0.9886	pathogenic
P13569	F224R	0.9875	pathogenic
P13569	F224S	0.7985	pathogenic
P13569	F224T	0.8411	pathogenic
P13569	F224V	0.3311	benign
P13569	F224W	0.8174	pathogenic
P13569	F224Y	0.602	pathogenic
P13569	C225A	0.2691	benign
P13569	C225D	0.948	pathogenic
P13569	C225E	0.9669	pathogenic
P13569	C225F	0.1719	benign
P13569	C225G	0.1743	benign
P13569	C225H	0.8402	pathogenic
P13569	C225I	0.5822	pathogenic
P13569	C225K	0.9833	pathogenic
P13569	C225L	0.4189	ambiguous
P13569	C225M	0.668	pathogenic
P13569	C225N	0.8202	pathogenic
P13569	C225P	0.8258	pathogenic
P13569	C225Q	0.9068	pathogenic
P13569	C225R	0.9085	pathogenic
P13569	C225S	0.1933	benign
P13569	C225T	0.4282	ambiguous
P13569	C225V	0.4502	ambiguous
P13569	C225W	0.5359	ambiguous
P13569	C225Y	0.4252	ambiguous
P13569	G226A	0.3987	ambiguous
P13569	G226C	0.7884	pathogenic
P13569	G226D	0.9868	pathogenic
P13569	G226E	0.984	pathogenic
P13569	G226F	0.9678	pathogenic
P13569	G226H	0.9932	pathogenic
P13569	G226I	0.9069	pathogenic
P13569	G226K	0.9969	pathogenic
P13569	G226L	0.945	pathogenic
P13569	G226M	0.9571	pathogenic
P13569	G226N	0.9789	pathogenic
P13569	G226P	0.9892	pathogenic
P13569	G226Q	0.9826	pathogenic
P13569	G226R	0.9886	pathogenic
P13569	G226S	0.4408	ambiguous
P13569	G226T	0.7534	pathogenic
P13569	G226V	0.7952	pathogenic
P13569	G226W	0.9817	pathogenic
P13569	G226Y	0.9862	pathogenic
P13569	L227A	0.5565	ambiguous
P13569	L227C	0.7492	pathogenic
P13569	L227D	0.9957	pathogenic
P13569	L227E	0.9773	pathogenic
P13569	L227F	0.1464	benign
P13569	L227G	0.8449	pathogenic
P13569	L227H	0.9611	pathogenic
P13569	L227I	0.2271	benign
P13569	L227K	0.9838	pathogenic
P13569	L227M	0.201	benign
P13569	L227N	0.9722	pathogenic
P13569	L227P	0.9668	pathogenic
P13569	L227Q	0.9295	pathogenic
P13569	L227R	0.9673	pathogenic
P13569	L227S	0.8427	pathogenic
P13569	L227T	0.6308	pathogenic
P13569	L227V	0.2268	benign
P13569	L227W	0.7107	pathogenic
P13569	L227Y	0.8667	pathogenic
P13569	G228A	0.0486	benign
P13569	G228C	0.1746	benign
P13569	G228D	0.9234	pathogenic
P13569	G228E	0.9193	pathogenic
P13569	G228F	0.4025	ambiguous
P13569	G228H	0.9461	pathogenic
P13569	G228I	0.226	benign
P13569	G228K	0.9854	pathogenic
P13569	G228L	0.2674	benign
P13569	G228M	0.3612	ambiguous
P13569	G228N	0.8567	pathogenic
P13569	G228P	0.9254	pathogenic
P13569	G228Q	0.9299	pathogenic
P13569	G228R	0.9559	pathogenic
P13569	G228S	0.1181	benign
P13569	G228T	0.1411	benign
P13569	G228V	0.133	benign
P13569	G228W	0.6741	pathogenic
P13569	G228Y	0.7273	pathogenic
P13569	F229A	0.304	benign
P13569	F229C	0.157	benign
P13569	F229D	0.9769	pathogenic
P13569	F229E	0.9801	pathogenic
P13569	F229G	0.5247	ambiguous
P13569	F229H	0.9478	pathogenic
P13569	F229I	0.1447	benign
P13569	F229K	0.9906	pathogenic
P13569	F229L	0.4205	ambiguous
P13569	F229M	0.3353	benign
P13569	F229N	0.8901	pathogenic
P13569	F229P	0.9684	pathogenic
P13569	F229Q	0.9617	pathogenic
P13569	F229R	0.9791	pathogenic
P13569	F229S	0.3913	ambiguous
P13569	F229T	0.4063	ambiguous
P13569	F229V	0.1129	benign
P13569	F229W	0.732	pathogenic
P13569	F229Y	0.5547	ambiguous
P13569	L230A	0.8927	pathogenic
P13569	L230C	0.8933	pathogenic
P13569	L230D	0.997	pathogenic
P13569	L230E	0.9823	pathogenic
P13569	L230F	0.7244	pathogenic
P13569	L230G	0.9695	pathogenic
P13569	L230H	0.9709	pathogenic
P13569	L230I	0.3131	benign
P13569	L230K	0.9902	pathogenic
P13569	L230M	0.3791	ambiguous
P13569	L230N	0.9711	pathogenic
P13569	L230P	0.9841	pathogenic
P13569	L230Q	0.9305	pathogenic
P13569	L230R	0.9769	pathogenic
P13569	L230S	0.9363	pathogenic
P13569	L230T	0.8499	pathogenic
P13569	L230V	0.3717	ambiguous
P13569	L230W	0.9529	pathogenic
P13569	L230Y	0.9764	pathogenic
P13569	I231A	0.1784	benign
P13569	I231C	0.6056	pathogenic
P13569	I231D	0.9816	pathogenic
P13569	I231E	0.965	pathogenic
P13569	I231F	0.1578	benign
P13569	I231G	0.5448	ambiguous
P13569	I231H	0.9523	pathogenic
P13569	I231K	0.9639	pathogenic
P13569	I231L	0.1048	benign
P13569	I231M	0.0962	benign
P13569	I231N	0.8179	pathogenic
P13569	I231P	0.9044	pathogenic
P13569	I231Q	0.932	pathogenic
P13569	I231R	0.9399	pathogenic
P13569	I231S	0.3569	ambiguous
P13569	I231T	0.1342	benign
P13569	I231V	0.0676	benign
P13569	I231W	0.8902	pathogenic
P13569	I231Y	0.8316	pathogenic
P13569	V232A	0.1468	benign
P13569	V232C	0.4582	ambiguous
P13569	V232D	0.885	pathogenic
P13569	V232E	0.8858	pathogenic
P13569	V232F	0.098	benign
P13569	V232G	0.1705	benign
P13569	V232H	0.9141	pathogenic
P13569	V232I	0.0686	benign
P13569	V232K	0.925	pathogenic
P13569	V232L	0.0865	benign
P13569	V232M	0.1245	benign
P13569	V232N	0.7255	pathogenic
P13569	V232P	0.6477	pathogenic
P13569	V232Q	0.8489	pathogenic
P13569	V232R	0.8955	pathogenic
P13569	V232S	0.3005	benign
P13569	V232T	0.2391	benign
P13569	V232W	0.7794	pathogenic
P13569	V232Y	0.6642	pathogenic
P13569	L233A	0.3131	benign
P13569	L233C	0.631	pathogenic
P13569	L233D	0.9693	pathogenic
P13569	L233E	0.8391	pathogenic
P13569	L233F	0.2687	benign
P13569	L233G	0.6873	pathogenic
P13569	L233H	0.8156	pathogenic
P13569	L233I	0.097	benign
P13569	L233K	0.9008	pathogenic
P13569	L233M	0.1069	benign
P13569	L233N	0.7943	pathogenic
P13569	L233P	0.8297	pathogenic
P13569	L233Q	0.6202	pathogenic
P13569	L233R	0.8596	pathogenic
P13569	L233S	0.4615	ambiguous
P13569	L233T	0.2497	benign
P13569	L233V	0.0785	benign
P13569	L233W	0.6524	pathogenic
P13569	L233Y	0.8131	pathogenic
P13569	A234C	0.4939	ambiguous
P13569	A234D	0.9415	pathogenic
P13569	A234E	0.9326	pathogenic
P13569	A234F	0.5586	ambiguous
P13569	A234G	0.1829	benign
P13569	A234H	0.9508	pathogenic
P13569	A234I	0.2983	benign
P13569	A234K	0.985	pathogenic
P13569	A234L	0.3417	ambiguous
P13569	A234M	0.379	ambiguous
P13569	A234N	0.7949	pathogenic
P13569	A234P	0.8259	pathogenic
P13569	A234Q	0.9108	pathogenic
P13569	A234R	0.971	pathogenic
P13569	A234S	0.1128	benign
P13569	A234T	0.1232	benign
P13569	A234V	0.1131	benign
P13569	A234W	0.9522	pathogenic
P13569	A234Y	0.8817	pathogenic
P13569	L235A	0.196	benign
P13569	L235C	0.303	benign
P13569	L235D	0.9607	pathogenic
P13569	L235E	0.8923	pathogenic
P13569	L235F	0.0723	benign
P13569	L235G	0.3993	ambiguous
P13569	L235H	0.7139	pathogenic
P13569	L235I	0.0723	benign
P13569	L235K	0.8691	pathogenic
P13569	L235M	0.1166	benign
P13569	L235N	0.7615	pathogenic
P13569	L235P	0.5901	pathogenic
P13569	L235Q	0.6738	pathogenic
P13569	L235R	0.776	pathogenic
P13569	L235S	0.3389	benign
P13569	L235T	0.2744	benign
P13569	L235V	0.073	benign
P13569	L235W	0.3225	benign
P13569	L235Y	0.4885	ambiguous
P13569	F236A	0.1869	benign
P13569	F236C	0.1079	benign
P13569	F236D	0.9489	pathogenic
P13569	F236E	0.9427	pathogenic
P13569	F236G	0.3193	benign
P13569	F236H	0.8501	pathogenic
P13569	F236I	0.0745	benign
P13569	F236K	0.9555	pathogenic
P13569	F236L	0.2325	benign
P13569	F236M	0.2139	benign
P13569	F236N	0.8032	pathogenic
P13569	F236P	0.8739	pathogenic
P13569	F236Q	0.8762	pathogenic
P13569	F236R	0.9112	pathogenic
P13569	F236S	0.2351	benign
P13569	F236T	0.2512	benign
P13569	F236V	0.071	benign
P13569	F236W	0.4677	ambiguous
P13569	F236Y	0.3724	ambiguous
P13569	Q237A	0.7578	pathogenic
P13569	Q237C	0.9716	pathogenic
P13569	Q237D	0.9854	pathogenic
P13569	Q237E	0.457	ambiguous
P13569	Q237F	0.9734	pathogenic
P13569	Q237G	0.807	pathogenic
P13569	Q237H	0.9058	pathogenic
P13569	Q237I	0.9011	pathogenic
P13569	Q237K	0.8957	pathogenic
P13569	Q237L	0.656	pathogenic
P13569	Q237M	0.7623	pathogenic
P13569	Q237N	0.8379	pathogenic
P13569	Q237P	0.9096	pathogenic
P13569	Q237R	0.8673	pathogenic
P13569	Q237S	0.5788	pathogenic
P13569	Q237T	0.7015	pathogenic
P13569	Q237V	0.8293	pathogenic
P13569	Q237W	0.9867	pathogenic
P13569	Q237Y	0.9774	pathogenic
P13569	A238C	0.6595	pathogenic
P13569	A238D	0.8515	pathogenic
P13569	A238E	0.7737	pathogenic
P13569	A238F	0.4886	ambiguous
P13569	A238G	0.1813	benign
P13569	A238H	0.8366	pathogenic
P13569	A238I	0.4572	ambiguous
P13569	A238K	0.9082	pathogenic
P13569	A238L	0.4281	ambiguous
P13569	A238M	0.3884	ambiguous
P13569	A238N	0.7127	pathogenic
P13569	A238P	0.94	pathogenic
P13569	A238Q	0.7668	pathogenic
P13569	A238R	0.8578	pathogenic
P13569	A238S	0.1073	benign
P13569	A238T	0.1562	benign
P13569	A238V	0.1997	benign
P13569	A238W	0.851	pathogenic
P13569	A238Y	0.6717	pathogenic
P13569	G239A	0.0805	benign
P13569	G239C	0.106	benign
P13569	G239D	0.4237	ambiguous
P13569	G239E	0.2809	benign
P13569	G239F	0.1494	benign
P13569	G239H	0.3211	benign
P13569	G239I	0.0931	benign
P13569	G239K	0.3372	benign
P13569	G239L	0.1692	benign
P13569	G239M	0.1941	benign
P13569	G239N	0.3257	benign
P13569	G239P	0.8701	pathogenic
P13569	G239Q	0.2777	benign
P13569	G239R	0.2255	benign
P13569	G239S	0.0918	benign
P13569	G239T	0.1185	benign
P13569	G239V	0.0735	benign
P13569	G239W	0.1036	benign
P13569	G239Y	0.1483	benign
P13569	L240A	0.3686	ambiguous
P13569	L240C	0.5988	pathogenic
P13569	L240D	0.982	pathogenic
P13569	L240E	0.902	pathogenic
P13569	L240F	0.1854	benign
P13569	L240G	0.7518	pathogenic
P13569	L240H	0.7978	pathogenic
P13569	L240I	0.1602	benign
P13569	L240K	0.8726	pathogenic
P13569	L240M	0.139	benign
P13569	L240N	0.8635	pathogenic
P13569	L240P	0.8967	pathogenic
P13569	L240Q	0.6312	pathogenic
P13569	L240R	0.768	pathogenic
P13569	L240S	0.568	pathogenic
P13569	L240T	0.3905	ambiguous
P13569	L240V	0.1717	benign
P13569	L240W	0.4671	ambiguous
P13569	L240Y	0.7264	pathogenic
P13569	G241A	0.3269	benign
P13569	G241C	0.7324	pathogenic
P13569	G241D	0.9207	pathogenic
P13569	G241E	0.8783	pathogenic
P13569	G241F	0.9399	pathogenic
P13569	G241H	0.9458	pathogenic
P13569	G241I	0.8665	pathogenic
P13569	G241K	0.9753	pathogenic
P13569	G241L	0.8954	pathogenic
P13569	G241M	0.9073	pathogenic
P13569	G241N	0.8458	pathogenic
P13569	G241P	0.9894	pathogenic
P13569	G241Q	0.8731	pathogenic
P13569	G241R	0.9332	pathogenic
P13569	G241S	0.2441	benign
P13569	G241T	0.6061	pathogenic
P13569	G241V	0.7278	pathogenic
P13569	G241W	0.8943	pathogenic
P13569	G241Y	0.9264	pathogenic
P13569	R242A	0.2617	benign
P13569	R242C	0.1896	benign
P13569	R242D	0.5451	ambiguous
P13569	R242E	0.212	benign
P13569	R242F	0.3632	ambiguous
P13569	R242G	0.1397	benign
P13569	R242H	0.1037	benign
P13569	R242I	0.1915	benign
P13569	R242K	0.0659	benign
P13569	R242L	0.1989	benign
P13569	R242M	0.1779	benign
P13569	R242N	0.3255	benign
P13569	R242P	0.7476	pathogenic
P13569	R242Q	0.0781	benign
P13569	R242S	0.2693	benign
P13569	R242T	0.1669	benign
P13569	R242V	0.2504	benign
P13569	R242W	0.136	benign
P13569	R242Y	0.2734	benign
P13569	M243A	0.2939	benign
P13569	M243C	0.661	pathogenic
P13569	M243D	0.8306	pathogenic
P13569	M243E	0.4362	ambiguous
P13569	M243F	0.2813	benign
P13569	M243G	0.4734	ambiguous
P13569	M243H	0.4294	ambiguous
P13569	M243I	0.2782	benign
P13569	M243K	0.0999	benign
P13569	M243L	0.0997	benign
P13569	M243N	0.4727	ambiguous
P13569	M243P	0.8968	pathogenic
P13569	M243Q	0.1952	benign
P13569	M243R	0.1072	benign
P13569	M243S	0.3494	ambiguous
P13569	M243T	0.2087	benign
P13569	M243V	0.1064	benign
P13569	M243W	0.3913	ambiguous
P13569	M243Y	0.4463	ambiguous
P13569	M244A	0.6765	pathogenic
P13569	M244C	0.9462	pathogenic
P13569	M244D	0.9793	pathogenic
P13569	M244E	0.8673	pathogenic
P13569	M244F	0.6902	pathogenic
P13569	M244G	0.8744	pathogenic
P13569	M244H	0.9264	pathogenic
P13569	M244I	0.4613	ambiguous
P13569	M244K	0.7122	pathogenic
P13569	M244L	0.2172	benign
P13569	M244N	0.8259	pathogenic
P13569	M244P	0.9798	pathogenic
P13569	M244Q	0.5995	pathogenic
P13569	M244R	0.7016	pathogenic
P13569	M244S	0.7457	pathogenic
P13569	M244T	0.5138	ambiguous
P13569	M244V	0.1823	benign
P13569	M244W	0.9284	pathogenic
P13569	M244Y	0.9088	pathogenic
P13569	M245A	0.4747	ambiguous
P13569	M245C	0.8965	pathogenic
P13569	M245D	0.8911	pathogenic
P13569	M245E	0.5508	ambiguous
P13569	M245F	0.5974	pathogenic
P13569	M245G	0.5616	ambiguous
P13569	M245H	0.7469	pathogenic
P13569	M245I	0.4709	ambiguous
P13569	M245K	0.2877	benign
P13569	M245L	0.1722	benign
P13569	M245N	0.5873	pathogenic
P13569	M245P	0.9141	pathogenic
P13569	M245Q	0.3048	benign
P13569	M245R	0.2827	benign
P13569	M245S	0.5159	ambiguous
P13569	M245T	0.3277	benign
P13569	M245V	0.1125	benign
P13569	M245W	0.7879	pathogenic
P13569	M245Y	0.8	pathogenic
P13569	K246A	0.2025	benign
P13569	K246C	0.5503	ambiguous
P13569	K246D	0.3232	benign
P13569	K246E	0.1121	benign
P13569	K246F	0.5129	ambiguous
P13569	K246G	0.2515	benign
P13569	K246H	0.1859	benign
P13569	K246I	0.182	benign
P13569	K246L	0.2305	benign
P13569	K246M	0.1732	benign
P13569	K246N	0.1766	benign
P13569	K246P	0.6089	pathogenic
P13569	K246Q	0.1055	benign
P13569	K246R	0.0771	benign
P13569	K246S	0.2221	benign
P13569	K246T	0.1119	benign
P13569	K246V	0.1915	benign
P13569	K246W	0.5617	ambiguous
P13569	K246Y	0.3662	ambiguous
P13569	Y247A	0.6283	pathogenic
P13569	Y247C	0.2328	benign
P13569	Y247D	0.607	pathogenic
P13569	Y247E	0.8003	pathogenic
P13569	Y247F	0.1331	benign
P13569	Y247G	0.634	pathogenic
P13569	Y247H	0.261	benign
P13569	Y247I	0.4544	ambiguous
P13569	Y247K	0.7154	pathogenic
P13569	Y247L	0.4627	ambiguous
P13569	Y247M	0.6517	pathogenic
P13569	Y247N	0.3218	benign
P13569	Y247P	0.9075	pathogenic
P13569	Y247Q	0.6264	pathogenic
P13569	Y247R	0.6094	pathogenic
P13569	Y247S	0.4178	ambiguous
P13569	Y247T	0.6164	pathogenic
P13569	Y247V	0.4376	ambiguous
P13569	Y247W	0.4672	ambiguous
P13569	R248A	0.8834	pathogenic
P13569	R248C	0.6243	pathogenic
P13569	R248D	0.9641	pathogenic
P13569	R248E	0.774	pathogenic
P13569	R248F	0.9601	pathogenic
P13569	R248G	0.6967	pathogenic
P13569	R248H	0.3191	benign
P13569	R248I	0.8222	pathogenic
P13569	R248K	0.2128	benign
P13569	R248L	0.8117	pathogenic
P13569	R248M	0.8178	pathogenic
P13569	R248N	0.9371	pathogenic
P13569	R248P	0.9722	pathogenic
P13569	R248Q	0.2246	benign
P13569	R248S	0.8973	pathogenic
P13569	R248T	0.7816	pathogenic
P13569	R248V	0.8772	pathogenic
P13569	R248W	0.5385	ambiguous
P13569	R248Y	0.8663	pathogenic
P13569	D249A	0.193	benign
P13569	D249C	0.6232	pathogenic
P13569	D249E	0.1351	benign
P13569	D249F	0.509	ambiguous
P13569	D249G	0.1405	benign
P13569	D249H	0.2612	benign
P13569	D249I	0.2915	benign
P13569	D249K	0.3096	benign
P13569	D249L	0.3412	ambiguous
P13569	D249M	0.5549	ambiguous
P13569	D249N	0.0907	benign
P13569	D249P	0.8699	pathogenic
P13569	D249Q	0.2809	benign
P13569	D249R	0.3507	ambiguous
P13569	D249S	0.1268	benign
P13569	D249T	0.2349	benign
P13569	D249V	0.1737	benign
P13569	D249W	0.8512	pathogenic
P13569	D249Y	0.1872	benign
P13569	Q250A	0.1493	benign
P13569	Q250C	0.3382	benign
P13569	Q250D	0.285	benign
P13569	Q250E	0.0719	benign
P13569	Q250F	0.4522	ambiguous
P13569	Q250G	0.1683	benign
P13569	Q250H	0.1427	benign
P13569	Q250I	0.2018	benign
P13569	Q250K	0.0519	benign
P13569	Q250L	0.0927	benign
P13569	Q250M	0.2027	benign
P13569	Q250N	0.2112	benign
P13569	Q250P	0.3913	ambiguous
P13569	Q250R	0.0635	benign
P13569	Q250S	0.1963	benign
P13569	Q250T	0.1444	benign
P13569	Q250V	0.1601	benign
P13569	Q250W	0.2984	benign
P13569	Q250Y	0.2773	benign
P13569	R251A	0.8922	pathogenic
P13569	R251C	0.5779	pathogenic
P13569	R251D	0.9872	pathogenic
P13569	R251E	0.8467	pathogenic
P13569	R251F	0.9725	pathogenic
P13569	R251G	0.8212	pathogenic
P13569	R251H	0.5073	ambiguous
P13569	R251I	0.7298	pathogenic
P13569	R251K	0.2551	benign
P13569	R251L	0.7393	pathogenic
P13569	R251M	0.7616	pathogenic
P13569	R251N	0.967	pathogenic
P13569	R251P	0.9869	pathogenic
P13569	R251Q	0.3274	benign
P13569	R251S	0.9525	pathogenic
P13569	R251T	0.8339	pathogenic
P13569	R251V	0.818	pathogenic
P13569	R251W	0.72	pathogenic
P13569	R251Y	0.9046	pathogenic
P13569	A252C	0.813	pathogenic
P13569	A252D	0.77	pathogenic
P13569	A252E	0.6624	pathogenic
P13569	A252F	0.7006	pathogenic
P13569	A252G	0.1535	benign
P13569	A252H	0.8451	pathogenic
P13569	A252I	0.5805	pathogenic
P13569	A252K	0.8427	pathogenic
P13569	A252L	0.4673	ambiguous
P13569	A252M	0.4991	ambiguous
P13569	A252N	0.6215	pathogenic
P13569	A252P	0.9126	pathogenic
P13569	A252Q	0.6635	pathogenic
P13569	A252R	0.7367	pathogenic
P13569	A252S	0.135	benign
P13569	A252T	0.2124	benign
P13569	A252V	0.2892	benign
P13569	A252W	0.9356	pathogenic
P13569	A252Y	0.8216	pathogenic
P13569	G253A	0.1258	benign
P13569	G253C	0.2355	benign
P13569	G253D	0.2723	benign
P13569	G253E	0.1575	benign
P13569	G253F	0.5197	ambiguous
P13569	G253H	0.3496	ambiguous
P13569	G253I	0.1986	benign
P13569	G253K	0.2099	benign
P13569	G253L	0.3281	benign
P13569	G253M	0.3756	ambiguous
P13569	G253N	0.3105	benign
P13569	G253P	0.8415	pathogenic
P13569	G253Q	0.205	benign
P13569	G253R	0.1528	benign
P13569	G253S	0.1153	benign
P13569	G253T	0.1538	benign
P13569	G253V	0.1305	benign
P13569	G253W	0.3525	ambiguous
P13569	G253Y	0.4167	ambiguous
P13569	K254A	0.4272	ambiguous
P13569	K254C	0.6641	pathogenic
P13569	K254D	0.7441	pathogenic
P13569	K254E	0.1914	benign
P13569	K254F	0.6856	pathogenic
P13569	K254G	0.6195	pathogenic
P13569	K254H	0.3558	ambiguous
P13569	K254I	0.2618	benign
P13569	K254L	0.2436	benign
P13569	K254M	0.1613	benign
P13569	K254N	0.4776	ambiguous
P13569	K254P	0.9279	pathogenic
P13569	K254Q	0.1497	benign
P13569	K254R	0.1001	benign
P13569	K254S	0.5427	ambiguous
P13569	K254T	0.2394	benign
P13569	K254V	0.2753	benign
P13569	K254W	0.756	pathogenic
P13569	K254Y	0.5391	ambiguous
P13569	I255A	0.5632	ambiguous
P13569	I255C	0.904	pathogenic
P13569	I255D	0.9082	pathogenic
P13569	I255E	0.8461	pathogenic
P13569	I255F	0.3449	ambiguous
P13569	I255G	0.8274	pathogenic
P13569	I255H	0.8289	pathogenic
P13569	I255K	0.72	pathogenic
P13569	I255L	0.2593	benign
P13569	I255M	0.1671	benign
P13569	I255N	0.398	ambiguous
P13569	I255P	0.9591	pathogenic
P13569	I255Q	0.7308	pathogenic
P13569	I255R	0.6008	pathogenic
P13569	I255S	0.4664	ambiguous
P13569	I255T	0.2396	benign
P13569	I255V	0.142	benign
P13569	I255W	0.9372	pathogenic
P13569	I255Y	0.7725	pathogenic
P13569	S256A	0.2815	benign
P13569	S256C	0.265	benign
P13569	S256D	0.2701	benign
P13569	S256E	0.6702	pathogenic
P13569	S256F	0.7776	pathogenic
P13569	S256G	0.1689	benign
P13569	S256H	0.2889	benign
P13569	S256I	0.4531	ambiguous
P13569	S256K	0.7266	pathogenic
P13569	S256L	0.4215	ambiguous
P13569	S256M	0.4866	ambiguous
P13569	S256N	0.0625	benign
P13569	S256P	0.8796	pathogenic
P13569	S256Q	0.5962	pathogenic
P13569	S256R	0.7006	pathogenic
P13569	S256T	0.1525	benign
P13569	S256V	0.4822	ambiguous
P13569	S256W	0.8488	pathogenic
P13569	S256Y	0.3969	ambiguous
P13569	E257A	0.2166	benign
P13569	E257C	0.8592	pathogenic
P13569	E257D	0.2053	benign
P13569	E257F	0.8317	pathogenic
P13569	E257G	0.2172	benign
P13569	E257H	0.4864	ambiguous
P13569	E257I	0.5318	ambiguous
P13569	E257K	0.1127	benign
P13569	E257L	0.5061	ambiguous
P13569	E257M	0.5466	ambiguous
P13569	E257N	0.3393	benign
P13569	E257P	0.9567	pathogenic
P13569	E257Q	0.1283	benign
P13569	E257R	0.2166	benign
P13569	E257S	0.2712	benign
P13569	E257T	0.3248	benign
P13569	E257V	0.3567	ambiguous
P13569	E257W	0.9182	pathogenic
P13569	E257Y	0.6899	pathogenic
P13569	R258A	0.9789	pathogenic
P13569	R258C	0.7369	pathogenic
P13569	R258D	0.9852	pathogenic
P13569	R258E	0.9056	pathogenic
P13569	R258F	0.9856	pathogenic
P13569	R258G	0.9409	pathogenic
P13569	R258H	0.6484	pathogenic
P13569	R258I	0.8985	pathogenic
P13569	R258K	0.708	pathogenic
P13569	R258L	0.8716	pathogenic
P13569	R258M	0.9339	pathogenic
P13569	R258N	0.9734	pathogenic
P13569	R258P	0.9914	pathogenic
P13569	R258Q	0.6968	pathogenic
P13569	R258S	0.9794	pathogenic
P13569	R258T	0.9573	pathogenic
P13569	R258V	0.9432	pathogenic
P13569	R258W	0.8093	pathogenic
P13569	R258Y	0.9249	pathogenic
P13569	L259A	0.8058	pathogenic
P13569	L259C	0.935	pathogenic
P13569	L259D	0.9888	pathogenic
P13569	L259E	0.9224	pathogenic
P13569	L259F	0.6148	pathogenic
P13569	L259G	0.9544	pathogenic
P13569	L259H	0.8498	pathogenic
P13569	L259I	0.1766	benign
P13569	L259K	0.902	pathogenic
P13569	L259M	0.2241	benign
P13569	L259N	0.904	pathogenic
P13569	L259P	0.9878	pathogenic
P13569	L259Q	0.7654	pathogenic
P13569	L259R	0.8269	pathogenic
P13569	L259S	0.8934	pathogenic
P13569	L259T	0.7195	pathogenic
P13569	L259V	0.2385	benign
P13569	L259W	0.8326	pathogenic
P13569	L259Y	0.9031	pathogenic
P13569	V260A	0.1699	benign
P13569	V260C	0.7395	pathogenic
P13569	V260D	0.4622	ambiguous
P13569	V260E	0.362	ambiguous
P13569	V260F	0.2064	benign
P13569	V260G	0.1903	benign
P13569	V260H	0.6058	pathogenic
P13569	V260I	0.1031	benign
P13569	V260K	0.3951	ambiguous
P13569	V260L	0.2173	benign
P13569	V260M	0.1708	benign
P13569	V260N	0.3417	ambiguous
P13569	V260P	0.9165	pathogenic
P13569	V260Q	0.3468	ambiguous
P13569	V260R	0.3357	benign
P13569	V260S	0.2177	benign
P13569	V260T	0.2486	benign
P13569	V260W	0.8635	pathogenic
P13569	V260Y	0.6489	pathogenic
P13569	I261A	0.4464	ambiguous
P13569	I261C	0.6819	pathogenic
P13569	I261D	0.8549	pathogenic
P13569	I261E	0.7307	pathogenic
P13569	I261F	0.133	benign
P13569	I261G	0.7954	pathogenic
P13569	I261H	0.6011	pathogenic
P13569	I261K	0.4584	ambiguous
P13569	I261L	0.0895	benign
P13569	I261M	0.0932	benign
P13569	I261N	0.4406	ambiguous
P13569	I261P	0.9432	pathogenic
P13569	I261Q	0.5659	pathogenic
P13569	I261R	0.3445	ambiguous
P13569	I261S	0.4756	ambiguous
P13569	I261T	0.304	benign
P13569	I261V	0.0932	benign
P13569	I261W	0.7245	pathogenic
P13569	I261Y	0.4985	ambiguous
P13569	T262A	0.2544	benign
P13569	T262C	0.7326	pathogenic
P13569	T262D	0.9729	pathogenic
P13569	T262E	0.9549	pathogenic
P13569	T262F	0.7553	pathogenic
P13569	T262G	0.7946	pathogenic
P13569	T262H	0.8591	pathogenic
P13569	T262I	0.4998	ambiguous
P13569	T262K	0.9366	pathogenic
P13569	T262L	0.3386	benign
P13569	T262M	0.1802	benign
P13569	T262N	0.6796	pathogenic
P13569	T262P	0.8546	pathogenic
P13569	T262Q	0.8679	pathogenic
P13569	T262R	0.907	pathogenic
P13569	T262S	0.3583	ambiguous
P13569	T262V	0.3926	ambiguous
P13569	T262W	0.9752	pathogenic
P13569	T262Y	0.8786	pathogenic
P13569	S263A	0.0744	benign
P13569	S263C	0.1793	benign
P13569	S263D	0.7961	pathogenic
P13569	S263E	0.7845	pathogenic
P13569	S263F	0.4102	ambiguous
P13569	S263G	0.1573	benign
P13569	S263H	0.6857	pathogenic
P13569	S263I	0.472	ambiguous
P13569	S263K	0.916	pathogenic
P13569	S263L	0.161	benign
P13569	S263M	0.3046	benign
P13569	S263N	0.4102	ambiguous
P13569	S263P	0.9683	pathogenic
P13569	S263Q	0.7772	pathogenic
P13569	S263R	0.8805	pathogenic
P13569	S263T	0.0974	benign
P13569	S263V	0.3387	benign
P13569	S263W	0.6109	pathogenic
P13569	S263Y	0.3464	ambiguous
P13569	E264A	0.6274	pathogenic
P13569	E264C	0.984	pathogenic
P13569	E264D	0.6501	pathogenic
P13569	E264F	0.987	pathogenic
P13569	E264G	0.6343	pathogenic
P13569	E264H	0.9318	pathogenic
P13569	E264I	0.9389	pathogenic
P13569	E264K	0.6007	pathogenic
P13569	E264L	0.9314	pathogenic
P13569	E264M	0.9158	pathogenic
P13569	E264N	0.8221	pathogenic
P13569	E264P	0.9948	pathogenic
P13569	E264Q	0.4378	ambiguous
P13569	E264R	0.762	pathogenic
P13569	E264S	0.7084	pathogenic
P13569	E264T	0.8236	pathogenic
P13569	E264V	0.8365	pathogenic
P13569	E264W	0.9959	pathogenic
P13569	E264Y	0.9762	pathogenic
P13569	M265A	0.3943	ambiguous
P13569	M265C	0.7422	pathogenic
P13569	M265D	0.9652	pathogenic
P13569	M265E	0.8541	pathogenic
P13569	M265F	0.4743	ambiguous
P13569	M265G	0.7846	pathogenic
P13569	M265H	0.8993	pathogenic
P13569	M265I	0.1673	benign
P13569	M265K	0.6984	pathogenic
P13569	M265L	0.1452	benign
P13569	M265N	0.758	pathogenic
P13569	M265P	0.9815	pathogenic
P13569	M265Q	0.7111	pathogenic
P13569	M265R	0.681	pathogenic
P13569	M265S	0.5627	ambiguous
P13569	M265T	0.1865	benign
P13569	M265V	0.0782	benign
P13569	M265W	0.8787	pathogenic
P13569	M265Y	0.825	pathogenic
P13569	I266A	0.42	ambiguous
P13569	I266C	0.8874	pathogenic
P13569	I266D	0.9725	pathogenic
P13569	I266E	0.9066	pathogenic
P13569	I266F	0.2881	benign
P13569	I266G	0.8875	pathogenic
P13569	I266H	0.9324	pathogenic
P13569	I266K	0.8594	pathogenic
P13569	I266L	0.145	benign
P13569	I266M	0.0813	benign
P13569	I266N	0.7805	pathogenic
P13569	I266P	0.9694	pathogenic
P13569	I266Q	0.8696	pathogenic
P13569	I266R	0.7835	pathogenic
P13569	I266S	0.6292	pathogenic
P13569	I266T	0.1963	benign
P13569	I266V	0.0973	benign
P13569	I266W	0.9067	pathogenic
P13569	I266Y	0.839	pathogenic
P13569	E267A	0.4109	ambiguous
P13569	E267C	0.9216	pathogenic
P13569	E267D	0.1197	benign
P13569	E267F	0.9219	pathogenic
P13569	E267G	0.2472	benign
P13569	E267H	0.7293	pathogenic
P13569	E267I	0.782	pathogenic
P13569	E267K	0.402	ambiguous
P13569	E267L	0.7481	pathogenic
P13569	E267M	0.7948	pathogenic
P13569	E267N	0.3767	ambiguous
P13569	E267P	0.967	pathogenic
P13569	E267Q	0.3055	benign
P13569	E267R	0.5293	ambiguous
P13569	E267S	0.3301	benign
P13569	E267T	0.4983	ambiguous
P13569	E267V	0.5943	pathogenic
P13569	E267W	0.9579	pathogenic
P13569	E267Y	0.8152	pathogenic
P13569	N268A	0.8516	pathogenic
P13569	N268C	0.7676	pathogenic
P13569	N268D	0.6933	pathogenic
P13569	N268E	0.9012	pathogenic
P13569	N268F	0.9421	pathogenic
P13569	N268G	0.7468	pathogenic
P13569	N268H	0.4453	ambiguous
P13569	N268I	0.8667	pathogenic
P13569	N268K	0.9171	pathogenic
P13569	N268L	0.8961	pathogenic
P13569	N268M	0.8303	pathogenic
P13569	N268P	0.995	pathogenic
P13569	N268Q	0.8837	pathogenic
P13569	N268R	0.9313	pathogenic
P13569	N268S	0.4259	ambiguous
P13569	N268T	0.699	pathogenic
P13569	N268V	0.8542	pathogenic
P13569	N268W	0.983	pathogenic
P13569	N268Y	0.5112	ambiguous
P13569	I269A	0.6711	pathogenic
P13569	I269C	0.82	pathogenic
P13569	I269D	0.9665	pathogenic
P13569	I269E	0.9301	pathogenic
P13569	I269F	0.2142	benign
P13569	I269G	0.9108	pathogenic
P13569	I269H	0.8134	pathogenic
P13569	I269K	0.8101	pathogenic
P13569	I269L	0.1239	benign
P13569	I269M	0.1168	benign
P13569	I269N	0.6831	pathogenic
P13569	I269P	0.9625	pathogenic
P13569	I269Q	0.826	pathogenic
P13569	I269R	0.7022	pathogenic
P13569	I269S	0.6062	pathogenic
P13569	I269T	0.5264	ambiguous
P13569	I269V	0.132	benign
P13569	I269W	0.8791	pathogenic
P13569	I269Y	0.686	pathogenic
P13569	Q270A	0.2517	benign
P13569	Q270C	0.6622	pathogenic
P13569	Q270D	0.5552	ambiguous
P13569	Q270E	0.1168	benign
P13569	Q270F	0.6325	pathogenic
P13569	Q270G	0.3298	benign
P13569	Q270H	0.1918	benign
P13569	Q270I	0.4346	ambiguous
P13569	Q270K	0.17	benign
P13569	Q270L	0.1617	benign
P13569	Q270M	0.431	ambiguous
P13569	Q270N	0.3626	ambiguous
P13569	Q270P	0.1334	benign
P13569	Q270R	0.1462	benign
P13569	Q270S	0.2849	benign
P13569	Q270T	0.2609	benign
P13569	Q270V	0.3118	benign
P13569	Q270W	0.5334	ambiguous
P13569	Q270Y	0.4082	ambiguous
P13569	S271A	0.1234	benign
P13569	S271C	0.2612	benign
P13569	S271D	0.9101	pathogenic
P13569	S271E	0.9357	pathogenic
P13569	S271F	0.6816	pathogenic
P13569	S271G	0.2438	benign
P13569	S271H	0.8904	pathogenic
P13569	S271I	0.5483	ambiguous
P13569	S271K	0.9901	pathogenic
P13569	S271L	0.2929	benign
P13569	S271M	0.482	ambiguous
P13569	S271N	0.5555	ambiguous
P13569	S271P	0.7112	pathogenic
P13569	S271Q	0.9371	pathogenic
P13569	S271R	0.9817	pathogenic
P13569	S271T	0.2096	benign
P13569	S271V	0.4767	ambiguous
P13569	S271W	0.7884	pathogenic
P13569	S271Y	0.5822	pathogenic
P13569	V272A	0.662	pathogenic
P13569	V272C	0.9243	pathogenic
P13569	V272D	0.9837	pathogenic
P13569	V272E	0.9512	pathogenic
P13569	V272F	0.7198	pathogenic
P13569	V272G	0.818	pathogenic
P13569	V272H	0.9874	pathogenic
P13569	V272I	0.1154	benign
P13569	V272K	0.9722	pathogenic
P13569	V272L	0.5986	pathogenic
P13569	V272M	0.4468	ambiguous
P13569	V272N	0.9461	pathogenic
P13569	V272P	0.9886	pathogenic
P13569	V272Q	0.948	pathogenic
P13569	V272R	0.9569	pathogenic
P13569	V272S	0.839	pathogenic
P13569	V272T	0.7032	pathogenic
P13569	V272W	0.9925	pathogenic
P13569	V272Y	0.9739	pathogenic
P13569	K273A	0.9844	pathogenic
P13569	K273C	0.992	pathogenic
P13569	K273D	0.9966	pathogenic
P13569	K273E	0.9485	pathogenic
P13569	K273F	0.9979	pathogenic
P13569	K273G	0.9924	pathogenic
P13569	K273H	0.9578	pathogenic
P13569	K273I	0.9739	pathogenic
P13569	K273L	0.9621	pathogenic
P13569	K273M	0.9194	pathogenic
P13569	K273N	0.9895	pathogenic
P13569	K273P	0.9946	pathogenic
P13569	K273Q	0.9109	pathogenic
P13569	K273R	0.4298	ambiguous
P13569	K273S	0.9909	pathogenic
P13569	K273T	0.9363	pathogenic
P13569	K273V	0.9657	pathogenic
P13569	K273W	0.9975	pathogenic
P13569	K273Y	0.9925	pathogenic
P13569	A274C	0.7272	pathogenic
P13569	A274D	0.9255	pathogenic
P13569	A274E	0.8525	pathogenic
P13569	A274F	0.6698	pathogenic
P13569	A274G	0.3273	benign
P13569	A274H	0.9343	pathogenic
P13569	A274I	0.4883	ambiguous
P13569	A274K	0.9682	pathogenic
P13569	A274L	0.4441	ambiguous
P13569	A274M	0.4005	ambiguous
P13569	A274N	0.7777	pathogenic
P13569	A274P	0.9756	pathogenic
P13569	A274Q	0.8469	pathogenic
P13569	A274R	0.9272	pathogenic
P13569	A274S	0.1854	benign
P13569	A274T	0.2479	benign
P13569	A274V	0.2298	benign
P13569	A274W	0.9635	pathogenic
P13569	A274Y	0.8073	pathogenic
P13569	Y275A	0.9134	pathogenic
P13569	Y275C	0.408	ambiguous
P13569	Y275D	0.9069	pathogenic
P13569	Y275E	0.9823	pathogenic
P13569	Y275F	0.1895	benign
P13569	Y275G	0.8373	pathogenic
P13569	Y275H	0.7469	pathogenic
P13569	Y275I	0.9258	pathogenic
P13569	Y275K	0.9895	pathogenic
P13569	Y275L	0.7343	pathogenic
P13569	Y275M	0.9115	pathogenic
P13569	Y275N	0.611	pathogenic
P13569	Y275P	0.9895	pathogenic
P13569	Y275Q	0.9636	pathogenic
P13569	Y275R	0.954	pathogenic
P13569	Y275S	0.6127	pathogenic
P13569	Y275T	0.9093	pathogenic
P13569	Y275V	0.8471	pathogenic
P13569	Y275W	0.6382	pathogenic
P13569	C276A	0.4502	ambiguous
P13569	C276D	0.7785	pathogenic
P13569	C276E	0.8421	pathogenic
P13569	C276F	0.3956	ambiguous
P13569	C276G	0.1141	benign
P13569	C276H	0.51	ambiguous
P13569	C276I	0.8289	pathogenic
P13569	C276K	0.8073	pathogenic
P13569	C276L	0.6358	pathogenic
P13569	C276M	0.8433	pathogenic
P13569	C276N	0.5987	pathogenic
P13569	C276P	0.9765	pathogenic
P13569	C276Q	0.5896	pathogenic
P13569	C276R	0.3106	benign
P13569	C276S	0.2671	benign
P13569	C276T	0.6534	pathogenic
P13569	C276V	0.7319	pathogenic
P13569	C276W	0.7026	pathogenic
P13569	C276Y	0.4328	ambiguous
P13569	W277A	0.9711	pathogenic
P13569	W277C	0.9767	pathogenic
P13569	W277D	0.9962	pathogenic
P13569	W277E	0.9944	pathogenic
P13569	W277F	0.7693	pathogenic
P13569	W277G	0.9054	pathogenic
P13569	W277H	0.9879	pathogenic
P13569	W277I	0.979	pathogenic
P13569	W277K	0.9969	pathogenic
P13569	W277L	0.8755	pathogenic
P13569	W277M	0.9676	pathogenic
P13569	W277N	0.9951	pathogenic
P13569	W277P	0.9982	pathogenic
P13569	W277Q	0.9937	pathogenic
P13569	W277R	0.991	pathogenic
P13569	W277S	0.9402	pathogenic
P13569	W277T	0.9791	pathogenic
P13569	W277V	0.9703	pathogenic
P13569	W277Y	0.9127	pathogenic
P13569	E278A	0.8049	pathogenic
P13569	E278C	0.9908	pathogenic
P13569	E278D	0.8325	pathogenic
P13569	E278F	0.9947	pathogenic
P13569	E278G	0.689	pathogenic
P13569	E278H	0.9754	pathogenic
P13569	E278I	0.9493	pathogenic
P13569	E278K	0.7932	pathogenic
P13569	E278L	0.9701	pathogenic
P13569	E278M	0.9588	pathogenic
P13569	E278N	0.9375	pathogenic
P13569	E278P	0.9914	pathogenic
P13569	E278Q	0.6633	pathogenic
P13569	E278R	0.8925	pathogenic
P13569	E278S	0.8708	pathogenic
P13569	E278T	0.8834	pathogenic
P13569	E278V	0.8731	pathogenic
P13569	E278W	0.9976	pathogenic
P13569	E278Y	0.9884	pathogenic
P13569	E279A	0.0943	benign
P13569	E279C	0.6312	pathogenic
P13569	E279D	0.0765	benign
P13569	E279F	0.4888	ambiguous
P13569	E279G	0.079	benign
P13569	E279H	0.2842	benign
P13569	E279I	0.2108	benign
P13569	E279K	0.0843	benign
P13569	E279L	0.2417	benign
P13569	E279M	0.2832	benign
P13569	E279N	0.131	benign
P13569	E279P	0.3893	ambiguous
P13569	E279Q	0.1245	benign
P13569	E279R	0.1612	benign
P13569	E279S	0.1279	benign
P13569	E279T	0.135	benign
P13569	E279V	0.1227	benign
P13569	E279W	0.6676	pathogenic
P13569	E279Y	0.3319	benign
P13569	A280C	0.6359	pathogenic
P13569	A280D	0.4709	ambiguous
P13569	A280E	0.3711	ambiguous
P13569	A280F	0.5267	ambiguous
P13569	A280G	0.2082	benign
P13569	A280H	0.6978	pathogenic
P13569	A280I	0.3374	benign
P13569	A280K	0.6143	pathogenic
P13569	A280L	0.4105	ambiguous
P13569	A280M	0.3665	ambiguous
P13569	A280N	0.4188	ambiguous
P13569	A280P	0.3796	ambiguous
P13569	A280Q	0.5455	ambiguous
P13569	A280R	0.5932	pathogenic
P13569	A280S	0.1348	benign
P13569	A280T	0.1453	benign
P13569	A280V	0.157	benign
P13569	A280W	0.8911	pathogenic
P13569	A280Y	0.6439	pathogenic
P13569	M281A	0.6216	pathogenic
P13569	M281C	0.92	pathogenic
P13569	M281D	0.9937	pathogenic
P13569	M281E	0.9167	pathogenic
P13569	M281F	0.6144	pathogenic
P13569	M281G	0.8869	pathogenic
P13569	M281H	0.9569	pathogenic
P13569	M281I	0.7087	pathogenic
P13569	M281K	0.7919	pathogenic
P13569	M281L	0.2996	benign
P13569	M281N	0.9439	pathogenic
P13569	M281P	0.9844	pathogenic
P13569	M281Q	0.7618	pathogenic
P13569	M281R	0.7809	pathogenic
P13569	M281S	0.799	pathogenic
P13569	M281T	0.4427	ambiguous
P13569	M281V	0.1656	benign
P13569	M281W	0.9221	pathogenic
P13569	M281Y	0.928	pathogenic
P13569	E282A	0.2212	benign
P13569	E282C	0.903	pathogenic
P13569	E282D	0.5369	ambiguous
P13569	E282F	0.8895	pathogenic
P13569	E282G	0.1452	benign
P13569	E282H	0.7617	pathogenic
P13569	E282I	0.5937	pathogenic
P13569	E282K	0.2346	benign
P13569	E282L	0.6078	pathogenic
P13569	E282M	0.615	pathogenic
P13569	E282N	0.6283	pathogenic
P13569	E282P	0.9821	pathogenic
P13569	E282Q	0.1981	benign
P13569	E282R	0.391	ambiguous
P13569	E282S	0.3945	ambiguous
P13569	E282T	0.4499	ambiguous
P13569	E282V	0.3551	ambiguous
P13569	E282W	0.951	pathogenic
P13569	E282Y	0.8276	pathogenic
P13569	K283A	0.1502	benign
P13569	K283C	0.3885	ambiguous
P13569	K283D	0.1872	benign
P13569	K283E	0.0797	benign
P13569	K283F	0.3969	ambiguous
P13569	K283G	0.1689	benign
P13569	K283H	0.1634	benign
P13569	K283I	0.1472	benign
P13569	K283L	0.1514	benign
P13569	K283M	0.1044	benign
P13569	K283N	0.0901	benign
P13569	K283P	0.7241	pathogenic
P13569	K283Q	0.092	benign
P13569	K283R	0.0822	benign
P13569	K283S	0.1377	benign
P13569	K283T	0.0788	benign
P13569	K283V	0.1464	benign
P13569	K283W	0.4972	ambiguous
P13569	K283Y	0.276	benign
P13569	M284A	0.4091	ambiguous
P13569	M284C	0.7122	pathogenic
P13569	M284D	0.7252	pathogenic
P13569	M284E	0.3742	ambiguous
P13569	M284F	0.3203	benign
P13569	M284G	0.6602	pathogenic
P13569	M284H	0.4785	ambiguous
P13569	M284I	0.1439	benign
P13569	M284K	0.1539	benign
P13569	M284L	0.0963	benign
P13569	M284N	0.4055	ambiguous
P13569	M284P	0.9197	pathogenic
P13569	M284Q	0.2547	benign
P13569	M284R	0.1668	benign
P13569	M284S	0.437	ambiguous
P13569	M284T	0.2219	benign
P13569	M284V	0.1013	benign
P13569	M284W	0.5902	pathogenic
P13569	M284Y	0.5207	ambiguous
P13569	I285A	0.4649	ambiguous
P13569	I285C	0.9302	pathogenic
P13569	I285D	0.9758	pathogenic
P13569	I285E	0.9179	pathogenic
P13569	I285F	0.5013	ambiguous
P13569	I285G	0.9162	pathogenic
P13569	I285H	0.9501	pathogenic
P13569	I285K	0.9054	pathogenic
P13569	I285L	0.2403	benign
P13569	I285M	0.1332	benign
P13569	I285N	0.7749	pathogenic
P13569	I285P	0.9662	pathogenic
P13569	I285Q	0.9012	pathogenic
P13569	I285R	0.8461	pathogenic
P13569	I285S	0.6403	pathogenic
P13569	I285T	0.2048	benign
P13569	I285V	0.1069	benign
P13569	I285W	0.9613	pathogenic
P13569	I285Y	0.9132	pathogenic
P13569	E286A	0.1897	benign
P13569	E286C	0.8268	pathogenic
P13569	E286D	0.1819	benign
P13569	E286F	0.7653	pathogenic
P13569	E286G	0.1428	benign
P13569	E286H	0.5024	ambiguous
P13569	E286I	0.4666	ambiguous
P13569	E286K	0.1552	benign
P13569	E286L	0.4558	ambiguous
P13569	E286M	0.5122	ambiguous
P13569	E286N	0.3201	benign
P13569	E286P	0.9582	pathogenic
P13569	E286Q	0.1644	benign
P13569	E286R	0.2599	benign
P13569	E286S	0.2374	benign
P13569	E286T	0.2751	benign
P13569	E286V	0.2888	benign
P13569	E286W	0.8724	pathogenic
P13569	E286Y	0.6053	pathogenic
P13569	N287A	0.1395	benign
P13569	N287C	0.1763	benign
P13569	N287D	0.0881	benign
P13569	N287E	0.1834	benign
P13569	N287F	0.2985	benign
P13569	N287G	0.1809	benign
P13569	N287H	0.0852	benign
P13569	N287I	0.1059	benign
P13569	N287K	0.1308	benign
P13569	N287L	0.1602	benign
P13569	N287M	0.1873	benign
P13569	N287P	0.7373	pathogenic
P13569	N287Q	0.1855	benign
P13569	N287R	0.1724	benign
P13569	N287S	0.0805	benign
P13569	N287T	0.0834	benign
P13569	N287V	0.1207	benign
P13569	N287W	0.5858	pathogenic
P13569	N287Y	0.0981	benign
P13569	L288A	0.2686	benign
P13569	L288C	0.385	ambiguous
P13569	L288D	0.6222	pathogenic
P13569	L288E	0.3437	ambiguous
P13569	L288F	0.1349	benign
P13569	L288G	0.5787	pathogenic
P13569	L288H	0.1836	benign
P13569	L288I	0.0663	benign
P13569	L288K	0.2464	benign
P13569	L288M	0.1031	benign
P13569	L288N	0.3642	ambiguous
P13569	L288P	0.8507	pathogenic
P13569	L288Q	0.1522	benign
P13569	L288R	0.1684	benign
P13569	L288S	0.2498	benign
P13569	L288T	0.1887	benign
P13569	L288V	0.0877	benign
P13569	L288W	0.2388	benign
P13569	L288Y	0.2996	benign
P13569	R289A	0.9855	pathogenic
P13569	R289C	0.7839	pathogenic
P13569	R289D	0.9942	pathogenic
P13569	R289E	0.9254	pathogenic
P13569	R289F	0.9849	pathogenic
P13569	R289G	0.9529	pathogenic
P13569	R289H	0.6056	pathogenic
P13569	R289I	0.9497	pathogenic
P13569	R289K	0.7171	pathogenic
P13569	R289L	0.8953	pathogenic
P13569	R289M	0.9709	pathogenic
P13569	R289N	0.9919	pathogenic
P13569	R289P	0.99	pathogenic
P13569	R289Q	0.5701	pathogenic
P13569	R289S	0.9839	pathogenic
P13569	R289T	0.9818	pathogenic
P13569	R289V	0.9695	pathogenic
P13569	R289W	0.707	pathogenic
P13569	R289Y	0.9363	pathogenic
P13569	Q290A	0.1586	benign
P13569	Q290C	0.4523	ambiguous
P13569	Q290D	0.2201	benign
P13569	Q290E	0.0586	benign
P13569	Q290F	0.5309	ambiguous
P13569	Q290G	0.1622	benign
P13569	Q290H	0.1731	benign
P13569	Q290I	0.2464	benign
P13569	Q290K	0.0676	benign
P13569	Q290L	0.1089	benign
P13569	Q290M	0.2292	benign
P13569	Q290N	0.1934	benign
P13569	Q290P	0.4905	ambiguous
P13569	Q290R	0.091	benign
P13569	Q290S	0.2149	benign
P13569	Q290T	0.1588	benign
P13569	Q290V	0.1742	benign
P13569	Q290W	0.4131	ambiguous
P13569	Q290Y	0.3283	benign
P13569	T291A	0.0723	benign
P13569	T291C	0.337	benign
P13569	T291D	0.1697	benign
P13569	T291E	0.1411	benign
P13569	T291F	0.183	benign
P13569	T291G	0.1789	benign
P13569	T291H	0.1725	benign
P13569	T291I	0.1018	benign
P13569	T291K	0.1101	benign
P13569	T291L	0.0935	benign
P13569	T291M	0.0818	benign
P13569	T291N	0.0901	benign
P13569	T291P	0.1488	benign
P13569	T291Q	0.1511	benign
P13569	T291R	0.0971	benign
P13569	T291S	0.0991	benign
P13569	T291V	0.0983	benign
P13569	T291W	0.4199	ambiguous
P13569	T291Y	0.2084	benign
P13569	E292A	0.9206	pathogenic
P13569	E292C	0.9949	pathogenic
P13569	E292D	0.9492	pathogenic
P13569	E292F	0.9987	pathogenic
P13569	E292G	0.9292	pathogenic
P13569	E292H	0.9896	pathogenic
P13569	E292I	0.9826	pathogenic
P13569	E292K	0.9477	pathogenic
P13569	E292L	0.9922	pathogenic
P13569	E292M	0.9917	pathogenic
P13569	E292N	0.9889	pathogenic
P13569	E292P	0.9962	pathogenic
P13569	E292Q	0.8723	pathogenic
P13569	E292R	0.9583	pathogenic
P13569	E292S	0.9493	pathogenic
P13569	E292T	0.9696	pathogenic
P13569	E292V	0.9499	pathogenic
P13569	E292W	0.9994	pathogenic
P13569	E292Y	0.9955	pathogenic
P13569	L293A	0.6168	pathogenic
P13569	L293C	0.7227	pathogenic
P13569	L293D	0.9349	pathogenic
P13569	L293E	0.6198	pathogenic
P13569	L293F	0.3504	ambiguous
P13569	L293G	0.784	pathogenic
P13569	L293H	0.5856	pathogenic
P13569	L293I	0.1205	benign
P13569	L293K	0.602	pathogenic
P13569	L293M	0.1213	benign
P13569	L293N	0.7304	pathogenic
P13569	L293P	0.9802	pathogenic
P13569	L293Q	0.3584	ambiguous
P13569	L293R	0.4714	ambiguous
P13569	L293S	0.6756	pathogenic
P13569	L293T	0.4864	ambiguous
P13569	L293V	0.1232	benign
P13569	L293W	0.4909	ambiguous
P13569	L293Y	0.6489	pathogenic
P13569	K294A	0.2041	benign
P13569	K294C	0.511	ambiguous
P13569	K294D	0.37	ambiguous
P13569	K294E	0.1297	benign
P13569	K294F	0.5048	ambiguous
P13569	K294G	0.2621	benign
P13569	K294H	0.1765	benign
P13569	K294I	0.1933	benign
P13569	K294L	0.1977	benign
P13569	K294M	0.1515	benign
P13569	K294N	0.2369	benign
P13569	K294P	0.6811	pathogenic
P13569	K294Q	0.0985	benign
P13569	K294R	0.0755	benign
P13569	K294S	0.2262	benign
P13569	K294T	0.1042	benign
P13569	K294V	0.1928	benign
P13569	K294W	0.5128	ambiguous
P13569	K294Y	0.3645	ambiguous
P13569	L295A	0.3769	ambiguous
P13569	L295C	0.5532	ambiguous
P13569	L295D	0.768	pathogenic
P13569	L295E	0.4619	ambiguous
P13569	L295F	0.1662	benign
P13569	L295G	0.6533	pathogenic
P13569	L295H	0.293	benign
P13569	L295I	0.1541	benign
P13569	L295K	0.35	ambiguous
P13569	L295M	0.128	benign
P13569	L295N	0.5154	ambiguous
P13569	L295P	0.8554	pathogenic
P13569	L295Q	0.2164	benign
P13569	L295R	0.2673	benign
P13569	L295S	0.446	ambiguous
P13569	L295T	0.3945	ambiguous
P13569	L295V	0.1546	benign
P13569	L295W	0.2443	benign
P13569	L295Y	0.2792	benign
P13569	T296A	0.5245	ambiguous
P13569	T296C	0.9197	pathogenic
P13569	T296D	0.9672	pathogenic
P13569	T296E	0.9447	pathogenic
P13569	T296F	0.9415	pathogenic
P13569	T296G	0.7935	pathogenic
P13569	T296H	0.9061	pathogenic
P13569	T296I	0.8143	pathogenic
P13569	T296K	0.9313	pathogenic
P13569	T296L	0.5568	ambiguous
P13569	T296M	0.4285	ambiguous
P13569	T296N	0.7165	pathogenic
P13569	T296P	0.8435	pathogenic
P13569	T296Q	0.8572	pathogenic
P13569	T296R	0.9057	pathogenic
P13569	T296S	0.4886	ambiguous
P13569	T296V	0.6731	pathogenic
P13569	T296W	0.9854	pathogenic
P13569	T296Y	0.9453	pathogenic
P13569	R297A	0.372	ambiguous
P13569	R297C	0.1503	benign
P13569	R297D	0.7454	pathogenic
P13569	R297E	0.2361	benign
P13569	R297F	0.5666	pathogenic
P13569	R297G	0.1992	benign
P13569	R297H	0.1182	benign
P13569	R297I	0.3324	benign
P13569	R297K	0.1076	benign
P13569	R297L	0.2799	benign
P13569	R297M	0.3038	benign
P13569	R297N	0.5759	pathogenic
P13569	R297P	0.9227	pathogenic
P13569	R297Q	0.0677	benign
P13569	R297S	0.4137	ambiguous
P13569	R297T	0.2391	benign
P13569	R297V	0.3943	ambiguous
P13569	R297W	0.1515	benign
P13569	R297Y	0.3565	ambiguous
P13569	K298A	0.5656	pathogenic
P13569	K298C	0.8644	pathogenic
P13569	K298D	0.767	pathogenic
P13569	K298E	0.2683	benign
P13569	K298F	0.8632	pathogenic
P13569	K298G	0.6358	pathogenic
P13569	K298H	0.4506	ambiguous
P13569	K298I	0.5062	ambiguous
P13569	K298L	0.5289	ambiguous
P13569	K298M	0.3364	benign
P13569	K298N	0.5701	pathogenic
P13569	K298P	0.9439	pathogenic
P13569	K298Q	0.1928	benign
P13569	K298R	0.1124	benign
P13569	K298S	0.6251	pathogenic
P13569	K298T	0.3095	benign
P13569	K298V	0.5197	ambiguous
P13569	K298W	0.8124	pathogenic
P13569	K298Y	0.698	pathogenic
P13569	A299C	0.7343	pathogenic
P13569	A299D	0.8435	pathogenic
P13569	A299E	0.7314	pathogenic
P13569	A299F	0.7044	pathogenic
P13569	A299G	0.2783	benign
P13569	A299H	0.8994	pathogenic
P13569	A299I	0.4009	ambiguous
P13569	A299K	0.9354	pathogenic
P13569	A299L	0.4227	ambiguous
P13569	A299M	0.3794	ambiguous
P13569	A299N	0.6321	pathogenic
P13569	A299P	0.8942	pathogenic
P13569	A299Q	0.7844	pathogenic
P13569	A299R	0.8941	pathogenic
P13569	A299S	0.1529	benign
P13569	A299T	0.1211	benign
P13569	A299V	0.1616	benign
P13569	A299W	0.9583	pathogenic
P13569	A299Y	0.8182	pathogenic
P13569	A300C	0.7983	pathogenic
P13569	A300D	0.9578	pathogenic
P13569	A300E	0.9305	pathogenic
P13569	A300F	0.8598	pathogenic
P13569	A300G	0.2389	benign
P13569	A300H	0.9598	pathogenic
P13569	A300I	0.7207	pathogenic
P13569	A300K	0.984	pathogenic
P13569	A300L	0.6679	pathogenic
P13569	A300M	0.6782	pathogenic
P13569	A300N	0.8469	pathogenic
P13569	A300P	0.9579	pathogenic
P13569	A300Q	0.9009	pathogenic
P13569	A300R	0.9564	pathogenic
P13569	A300S	0.138	benign
P13569	A300T	0.2634	benign
P13569	A300V	0.3989	ambiguous
P13569	A300W	0.9854	pathogenic
P13569	A300Y	0.9364	pathogenic
P13569	Y301A	0.2905	benign
P13569	Y301C	0.1221	benign
P13569	Y301D	0.4296	ambiguous
P13569	Y301E	0.6997	pathogenic
P13569	Y301F	0.1275	benign
P13569	Y301G	0.3021	benign
P13569	Y301H	0.2028	benign
P13569	Y301I	0.4146	ambiguous
P13569	Y301K	0.6433	pathogenic
P13569	Y301L	0.3413	ambiguous
P13569	Y301M	0.5	ambiguous
P13569	Y301N	0.1701	benign
P13569	Y301P	0.9041	pathogenic
P13569	Y301Q	0.5029	ambiguous
P13569	Y301R	0.4425	ambiguous
P13569	Y301S	0.1167	benign
P13569	Y301T	0.2863	benign
P13569	Y301V	0.2724	benign
P13569	Y301W	0.3119	benign
P13569	V302A	0.2284	benign
P13569	V302C	0.6081	pathogenic
P13569	V302D	0.7925	pathogenic
P13569	V302E	0.6197	pathogenic
P13569	V302F	0.1758	benign
P13569	V302G	0.2431	benign
P13569	V302H	0.7514	pathogenic
P13569	V302I	0.0986	benign
P13569	V302K	0.5606	ambiguous
P13569	V302L	0.1835	benign
P13569	V302M	0.1171	benign
P13569	V302N	0.5196	ambiguous
P13569	V302P	0.9337	pathogenic
P13569	V302Q	0.5	ambiguous
P13569	V302R	0.5074	ambiguous
P13569	V302S	0.2824	benign
P13569	V302T	0.2289	benign
P13569	V302W	0.7816	pathogenic
P13569	V302Y	0.6216	pathogenic
P13569	R303A	0.9319	pathogenic
P13569	R303C	0.6285	pathogenic
P13569	R303D	0.9839	pathogenic
P13569	R303E	0.924	pathogenic
P13569	R303F	0.9602	pathogenic
P13569	R303G	0.8162	pathogenic
P13569	R303H	0.4443	ambiguous
P13569	R303I	0.871	pathogenic
P13569	R303K	0.4035	ambiguous
P13569	R303L	0.819	pathogenic
P13569	R303M	0.8872	pathogenic
P13569	R303N	0.9578	pathogenic
P13569	R303P	0.9815	pathogenic
P13569	R303Q	0.3895	ambiguous
P13569	R303S	0.9367	pathogenic
P13569	R303T	0.885	pathogenic
P13569	R303V	0.9054	pathogenic
P13569	R303W	0.6618	pathogenic
P13569	R303Y	0.8775	pathogenic
P13569	Y304A	0.8764	pathogenic
P13569	Y304C	0.5274	ambiguous
P13569	Y304D	0.9498	pathogenic
P13569	Y304E	0.9904	pathogenic
P13569	Y304F	0.1364	benign
P13569	Y304G	0.8133	pathogenic
P13569	Y304H	0.8499	pathogenic
P13569	Y304I	0.8465	pathogenic
P13569	Y304K	0.9931	pathogenic
P13569	Y304L	0.7613	pathogenic
P13569	Y304M	0.888	pathogenic
P13569	Y304N	0.7797	pathogenic
P13569	Y304P	0.9877	pathogenic
P13569	Y304Q	0.9818	pathogenic
P13569	Y304R	0.979	pathogenic
P13569	Y304S	0.7026	pathogenic
P13569	Y304T	0.8884	pathogenic
P13569	Y304V	0.7434	pathogenic
P13569	Y304W	0.7498	pathogenic
P13569	F305A	0.2609	benign
P13569	F305C	0.1171	benign
P13569	F305D	0.959	pathogenic
P13569	F305E	0.9466	pathogenic
P13569	F305G	0.4439	ambiguous
P13569	F305H	0.8261	pathogenic
P13569	F305I	0.078	benign
P13569	F305K	0.9357	pathogenic
P13569	F305L	0.3057	benign
P13569	F305M	0.2254	benign
P13569	F305N	0.806	pathogenic
P13569	F305P	0.9633	pathogenic
P13569	F305Q	0.8759	pathogenic
P13569	F305R	0.856	pathogenic
P13569	F305S	0.3332	benign
P13569	F305T	0.3252	benign
P13569	F305V	0.0684	benign
P13569	F305W	0.4447	ambiguous
P13569	F305Y	0.2548	benign
P13569	N306A	0.4003	ambiguous
P13569	N306C	0.3421	ambiguous
P13569	N306D	0.6773	pathogenic
P13569	N306E	0.909	pathogenic
P13569	N306F	0.6905	pathogenic
P13569	N306G	0.413	ambiguous
P13569	N306H	0.2703	benign
P13569	N306I	0.3318	benign
P13569	N306K	0.9273	pathogenic
P13569	N306L	0.3454	ambiguous
P13569	N306M	0.5065	ambiguous
P13569	N306P	0.8637	pathogenic
P13569	N306Q	0.7206	pathogenic
P13569	N306R	0.9035	pathogenic
P13569	N306S	0.0678	benign
P13569	N306T	0.1327	benign
P13569	N306V	0.318	benign
P13569	N306W	0.9187	pathogenic
P13569	N306Y	0.2821	benign
P13569	S307A	0.2677	benign
P13569	S307C	0.6493	pathogenic
P13569	S307D	0.9748	pathogenic
P13569	S307E	0.9817	pathogenic
P13569	S307F	0.8697	pathogenic
P13569	S307G	0.3951	ambiguous
P13569	S307H	0.9493	pathogenic
P13569	S307I	0.8179	pathogenic
P13569	S307K	0.9967	pathogenic
P13569	S307L	0.6412	pathogenic
P13569	S307M	0.7158	pathogenic
P13569	S307N	0.8095	pathogenic
P13569	S307P	0.9687	pathogenic
P13569	S307Q	0.9589	pathogenic
P13569	S307R	0.9934	pathogenic
P13569	S307T	0.2808	benign
P13569	S307V	0.7447	pathogenic
P13569	S307W	0.9403	pathogenic
P13569	S307Y	0.8346	pathogenic
P13569	S308A	0.0635	benign
P13569	S308C	0.2217	benign
P13569	S308D	0.9837	pathogenic
P13569	S308E	0.9812	pathogenic
P13569	S308F	0.7233	pathogenic
P13569	S308G	0.1984	benign
P13569	S308H	0.9606	pathogenic
P13569	S308I	0.6931	pathogenic
P13569	S308K	0.9965	pathogenic
P13569	S308L	0.3782	ambiguous
P13569	S308M	0.5031	ambiguous
P13569	S308N	0.8768	pathogenic
P13569	S308P	0.8992	pathogenic
P13569	S308Q	0.9653	pathogenic
P13569	S308R	0.9926	pathogenic
P13569	S308T	0.1953	benign
P13569	S308V	0.4782	ambiguous
P13569	S308W	0.8972	pathogenic
P13569	S308Y	0.8131	pathogenic
P13569	A309C	0.585	pathogenic
P13569	A309D	0.9589	pathogenic
P13569	A309E	0.9475	pathogenic
P13569	A309F	0.5289	ambiguous
P13569	A309G	0.244	benign
P13569	A309H	0.955	pathogenic
P13569	A309I	0.4296	ambiguous
P13569	A309K	0.9869	pathogenic
P13569	A309L	0.3522	ambiguous
P13569	A309M	0.3841	ambiguous
P13569	A309N	0.8475	pathogenic
P13569	A309P	0.8977	pathogenic
P13569	A309Q	0.9177	pathogenic
P13569	A309R	0.9672	pathogenic
P13569	A309S	0.1441	benign
P13569	A309T	0.1644	benign
P13569	A309V	0.1994	benign
P13569	A309W	0.9489	pathogenic
P13569	A309Y	0.8667	pathogenic
P13569	F310A	0.9595	pathogenic
P13569	F310C	0.9445	pathogenic
P13569	F310D	0.9957	pathogenic
P13569	F310E	0.9966	pathogenic
P13569	F310G	0.9825	pathogenic
P13569	F310H	0.9759	pathogenic
P13569	F310I	0.8781	pathogenic
P13569	F310K	0.9981	pathogenic
P13569	F310L	0.9845	pathogenic
P13569	F310M	0.9442	pathogenic
P13569	F310N	0.9745	pathogenic
P13569	F310P	0.9973	pathogenic
P13569	F310Q	0.9923	pathogenic
P13569	F310R	0.9909	pathogenic
P13569	F310S	0.9439	pathogenic
P13569	F310T	0.9709	pathogenic
P13569	F310V	0.8032	pathogenic
P13569	F310W	0.8853	pathogenic
P13569	F310Y	0.3796	ambiguous
P13569	F311A	0.9474	pathogenic
P13569	F311C	0.915	pathogenic
P13569	F311D	0.9954	pathogenic
P13569	F311E	0.9953	pathogenic
P13569	F311G	0.9778	pathogenic
P13569	F311H	0.9622	pathogenic
P13569	F311I	0.8407	pathogenic
P13569	F311K	0.9971	pathogenic
P13569	F311L	0.9751	pathogenic
P13569	F311M	0.9442	pathogenic
P13569	F311N	0.9695	pathogenic
P13569	F311P	0.9966	pathogenic
P13569	F311Q	0.9858	pathogenic
P13569	F311R	0.9841	pathogenic
P13569	F311S	0.9109	pathogenic
P13569	F311T	0.9521	pathogenic
P13569	F311V	0.7876	pathogenic
P13569	F311W	0.9137	pathogenic
P13569	F311Y	0.4968	ambiguous
P13569	F312A	0.731	pathogenic
P13569	F312C	0.5661	pathogenic
P13569	F312D	0.9916	pathogenic
P13569	F312E	0.9924	pathogenic
P13569	F312G	0.8832	pathogenic
P13569	F312H	0.9509	pathogenic
P13569	F312I	0.5601	ambiguous
P13569	F312K	0.9952	pathogenic
P13569	F312L	0.8914	pathogenic
P13569	F312M	0.808	pathogenic
P13569	F312N	0.9537	pathogenic
P13569	F312P	0.9942	pathogenic
P13569	F312Q	0.9804	pathogenic
P13569	F312R	0.9847	pathogenic
P13569	F312S	0.6693	pathogenic
P13569	F312T	0.8012	pathogenic
P13569	F312V	0.4716	ambiguous
P13569	F312W	0.8325	pathogenic
P13569	F312Y	0.4081	ambiguous
P13569	S313A	0.3326	benign
P13569	S313C	0.5705	pathogenic
P13569	S313D	0.9931	pathogenic
P13569	S313E	0.9944	pathogenic
P13569	S313F	0.9683	pathogenic
P13569	S313G	0.4437	ambiguous
P13569	S313H	0.9829	pathogenic
P13569	S313I	0.9582	pathogenic
P13569	S313K	0.9993	pathogenic
P13569	S313L	0.8096	pathogenic
P13569	S313M	0.9118	pathogenic
P13569	S313N	0.9615	pathogenic
P13569	S313P	0.9607	pathogenic
P13569	S313Q	0.9882	pathogenic
P13569	S313R	0.9981	pathogenic
P13569	S313T	0.4835	ambiguous
P13569	S313V	0.9213	pathogenic
P13569	S313W	0.9707	pathogenic
P13569	S313Y	0.9684	pathogenic
P13569	G314A	0.3776	ambiguous
P13569	G314C	0.8358	pathogenic
P13569	G314D	0.984	pathogenic
P13569	G314E	0.9849	pathogenic
P13569	G314F	0.9815	pathogenic
P13569	G314H	0.9932	pathogenic
P13569	G314I	0.9321	pathogenic
P13569	G314K	0.9971	pathogenic
P13569	G314L	0.9557	pathogenic
P13569	G314M	0.9741	pathogenic
P13569	G314N	0.9679	pathogenic
P13569	G314P	0.983	pathogenic
P13569	G314Q	0.9844	pathogenic
P13569	G314R	0.9875	pathogenic
P13569	G314S	0.3954	ambiguous
P13569	G314T	0.8172	pathogenic
P13569	G314V	0.8567	pathogenic
P13569	G314W	0.9789	pathogenic
P13569	G314Y	0.9844	pathogenic
P13569	F315A	0.7303	pathogenic
P13569	F315C	0.5488	ambiguous
P13569	F315D	0.9889	pathogenic
P13569	F315E	0.9889	pathogenic
P13569	F315G	0.8867	pathogenic
P13569	F315H	0.9663	pathogenic
P13569	F315I	0.2747	benign
P13569	F315K	0.9909	pathogenic
P13569	F315L	0.8436	pathogenic
P13569	F315M	0.6814	pathogenic
P13569	F315N	0.9337	pathogenic
P13569	F315P	0.9721	pathogenic
P13569	F315Q	0.9783	pathogenic
P13569	F315R	0.9778	pathogenic
P13569	F315S	0.7594	pathogenic
P13569	F315T	0.771	pathogenic
P13569	F315V	0.2779	benign
P13569	F315W	0.8239	pathogenic
P13569	F315Y	0.4507	ambiguous
P13569	F316A	0.4387	ambiguous
P13569	F316C	0.3867	ambiguous
P13569	F316D	0.9904	pathogenic
P13569	F316E	0.9891	pathogenic
P13569	F316G	0.7577	pathogenic
P13569	F316H	0.9628	pathogenic
P13569	F316I	0.3649	ambiguous
P13569	F316K	0.9959	pathogenic
P13569	F316L	0.7293	pathogenic
P13569	F316M	0.6034	pathogenic
P13569	F316N	0.9541	pathogenic
P13569	F316P	0.9701	pathogenic
P13569	F316Q	0.9787	pathogenic
P13569	F316R	0.9875	pathogenic
P13569	F316S	0.4934	ambiguous
P13569	F316T	0.5362	ambiguous
P13569	F316V	0.2738	benign
P13569	F316W	0.7258	pathogenic
P13569	F316Y	0.5963	pathogenic
P13569	V317A	0.5596	ambiguous
P13569	V317C	0.9379	pathogenic
P13569	V317D	0.9848	pathogenic
P13569	V317E	0.9704	pathogenic
P13569	V317F	0.8691	pathogenic
P13569	V317G	0.7652	pathogenic
P13569	V317H	0.993	pathogenic
P13569	V317I	0.1875	benign
P13569	V317K	0.9912	pathogenic
P13569	V317L	0.7991	pathogenic
P13569	V317M	0.7637	pathogenic
P13569	V317N	0.9569	pathogenic
P13569	V317P	0.9572	pathogenic
P13569	V317Q	0.9698	pathogenic
P13569	V317R	0.9771	pathogenic
P13569	V317S	0.6837	pathogenic
P13569	V317T	0.5114	ambiguous
P13569	V317W	0.9973	pathogenic
P13569	V317Y	0.9897	pathogenic
P13569	V318A	0.7528	pathogenic
P13569	V318C	0.9575	pathogenic
P13569	V318D	0.9824	pathogenic
P13569	V318E	0.9728	pathogenic
P13569	V318F	0.7995	pathogenic
P13569	V318G	0.783	pathogenic
P13569	V318H	0.9938	pathogenic
P13569	V318I	0.1574	benign
P13569	V318K	0.9913	pathogenic
P13569	V318L	0.7506	pathogenic
P13569	V318M	0.7684	pathogenic
P13569	V318N	0.9522	pathogenic
P13569	V318P	0.9225	pathogenic
P13569	V318Q	0.9763	pathogenic
P13569	V318R	0.9816	pathogenic
P13569	V318S	0.8036	pathogenic
P13569	V318T	0.7176	pathogenic
P13569	V318W	0.996	pathogenic
P13569	V318Y	0.9806	pathogenic
P13569	F319A	0.3592	ambiguous
P13569	F319C	0.2544	benign
P13569	F319D	0.9807	pathogenic
P13569	F319E	0.981	pathogenic
P13569	F319G	0.5884	pathogenic
P13569	F319H	0.9559	pathogenic
P13569	F319I	0.1696	benign
P13569	F319K	0.9925	pathogenic
P13569	F319L	0.5618	ambiguous
P13569	F319M	0.4071	ambiguous
P13569	F319N	0.8895	pathogenic
P13569	F319P	0.9653	pathogenic
P13569	F319Q	0.9677	pathogenic
P13569	F319R	0.9832	pathogenic
P13569	F319S	0.3678	ambiguous
P13569	F319T	0.3869	ambiguous
P13569	F319V	0.1575	benign
P13569	F319W	0.7505	pathogenic
P13569	F319Y	0.516	ambiguous
P13569	L320A	0.3263	benign
P13569	L320C	0.3993	ambiguous
P13569	L320D	0.9833	pathogenic
P13569	L320E	0.9439	pathogenic
P13569	L320F	0.1106	benign
P13569	L320G	0.6502	pathogenic
P13569	L320H	0.8603	pathogenic
P13569	L320I	0.1748	benign
P13569	L320K	0.9699	pathogenic
P13569	L320M	0.1997	benign
P13569	L320N	0.885	pathogenic
P13569	L320P	0.8733	pathogenic
P13569	L320Q	0.7879	pathogenic
P13569	L320R	0.9104	pathogenic
P13569	L320S	0.4459	ambiguous
P13569	L320T	0.4235	ambiguous
P13569	L320V	0.1641	benign
P13569	L320W	0.5394	ambiguous
P13569	L320Y	0.7625	pathogenic
P13569	S321A	0.0581	benign
P13569	S321C	0.1582	benign
P13569	S321D	0.9794	pathogenic
P13569	S321E	0.9787	pathogenic
P13569	S321F	0.7962	pathogenic
P13569	S321G	0.2144	benign
P13569	S321H	0.9632	pathogenic
P13569	S321I	0.7278	pathogenic
P13569	S321K	0.9975	pathogenic
P13569	S321L	0.3637	ambiguous
P13569	S321M	0.5615	ambiguous
P13569	S321N	0.8707	pathogenic
P13569	S321P	0.8673	pathogenic
P13569	S321Q	0.9694	pathogenic
P13569	S321R	0.9946	pathogenic
P13569	S321T	0.1772	benign
P13569	S321V	0.49	ambiguous
P13569	S321W	0.9308	pathogenic
P13569	S321Y	0.86	pathogenic
P13569	V322A	0.6855	pathogenic
P13569	V322C	0.9426	pathogenic
P13569	V322D	0.9806	pathogenic
P13569	V322E	0.9557	pathogenic
P13569	V322F	0.5817	pathogenic
P13569	V322G	0.7987	pathogenic
P13569	V322H	0.9882	pathogenic
P13569	V322I	0.0987	benign
P13569	V322K	0.9833	pathogenic
P13569	V322L	0.5411	ambiguous
P13569	V322M	0.5437	ambiguous
P13569	V322N	0.9471	pathogenic
P13569	V322P	0.9757	pathogenic
P13569	V322Q	0.962	pathogenic
P13569	V322R	0.9709	pathogenic
P13569	V322S	0.8123	pathogenic
P13569	V322T	0.7181	pathogenic
P13569	V322W	0.9905	pathogenic
P13569	V322Y	0.9594	pathogenic
P13569	L323A	0.3501	ambiguous
P13569	L323C	0.6983	pathogenic
P13569	L323D	0.9865	pathogenic
P13569	L323E	0.9238	pathogenic
P13569	L323F	0.1273	benign
P13569	L323G	0.6527	pathogenic
P13569	L323H	0.8736	pathogenic
P13569	L323I	0.099	benign
P13569	L323K	0.9424	pathogenic
P13569	L323M	0.152	benign
P13569	L323N	0.917	pathogenic
P13569	L323P	0.8666	pathogenic
P13569	L323Q	0.7728	pathogenic
P13569	L323R	0.8961	pathogenic
P13569	L323S	0.5449	ambiguous
P13569	L323T	0.4083	ambiguous
P13569	L323V	0.1012	benign
P13569	L323W	0.5431	ambiguous
P13569	L323Y	0.7103	pathogenic
P13569	P324A	0.5624	ambiguous
P13569	P324C	0.9517	pathogenic
P13569	P324D	0.9802	pathogenic
P13569	P324E	0.964	pathogenic
P13569	P324F	0.9425	pathogenic
P13569	P324G	0.8412	pathogenic
P13569	P324H	0.8882	pathogenic
P13569	P324I	0.8795	pathogenic
P13569	P324K	0.9803	pathogenic
P13569	P324L	0.6452	pathogenic
P13569	P324M	0.9315	pathogenic
P13569	P324N	0.9531	pathogenic
P13569	P324Q	0.8879	pathogenic
P13569	P324R	0.928	pathogenic
P13569	P324S	0.6811	pathogenic
P13569	P324T	0.6072	pathogenic
P13569	P324V	0.7909	pathogenic
P13569	P324W	0.9687	pathogenic
P13569	P324Y	0.9449	pathogenic
P13569	Y325A	0.4849	ambiguous
P13569	Y325C	0.2468	benign
P13569	Y325D	0.5027	ambiguous
P13569	Y325E	0.7368	pathogenic
P13569	Y325F	0.1135	benign
P13569	Y325G	0.561	ambiguous
P13569	Y325H	0.1907	benign
P13569	Y325I	0.6526	pathogenic
P13569	Y325K	0.7899	pathogenic
P13569	Y325L	0.5358	ambiguous
P13569	Y325M	0.7225	pathogenic
P13569	Y325N	0.3132	benign
P13569	Y325P	0.8485	pathogenic
P13569	Y325Q	0.6054	pathogenic
P13569	Y325R	0.6149	pathogenic
P13569	Y325S	0.2656	benign
P13569	Y325T	0.5524	ambiguous
P13569	Y325V	0.4696	ambiguous
P13569	Y325W	0.4218	ambiguous
P13569	A326C	0.6245	pathogenic
P13569	A326D	0.9023	pathogenic
P13569	A326E	0.8101	pathogenic
P13569	A326F	0.4255	ambiguous
P13569	A326G	0.2718	benign
P13569	A326H	0.8617	pathogenic
P13569	A326I	0.3037	benign
P13569	A326K	0.931	pathogenic
P13569	A326L	0.2203	benign
P13569	A326M	0.2793	benign
P13569	A326N	0.7593	pathogenic
P13569	A326P	0.9308	pathogenic
P13569	A326Q	0.7848	pathogenic
P13569	A326R	0.8729	pathogenic
P13569	A326S	0.1418	benign
P13569	A326T	0.1191	benign
P13569	A326V	0.1501	benign
P13569	A326W	0.8949	pathogenic
P13569	A326Y	0.7379	pathogenic
P13569	L327A	0.2363	benign
P13569	L327C	0.5066	ambiguous
P13569	L327D	0.9143	pathogenic
P13569	L327E	0.6632	pathogenic
P13569	L327F	0.0825	benign
P13569	L327G	0.5278	ambiguous
P13569	L327H	0.5078	ambiguous
P13569	L327I	0.0976	benign
P13569	L327K	0.6046	pathogenic
P13569	L327M	0.1213	benign
P13569	L327N	0.6623	pathogenic
P13569	L327P	0.8008	pathogenic
P13569	L327Q	0.3792	ambiguous
P13569	L327R	0.4629	ambiguous
P13569	L327S	0.3515	ambiguous
P13569	L327T	0.2946	benign
P13569	L327V	0.0898	benign
P13569	L327W	0.2527	benign
P13569	L327Y	0.3986	ambiguous
P13569	I328A	0.1618	benign
P13569	I328C	0.5429	ambiguous
P13569	I328D	0.3638	ambiguous
P13569	I328E	0.2109	benign
P13569	I328F	0.0786	benign
P13569	I328G	0.2674	benign
P13569	I328H	0.2397	benign
P13569	I328K	0.1719	benign
P13569	I328L	0.057	benign
P13569	I328M	0.071	benign
P13569	I328N	0.1041	benign
P13569	I328P	0.569	pathogenic
P13569	I328Q	0.1545	benign
P13569	I328R	0.1288	benign
P13569	I328S	0.1116	benign
P13569	I328T	0.1045	benign
P13569	I328V	0.0867	benign
P13569	I328W	0.3528	ambiguous
P13569	I328Y	0.2483	benign
P13569	K329A	0.3812	ambiguous
P13569	K329C	0.7239	pathogenic
P13569	K329D	0.2776	benign
P13569	K329E	0.1002	benign
P13569	K329F	0.788	pathogenic
P13569	K329G	0.3308	benign
P13569	K329H	0.165	benign
P13569	K329I	0.6175	pathogenic
P13569	K329L	0.5632	ambiguous
P13569	K329M	0.4187	ambiguous
P13569	K329N	0.2235	benign
P13569	K329P	0.7273	pathogenic
P13569	K329Q	0.1043	benign
P13569	K329R	0.0779	benign
P13569	K329S	0.2697	benign
P13569	K329T	0.2146	benign
P13569	K329V	0.5607	ambiguous
P13569	K329W	0.6842	pathogenic
P13569	K329Y	0.5198	ambiguous
P13569	G330A	0.3503	ambiguous
P13569	G330C	0.699	pathogenic
P13569	G330D	0.329	benign
P13569	G330E	0.3343	benign
P13569	G330F	0.8748	pathogenic
P13569	G330H	0.6338	pathogenic
P13569	G330I	0.7066	pathogenic
P13569	G330K	0.6089	pathogenic
P13569	G330L	0.8387	pathogenic
P13569	G330M	0.8092	pathogenic
P13569	G330N	0.4249	ambiguous
P13569	G330P	0.884	pathogenic
P13569	G330Q	0.5563	ambiguous
P13569	G330R	0.5751	pathogenic
P13569	G330S	0.2096	benign
P13569	G330T	0.3182	benign
P13569	G330V	0.5375	ambiguous
P13569	G330W	0.7388	pathogenic
P13569	G330Y	0.7266	pathogenic
P13569	I331A	0.6998	pathogenic
P13569	I331C	0.9227	pathogenic
P13569	I331D	0.8967	pathogenic
P13569	I331E	0.8601	pathogenic
P13569	I331F	0.3551	ambiguous
P13569	I331G	0.8715	pathogenic
P13569	I331H	0.8907	pathogenic
P13569	I331K	0.8413	pathogenic
P13569	I331L	0.2335	benign
P13569	I331M	0.1838	benign
P13569	I331N	0.5485	ambiguous
P13569	I331P	0.9101	pathogenic
P13569	I331Q	0.8518	pathogenic
P13569	I331R	0.7961	pathogenic
P13569	I331S	0.6364	pathogenic
P13569	I331T	0.4663	ambiguous
P13569	I331V	0.1228	benign
P13569	I331W	0.9235	pathogenic
P13569	I331Y	0.7926	pathogenic
P13569	I332A	0.1794	benign
P13569	I332C	0.7016	pathogenic
P13569	I332D	0.2986	benign
P13569	I332E	0.3138	benign
P13569	I332F	0.1388	benign
P13569	I332G	0.2993	benign
P13569	I332H	0.3057	benign
P13569	I332K	0.2486	benign
P13569	I332L	0.1214	benign
P13569	I332M	0.1237	benign
P13569	I332N	0.1101	benign
P13569	I332P	0.4197	ambiguous
P13569	I332Q	0.2729	benign
P13569	I332R	0.1907	benign
P13569	I332S	0.116	benign
P13569	I332T	0.1346	benign
P13569	I332V	0.0827	benign
P13569	I332W	0.7276	pathogenic
P13569	I332Y	0.3906	ambiguous
P13569	L333A	0.778	pathogenic
P13569	L333C	0.9545	pathogenic
P13569	L333D	0.9888	pathogenic
P13569	L333E	0.9239	pathogenic
P13569	L333F	0.5045	ambiguous
P13569	L333G	0.9398	pathogenic
P13569	L333H	0.921	pathogenic
P13569	L333I	0.2336	benign
P13569	L333K	0.9229	pathogenic
P13569	L333M	0.3699	ambiguous
P13569	L333N	0.9492	pathogenic
P13569	L333P	0.7057	pathogenic
P13569	L333Q	0.8208	pathogenic
P13569	L333R	0.8585	pathogenic
P13569	L333S	0.8665	pathogenic
P13569	L333T	0.7215	pathogenic
P13569	L333V	0.288	benign
P13569	L333W	0.809	pathogenic
P13569	L333Y	0.9205	pathogenic
P13569	R334A	0.9657	pathogenic
P13569	R334C	0.8073	pathogenic
P13569	R334D	0.9794	pathogenic
P13569	R334E	0.8249	pathogenic
P13569	R334F	0.9885	pathogenic
P13569	R334G	0.8598	pathogenic
P13569	R334H	0.6036	pathogenic
P13569	R334I	0.9629	pathogenic
P13569	R334K	0.5906	pathogenic
P13569	R334L	0.8846	pathogenic
P13569	R334M	0.9681	pathogenic
P13569	R334N	0.9742	pathogenic
P13569	R334P	0.9307	pathogenic
P13569	R334Q	0.3929	ambiguous
P13569	R334S	0.9625	pathogenic
P13569	R334T	0.9502	pathogenic
P13569	R334V	0.9622	pathogenic
P13569	R334W	0.6563	pathogenic
P13569	R334Y	0.9442	pathogenic
P13569	K335A	0.6196	pathogenic
P13569	K335C	0.9031	pathogenic
P13569	K335D	0.6798	pathogenic
P13569	K335E	0.2108	benign
P13569	K335F	0.9476	pathogenic
P13569	K335G	0.6594	pathogenic
P13569	K335H	0.4866	ambiguous
P13569	K335I	0.6917	pathogenic
P13569	K335L	0.6596	pathogenic
P13569	K335M	0.4941	ambiguous
P13569	K335N	0.5496	ambiguous
P13569	K335P	0.8948	pathogenic
P13569	K335Q	0.1529	benign
P13569	K335R	0.1021	benign
P13569	K335S	0.5944	pathogenic
P13569	K335T	0.3359	benign
P13569	K335V	0.6353	pathogenic
P13569	K335W	0.9108	pathogenic
P13569	K335Y	0.8261	pathogenic
P13569	I336A	0.9168	pathogenic
P13569	I336C	0.9797	pathogenic
P13569	I336D	0.9927	pathogenic
P13569	I336E	0.9879	pathogenic
P13569	I336F	0.7402	pathogenic
P13569	I336G	0.9812	pathogenic
P13569	I336H	0.9892	pathogenic
P13569	I336K	0.9829	pathogenic
P13569	I336L	0.3844	ambiguous
P13569	I336M	0.4424	ambiguous
P13569	I336N	0.9006	pathogenic
P13569	I336P	0.9903	pathogenic
P13569	I336Q	0.9836	pathogenic
P13569	I336R	0.9742	pathogenic
P13569	I336S	0.8974	pathogenic
P13569	I336T	0.8679	pathogenic
P13569	I336V	0.2243	benign
P13569	I336W	0.9905	pathogenic
P13569	I336Y	0.9427	pathogenic
P13569	F337A	0.9845	pathogenic
P13569	F337C	0.9812	pathogenic
P13569	F337D	0.9983	pathogenic
P13569	F337E	0.9976	pathogenic
P13569	F337G	0.9933	pathogenic
P13569	F337H	0.9901	pathogenic
P13569	F337I	0.9567	pathogenic
P13569	F337K	0.998	pathogenic
P13569	F337L	0.9878	pathogenic
P13569	F337M	0.9696	pathogenic
P13569	F337N	0.9911	pathogenic
P13569	F337P	0.9991	pathogenic
P13569	F337Q	0.9947	pathogenic
P13569	F337R	0.9928	pathogenic
P13569	F337S	0.9795	pathogenic
P13569	F337T	0.988	pathogenic
P13569	F337V	0.9426	pathogenic
P13569	F337W	0.9696	pathogenic
P13569	F337Y	0.8301	pathogenic
P13569	T338A	0.5923	pathogenic
P13569	T338C	0.9431	pathogenic
P13569	T338D	0.9815	pathogenic
P13569	T338E	0.9604	pathogenic
P13569	T338F	0.9421	pathogenic
P13569	T338G	0.8968	pathogenic
P13569	T338H	0.9407	pathogenic
P13569	T338I	0.8347	pathogenic
P13569	T338K	0.9475	pathogenic
P13569	T338L	0.6323	pathogenic
P13569	T338M	0.5266	ambiguous
P13569	T338N	0.8424	pathogenic
P13569	T338P	0.6819	pathogenic
P13569	T338Q	0.9007	pathogenic
P13569	T338R	0.9059	pathogenic
P13569	T338S	0.608	pathogenic
P13569	T338V	0.6513	pathogenic
P13569	T338W	0.9873	pathogenic
P13569	T338Y	0.9592	pathogenic
P13569	T339A	0.1833	benign
P13569	T339C	0.7729	pathogenic
P13569	T339D	0.9809	pathogenic
P13569	T339E	0.969	pathogenic
P13569	T339F	0.9091	pathogenic
P13569	T339G	0.7256	pathogenic
P13569	T339H	0.956	pathogenic
P13569	T339I	0.5928	pathogenic
P13569	T339K	0.97	pathogenic
P13569	T339L	0.5042	ambiguous
P13569	T339M	0.3139	benign
P13569	T339N	0.7807	pathogenic
P13569	T339P	0.9256	pathogenic
P13569	T339Q	0.9383	pathogenic
P13569	T339R	0.9565	pathogenic
P13569	T339S	0.4037	ambiguous
P13569	T339V	0.2961	benign
P13569	T339W	0.9923	pathogenic
P13569	T339Y	0.9581	pathogenic
P13569	I340A	0.7972	pathogenic
P13569	I340C	0.9722	pathogenic
P13569	I340D	0.9963	pathogenic
P13569	I340E	0.9895	pathogenic
P13569	I340F	0.7293	pathogenic
P13569	I340G	0.9773	pathogenic
P13569	I340H	0.993	pathogenic
P13569	I340K	0.9884	pathogenic
P13569	I340L	0.2791	benign
P13569	I340M	0.3577	ambiguous
P13569	I340N	0.9384	pathogenic
P13569	I340P	0.993	pathogenic
P13569	I340Q	0.9823	pathogenic
P13569	I340R	0.9807	pathogenic
P13569	I340S	0.8443	pathogenic
P13569	I340T	0.8111	pathogenic
P13569	I340V	0.134	benign
P13569	I340W	0.9938	pathogenic
P13569	I340Y	0.9749	pathogenic
P13569	S341A	0.4139	ambiguous
P13569	S341C	0.735	pathogenic
P13569	S341D	0.9911	pathogenic
P13569	S341E	0.9929	pathogenic
P13569	S341F	0.9509	pathogenic
P13569	S341G	0.4962	ambiguous
P13569	S341H	0.9799	pathogenic
P13569	S341I	0.9402	pathogenic
P13569	S341K	0.9992	pathogenic
P13569	S341L	0.8181	pathogenic
P13569	S341M	0.8854	pathogenic
P13569	S341N	0.8508	pathogenic
P13569	S341P	0.9537	pathogenic
P13569	S341Q	0.9774	pathogenic
P13569	S341R	0.9976	pathogenic
P13569	S341T	0.5595	ambiguous
P13569	S341V	0.921	pathogenic
P13569	S341W	0.9778	pathogenic
P13569	S341Y	0.9455	pathogenic
P13569	F342A	0.9652	pathogenic
P13569	F342C	0.8582	pathogenic
P13569	F342D	0.9946	pathogenic
P13569	F342E	0.9966	pathogenic
P13569	F342G	0.9832	pathogenic
P13569	F342H	0.9638	pathogenic
P13569	F342I	0.854	pathogenic
P13569	F342K	0.9974	pathogenic
P13569	F342L	0.97	pathogenic
P13569	F342M	0.9291	pathogenic
P13569	F342N	0.9649	pathogenic
P13569	F342P	0.9995	pathogenic
P13569	F342Q	0.9919	pathogenic
P13569	F342R	0.9921	pathogenic
P13569	F342S	0.9275	pathogenic
P13569	F342T	0.9661	pathogenic
P13569	F342V	0.8071	pathogenic
P13569	F342W	0.8705	pathogenic
P13569	F342Y	0.1985	benign
P13569	C343A	0.5508	ambiguous
P13569	C343D	0.9669	pathogenic
P13569	C343E	0.9888	pathogenic
P13569	C343F	0.5009	ambiguous
P13569	C343G	0.3564	ambiguous
P13569	C343H	0.9312	pathogenic
P13569	C343I	0.8357	pathogenic
P13569	C343K	0.9972	pathogenic
P13569	C343L	0.6863	pathogenic
P13569	C343M	0.7795	pathogenic
P13569	C343N	0.6947	pathogenic
P13569	C343P	0.9952	pathogenic
P13569	C343Q	0.9678	pathogenic
P13569	C343R	0.9834	pathogenic
P13569	C343S	0.2978	benign
P13569	C343T	0.5411	ambiguous
P13569	C343V	0.7045	pathogenic
P13569	C343W	0.933	pathogenic
P13569	C343Y	0.7953	pathogenic
P13569	I344A	0.7927	pathogenic
P13569	I344C	0.9581	pathogenic
P13569	I344D	0.9837	pathogenic
P13569	I344E	0.9677	pathogenic
P13569	I344F	0.5269	ambiguous
P13569	I344G	0.941	pathogenic
P13569	I344H	0.9594	pathogenic
P13569	I344K	0.9595	pathogenic
P13569	I344L	0.2925	benign
P13569	I344M	0.1995	benign
P13569	I344N	0.7282	pathogenic
P13569	I344P	0.9789	pathogenic
P13569	I344Q	0.9325	pathogenic
P13569	I344R	0.933	pathogenic
P13569	I344S	0.7201	pathogenic
P13569	I344T	0.5935	pathogenic
P13569	I344V	0.1297	benign
P13569	I344W	0.974	pathogenic
P13569	I344Y	0.9182	pathogenic
P13569	V345A	0.652	pathogenic
P13569	V345C	0.9517	pathogenic
P13569	V345D	0.9606	pathogenic
P13569	V345E	0.9301	pathogenic
P13569	V345F	0.7511	pathogenic
P13569	V345G	0.7638	pathogenic
P13569	V345H	0.9794	pathogenic
P13569	V345I	0.1258	benign
P13569	V345K	0.9773	pathogenic
P13569	V345L	0.7085	pathogenic
P13569	V345M	0.6016	pathogenic
P13569	V345N	0.8084	pathogenic
P13569	V345P	0.9467	pathogenic
P13569	V345Q	0.9207	pathogenic
P13569	V345R	0.9639	pathogenic
P13569	V345S	0.6199	pathogenic
P13569	V345T	0.4565	ambiguous
P13569	V345W	0.9958	pathogenic
P13569	V345Y	0.9714	pathogenic
P13569	L346A	0.8675	pathogenic
P13569	L346C	0.9249	pathogenic
P13569	L346D	0.9982	pathogenic
P13569	L346E	0.9853	pathogenic
P13569	L346F	0.7207	pathogenic
P13569	L346G	0.9623	pathogenic
P13569	L346H	0.9835	pathogenic
P13569	L346I	0.427	ambiguous
P13569	L346K	0.9905	pathogenic
P13569	L346M	0.3849	ambiguous
P13569	L346N	0.983	pathogenic
P13569	L346P	0.9915	pathogenic
P13569	L346Q	0.9413	pathogenic
P13569	L346R	0.984	pathogenic
P13569	L346S	0.9392	pathogenic
P13569	L346T	0.8691	pathogenic
P13569	L346V	0.4408	ambiguous
P13569	L346W	0.9554	pathogenic
P13569	L346Y	0.9764	pathogenic
P13569	R347A	0.9895	pathogenic
P13569	R347C	0.8874	pathogenic
P13569	R347D	0.9956	pathogenic
P13569	R347E	0.966	pathogenic
P13569	R347F	0.9945	pathogenic
P13569	R347G	0.9606	pathogenic
P13569	R347H	0.8454	pathogenic
P13569	R347I	0.9875	pathogenic
P13569	R347K	0.8796	pathogenic
P13569	R347L	0.9685	pathogenic
P13569	R347M	0.9903	pathogenic
P13569	R347N	0.9908	pathogenic
P13569	R347P	0.9925	pathogenic
P13569	R347Q	0.7215	pathogenic
P13569	R347S	0.9877	pathogenic
P13569	R347T	0.9881	pathogenic
P13569	R347V	0.9856	pathogenic
P13569	R347W	0.9	pathogenic
P13569	R347Y	0.9774	pathogenic
P13569	M348A	0.933	pathogenic
P13569	M348C	0.9808	pathogenic
P13569	M348D	0.9911	pathogenic
P13569	M348E	0.9593	pathogenic
P13569	M348F	0.7264	pathogenic
P13569	M348G	0.9604	pathogenic
P13569	M348H	0.9671	pathogenic
P13569	M348I	0.8909	pathogenic
P13569	M348K	0.9347	pathogenic
P13569	M348L	0.4577	ambiguous
P13569	M348N	0.9204	pathogenic
P13569	M348P	0.9919	pathogenic
P13569	M348Q	0.8323	pathogenic
P13569	M348R	0.9261	pathogenic
P13569	M348S	0.9176	pathogenic
P13569	M348T	0.879	pathogenic
P13569	M348V	0.4689	ambiguous
P13569	M348W	0.9487	pathogenic
P13569	M348Y	0.9346	pathogenic
P13569	A349C	0.6566	pathogenic
P13569	A349D	0.8988	pathogenic
P13569	A349E	0.8494	pathogenic
P13569	A349F	0.8689	pathogenic
P13569	A349G	0.302	benign
P13569	A349H	0.9411	pathogenic
P13569	A349I	0.6302	pathogenic
P13569	A349K	0.9693	pathogenic
P13569	A349L	0.5373	ambiguous
P13569	A349M	0.47	ambiguous
P13569	A349N	0.6696	pathogenic
P13569	A349P	0.947	pathogenic
P13569	A349Q	0.8445	pathogenic
P13569	A349R	0.9488	pathogenic
P13569	A349S	0.1167	benign
P13569	A349T	0.0821	benign
P13569	A349V	0.2613	benign
P13569	A349W	0.9803	pathogenic
P13569	A349Y	0.9386	pathogenic
P13569	V350A	0.5919	pathogenic
P13569	V350C	0.92	pathogenic
P13569	V350D	0.9892	pathogenic
P13569	V350E	0.9735	pathogenic
P13569	V350F	0.4832	ambiguous
P13569	V350G	0.7975	pathogenic
P13569	V350H	0.9918	pathogenic
P13569	V350I	0.077	benign
P13569	V350K	0.9874	pathogenic
P13569	V350L	0.3215	benign
P13569	V350M	0.2951	benign
P13569	V350N	0.9517	pathogenic
P13569	V350P	0.9876	pathogenic
P13569	V350Q	0.9724	pathogenic
P13569	V350R	0.982	pathogenic
P13569	V350S	0.8325	pathogenic
P13569	V350T	0.6814	pathogenic
P13569	V350W	0.9879	pathogenic
P13569	V350Y	0.9637	pathogenic
P13569	T351A	0.5893	pathogenic
P13569	T351C	0.8805	pathogenic
P13569	T351D	0.9873	pathogenic
P13569	T351E	0.9783	pathogenic
P13569	T351F	0.9422	pathogenic
P13569	T351G	0.797	pathogenic
P13569	T351H	0.9677	pathogenic
P13569	T351I	0.8715	pathogenic
P13569	T351K	0.9737	pathogenic
P13569	T351L	0.6202	pathogenic
P13569	T351M	0.454	ambiguous
P13569	T351N	0.8331	pathogenic
P13569	T351P	0.8302	pathogenic
P13569	T351Q	0.938	pathogenic
P13569	T351R	0.9649	pathogenic
P13569	T351S	0.5733	pathogenic
P13569	T351V	0.7068	pathogenic
P13569	T351W	0.9923	pathogenic
P13569	T351Y	0.9798	pathogenic
P13569	R352A	0.9839	pathogenic
P13569	R352C	0.8943	pathogenic
P13569	R352D	0.9947	pathogenic
P13569	R352E	0.9577	pathogenic
P13569	R352F	0.9865	pathogenic
P13569	R352G	0.9502	pathogenic
P13569	R352H	0.7315	pathogenic
P13569	R352I	0.9603	pathogenic
P13569	R352K	0.7342	pathogenic
P13569	R352L	0.9268	pathogenic
P13569	R352M	0.9702	pathogenic
P13569	R352N	0.9867	pathogenic
P13569	R352P	0.9935	pathogenic
P13569	R352Q	0.6256	pathogenic
P13569	R352S	0.9824	pathogenic
P13569	R352T	0.9786	pathogenic
P13569	R352V	0.9654	pathogenic
P13569	R352W	0.8098	pathogenic
P13569	R352Y	0.9495	pathogenic
P13569	Q353A	0.5424	ambiguous
P13569	Q353C	0.9634	pathogenic
P13569	Q353D	0.938	pathogenic
P13569	Q353E	0.3488	ambiguous
P13569	Q353F	0.9416	pathogenic
P13569	Q353G	0.68	pathogenic
P13569	Q353H	0.8182	pathogenic
P13569	Q353I	0.7996	pathogenic
P13569	Q353K	0.8015	pathogenic
P13569	Q353L	0.5489	ambiguous
P13569	Q353M	0.6097	pathogenic
P13569	Q353N	0.5506	ambiguous
P13569	Q353P	0.774	pathogenic
P13569	Q353R	0.7903	pathogenic
P13569	Q353S	0.4133	ambiguous
P13569	Q353T	0.5246	ambiguous
P13569	Q353V	0.7038	pathogenic
P13569	Q353W	0.9781	pathogenic
P13569	Q353Y	0.9128	pathogenic
P13569	F354A	0.8495	pathogenic
P13569	F354C	0.7038	pathogenic
P13569	F354D	0.9976	pathogenic
P13569	F354E	0.997	pathogenic
P13569	F354G	0.9263	pathogenic
P13569	F354H	0.9837	pathogenic
P13569	F354I	0.3914	ambiguous
P13569	F354K	0.9975	pathogenic
P13569	F354L	0.7318	pathogenic
P13569	F354M	0.622	pathogenic
P13569	F354N	0.9797	pathogenic
P13569	F354P	0.9966	pathogenic
P13569	F354Q	0.9915	pathogenic
P13569	F354R	0.9951	pathogenic
P13569	F354S	0.8862	pathogenic
P13569	F354T	0.8966	pathogenic
P13569	F354V	0.4273	ambiguous
P13569	F354W	0.8418	pathogenic
P13569	F354Y	0.5603	ambiguous
P13569	P355A	0.7765	pathogenic
P13569	P355C	0.983	pathogenic
P13569	P355D	0.9957	pathogenic
P13569	P355E	0.9904	pathogenic
P13569	P355F	0.9913	pathogenic
P13569	P355G	0.946	pathogenic
P13569	P355H	0.9678	pathogenic
P13569	P355I	0.964	pathogenic
P13569	P355K	0.9956	pathogenic
P13569	P355L	0.858	pathogenic
P13569	P355M	0.9802	pathogenic
P13569	P355N	0.9879	pathogenic
P13569	P355Q	0.9563	pathogenic
P13569	P355R	0.9736	pathogenic
P13569	P355S	0.8465	pathogenic
P13569	P355T	0.85	pathogenic
P13569	P355V	0.9252	pathogenic
P13569	P355W	0.9958	pathogenic
P13569	P355Y	0.9921	pathogenic
P13569	W356A	0.1071	benign
P13569	W356C	0.599	pathogenic
P13569	W356D	0.6845	pathogenic
P13569	W356E	0.6739	pathogenic
P13569	W356F	0.1101	benign
P13569	W356G	0.0449	benign
P13569	W356H	0.6139	pathogenic
P13569	W356I	0.3296	benign
P13569	W356K	0.8619	pathogenic
P13569	W356L	0.1344	benign
P13569	W356M	0.2321	benign
P13569	W356N	0.3128	benign
P13569	W356P	0.8247	pathogenic
P13569	W356Q	0.6086	pathogenic
P13569	W356R	0.7627	pathogenic
P13569	W356S	0.0769	benign
P13569	W356T	0.1456	benign
P13569	W356V	0.1994	benign
P13569	W356Y	0.2597	benign
P13569	A357C	0.9296	pathogenic
P13569	A357D	0.9861	pathogenic
P13569	A357E	0.982	pathogenic
P13569	A357F	0.9735	pathogenic
P13569	A357G	0.3022	benign
P13569	A357H	0.9899	pathogenic
P13569	A357I	0.976	pathogenic
P13569	A357K	0.9979	pathogenic
P13569	A357L	0.9398	pathogenic
P13569	A357M	0.9097	pathogenic
P13569	A357N	0.9721	pathogenic
P13569	A357P	0.9933	pathogenic
P13569	A357Q	0.9762	pathogenic
P13569	A357R	0.994	pathogenic
P13569	A357S	0.1527	benign
P13569	A357T	0.6711	pathogenic
P13569	A357V	0.8514	pathogenic
P13569	A357W	0.9971	pathogenic
P13569	A357Y	0.9892	pathogenic
P13569	V358A	0.427	ambiguous
P13569	V358C	0.8773	pathogenic
P13569	V358D	0.98	pathogenic
P13569	V358E	0.915	pathogenic
P13569	V358F	0.2602	benign
P13569	V358G	0.5655	pathogenic
P13569	V358H	0.9735	pathogenic
P13569	V358I	0.0825	benign
P13569	V358K	0.9419	pathogenic
P13569	V358L	0.2866	benign
P13569	V358M	0.2127	benign
P13569	V358N	0.9199	pathogenic
P13569	V358P	0.9744	pathogenic
P13569	V358Q	0.8917	pathogenic
P13569	V358R	0.9153	pathogenic
P13569	V358S	0.6956	pathogenic
P13569	V358T	0.577	pathogenic
P13569	V358W	0.9312	pathogenic
P13569	V358Y	0.8801	pathogenic
P13569	Q359A	0.4704	ambiguous
P13569	Q359C	0.9725	pathogenic
P13569	Q359D	0.8982	pathogenic
P13569	Q359E	0.2002	benign
P13569	Q359F	0.9503	pathogenic
P13569	Q359G	0.5495	ambiguous
P13569	Q359H	0.7817	pathogenic
P13569	Q359I	0.7798	pathogenic
P13569	Q359K	0.472	ambiguous
P13569	Q359L	0.4418	ambiguous
P13569	Q359M	0.6002	pathogenic
P13569	Q359N	0.6505	pathogenic
P13569	Q359P	0.7957	pathogenic
P13569	Q359R	0.5102	ambiguous
P13569	Q359S	0.4987	ambiguous
P13569	Q359T	0.4978	ambiguous
P13569	Q359V	0.6149	pathogenic
P13569	Q359W	0.9675	pathogenic
P13569	Q359Y	0.9339	pathogenic
P13569	T360A	0.1446	benign
P13569	T360C	0.6158	pathogenic
P13569	T360D	0.8312	pathogenic
P13569	T360E	0.7122	pathogenic
P13569	T360F	0.451	ambiguous
P13569	T360G	0.4055	ambiguous
P13569	T360H	0.5942	pathogenic
P13569	T360I	0.2192	benign
P13569	T360K	0.6469	pathogenic
P13569	T360L	0.1468	benign
P13569	T360M	0.0961	benign
P13569	T360N	0.229	benign
P13569	T360P	0.765	pathogenic
P13569	T360Q	0.5075	ambiguous
P13569	T360R	0.5686	pathogenic
P13569	T360S	0.2053	benign
P13569	T360V	0.1826	benign
P13569	T360W	0.8295	pathogenic
P13569	T360Y	0.5201	ambiguous
P13569	W361A	0.5185	ambiguous
P13569	W361C	0.6211	pathogenic
P13569	W361D	0.9937	pathogenic
P13569	W361E	0.9874	pathogenic
P13569	W361F	0.2832	benign
P13569	W361G	0.4367	ambiguous
P13569	W361H	0.9565	pathogenic
P13569	W361I	0.6187	pathogenic
P13569	W361K	0.9892	pathogenic
P13569	W361L	0.4029	ambiguous
P13569	W361M	0.7164	pathogenic
P13569	W361N	0.9661	pathogenic
P13569	W361P	0.995	pathogenic
P13569	W361Q	0.9751	pathogenic
P13569	W361R	0.9725	pathogenic
P13569	W361S	0.4788	ambiguous
P13569	W361T	0.5767	pathogenic
P13569	W361V	0.5312	ambiguous
P13569	W361Y	0.5716	pathogenic
P13569	Y362A	0.5625	ambiguous
P13569	Y362C	0.1946	benign
P13569	Y362D	0.5697	pathogenic
P13569	Y362E	0.7813	pathogenic
P13569	Y362F	0.1233	benign
P13569	Y362G	0.5036	ambiguous
P13569	Y362H	0.2572	benign
P13569	Y362I	0.5236	ambiguous
P13569	Y362K	0.6988	pathogenic
P13569	Y362L	0.5477	ambiguous
P13569	Y362M	0.6473	pathogenic
P13569	Y362N	0.2826	benign
P13569	Y362P	0.9523	pathogenic
P13569	Y362Q	0.588	pathogenic
P13569	Y362R	0.5358	ambiguous
P13569	Y362S	0.2799	benign
P13569	Y362T	0.548	ambiguous
P13569	Y362V	0.4184	ambiguous
P13569	Y362W	0.4047	ambiguous
P13569	D363A	0.7821	pathogenic
P13569	D363C	0.9695	pathogenic
P13569	D363E	0.593	pathogenic
P13569	D363F	0.9285	pathogenic
P13569	D363G	0.7831	pathogenic
P13569	D363H	0.8815	pathogenic
P13569	D363I	0.9005	pathogenic
P13569	D363K	0.9581	pathogenic
P13569	D363L	0.8976	pathogenic
P13569	D363M	0.973	pathogenic
P13569	D363N	0.4685	ambiguous
P13569	D363P	0.9932	pathogenic
P13569	D363Q	0.916	pathogenic
P13569	D363R	0.9424	pathogenic
P13569	D363S	0.5715	pathogenic
P13569	D363T	0.8317	pathogenic
P13569	D363V	0.7818	pathogenic
P13569	D363W	0.9903	pathogenic
P13569	D363Y	0.7254	pathogenic
P13569	S364A	0.1418	benign
P13569	S364C	0.1851	benign
P13569	S364D	0.9805	pathogenic
P13569	S364E	0.9841	pathogenic
P13569	S364F	0.6349	pathogenic
P13569	S364G	0.2215	benign
P13569	S364H	0.9392	pathogenic
P13569	S364I	0.5478	ambiguous
P13569	S364K	0.9968	pathogenic
P13569	S364L	0.3193	benign
P13569	S364M	0.459	ambiguous
P13569	S364N	0.7696	pathogenic
P13569	S364P	0.9755	pathogenic
P13569	S364Q	0.9744	pathogenic
P13569	S364R	0.9936	pathogenic
P13569	S364T	0.1231	benign
P13569	S364V	0.4786	ambiguous
P13569	S364W	0.8811	pathogenic
P13569	S364Y	0.6948	pathogenic
P13569	L365A	0.1864	benign
P13569	L365C	0.3739	ambiguous
P13569	L365D	0.81	pathogenic
P13569	L365E	0.4631	ambiguous
P13569	L365F	0.0921	benign
P13569	L365G	0.5128	ambiguous
P13569	L365H	0.2495	benign
P13569	L365I	0.0653	benign
P13569	L365K	0.2359	benign
P13569	L365M	0.0923	benign
P13569	L365N	0.4557	ambiguous
P13569	L365P	0.811	pathogenic
P13569	L365Q	0.1805	benign
P13569	L365R	0.1585	benign
P13569	L365S	0.2428	benign
P13569	L365T	0.1711	benign
P13569	L365V	0.0766	benign
P13569	L365W	0.1475	benign
P13569	L365Y	0.2844	benign
P13569	G366A	0.1248	benign
P13569	G366C	0.3153	benign
P13569	G366D	0.383	ambiguous
P13569	G366E	0.3037	benign
P13569	G366F	0.6484	pathogenic
P13569	G366H	0.5224	ambiguous
P13569	G366I	0.3367	benign
P13569	G366K	0.5018	ambiguous
P13569	G366L	0.4375	ambiguous
P13569	G366M	0.5564	ambiguous
P13569	G366N	0.4579	ambiguous
P13569	G366P	0.9274	pathogenic
P13569	G366Q	0.4248	ambiguous
P13569	G366R	0.3592	ambiguous
P13569	G366S	0.1479	benign
P13569	G366T	0.2167	benign
P13569	G366V	0.2016	benign
P13569	G366W	0.5074	ambiguous
P13569	G366Y	0.5465	ambiguous
P13569	A367C	0.5003	ambiguous
P13569	A367D	0.7226	pathogenic
P13569	A367E	0.6076	pathogenic
P13569	A367F	0.5147	ambiguous
P13569	A367G	0.247	benign
P13569	A367H	0.8026	pathogenic
P13569	A367I	0.2396	benign
P13569	A367K	0.8634	pathogenic
P13569	A367L	0.2279	benign
P13569	A367M	0.2074	benign
P13569	A367N	0.4614	ambiguous
P13569	A367P	0.8166	pathogenic
P13569	A367Q	0.6428	pathogenic
P13569	A367R	0.8126	pathogenic
P13569	A367S	0.1155	benign
P13569	A367T	0.0898	benign
P13569	A367V	0.1061	benign
P13569	A367W	0.9128	pathogenic
P13569	A367Y	0.7447	pathogenic
P13569	I368A	0.6573	pathogenic
P13569	I368C	0.8821	pathogenic
P13569	I368D	0.9898	pathogenic
P13569	I368E	0.965	pathogenic
P13569	I368F	0.3862	ambiguous
P13569	I368G	0.9314	pathogenic
P13569	I368H	0.97	pathogenic
P13569	I368K	0.9171	pathogenic
P13569	I368L	0.1996	benign
P13569	I368M	0.168	benign
P13569	I368N	0.8922	pathogenic
P13569	I368P	0.9867	pathogenic
P13569	I368Q	0.9412	pathogenic
P13569	I368R	0.8866	pathogenic
P13569	I368S	0.8029	pathogenic
P13569	I368T	0.5949	pathogenic
P13569	I368V	0.0854	benign
P13569	I368W	0.9422	pathogenic
P13569	I368Y	0.8882	pathogenic
P13569	N369A	0.1364	benign
P13569	N369C	0.1392	benign
P13569	N369D	0.0964	benign
P13569	N369E	0.1693	benign
P13569	N369F	0.2789	benign
P13569	N369G	0.1412	benign
P13569	N369H	0.0561	benign
P13569	N369I	0.1308	benign
P13569	N369K	0.0935	benign
P13569	N369L	0.1474	benign
P13569	N369M	0.2093	benign
P13569	N369P	0.6951	pathogenic
P13569	N369Q	0.1197	benign
P13569	N369R	0.0928	benign
P13569	N369S	0.0644	benign
P13569	N369T	0.0879	benign
P13569	N369V	0.1412	benign
P13569	N369W	0.3765	ambiguous
P13569	N369Y	0.0803	benign
P13569	K370A	0.7263	pathogenic
P13569	K370C	0.8903	pathogenic
P13569	K370D	0.8755	pathogenic
P13569	K370E	0.5016	ambiguous
P13569	K370F	0.9523	pathogenic
P13569	K370G	0.7946	pathogenic
P13569	K370H	0.5177	ambiguous
P13569	K370I	0.6897	pathogenic
P13569	K370L	0.6755	pathogenic
P13569	K370M	0.5251	ambiguous
P13569	K370N	0.7316	pathogenic
P13569	K370P	0.977	pathogenic
P13569	K370Q	0.2834	benign
P13569	K370R	0.102	benign
P13569	K370S	0.782	pathogenic
P13569	K370T	0.4484	ambiguous
P13569	K370V	0.673	pathogenic
P13569	K370W	0.9414	pathogenic
P13569	K370Y	0.8655	pathogenic
P13569	I371A	0.8336	pathogenic
P13569	I371C	0.8827	pathogenic
P13569	I371D	0.989	pathogenic
P13569	I371E	0.9731	pathogenic
P13569	I371F	0.4773	ambiguous
P13569	I371G	0.9587	pathogenic
P13569	I371H	0.9665	pathogenic
P13569	I371K	0.965	pathogenic
P13569	I371L	0.1815	benign
P13569	I371M	0.1702	benign
P13569	I371N	0.8437	pathogenic
P13569	I371P	0.9914	pathogenic
P13569	I371Q	0.9503	pathogenic
P13569	I371R	0.954	pathogenic
P13569	I371S	0.8281	pathogenic
P13569	I371T	0.6678	pathogenic
P13569	I371V	0.1258	benign
P13569	I371W	0.9688	pathogenic
P13569	I371Y	0.8899	pathogenic
P13569	Q372A	0.5249	ambiguous
P13569	Q372C	0.9231	pathogenic
P13569	Q372D	0.8333	pathogenic
P13569	Q372E	0.0786	benign
P13569	Q372F	0.9861	pathogenic
P13569	Q372G	0.4614	ambiguous
P13569	Q372H	0.7388	pathogenic
P13569	Q372I	0.9	pathogenic
P13569	Q372K	0.3536	ambiguous
P13569	Q372L	0.7965	pathogenic
P13569	Q372M	0.8285	pathogenic
P13569	Q372N	0.6425	pathogenic
P13569	Q372P	0.932	pathogenic
P13569	Q372R	0.3386	benign
P13569	Q372S	0.4923	ambiguous
P13569	Q372T	0.5403	ambiguous
P13569	Q372V	0.7863	pathogenic
P13569	Q372W	0.9684	pathogenic
P13569	Q372Y	0.9459	pathogenic
P13569	D373A	0.1676	benign
P13569	D373C	0.5237	ambiguous
P13569	D373E	0.1358	benign
P13569	D373F	0.5221	ambiguous
P13569	D373G	0.1614	benign
P13569	D373H	0.2855	benign
P13569	D373I	0.2686	benign
P13569	D373K	0.379	ambiguous
P13569	D373L	0.325	benign
P13569	D373M	0.5571	ambiguous
P13569	D373N	0.1154	benign
P13569	D373P	0.9176	pathogenic
P13569	D373Q	0.3448	ambiguous
P13569	D373R	0.4206	ambiguous
P13569	D373S	0.1574	benign
P13569	D373T	0.2366	benign
P13569	D373V	0.1471	benign
P13569	D373W	0.8533	pathogenic
P13569	D373Y	0.1698	benign
P13569	F374A	0.9726	pathogenic
P13569	F374C	0.8994	pathogenic
P13569	F374D	0.9905	pathogenic
P13569	F374E	0.9932	pathogenic
P13569	F374G	0.9897	pathogenic
P13569	F374H	0.9508	pathogenic
P13569	F374I	0.6049	pathogenic
P13569	F374K	0.9946	pathogenic
P13569	F374L	0.9612	pathogenic
P13569	F374M	0.8879	pathogenic
P13569	F374N	0.9732	pathogenic
P13569	F374P	0.9995	pathogenic
P13569	F374Q	0.9915	pathogenic
P13569	F374R	0.9872	pathogenic
P13569	F374S	0.9552	pathogenic
P13569	F374T	0.949	pathogenic
P13569	F374V	0.6284	pathogenic
P13569	F374W	0.8891	pathogenic
P13569	F374Y	0.2922	benign
P13569	L375A	0.9447	pathogenic
P13569	L375C	0.8947	pathogenic
P13569	L375D	0.9986	pathogenic
P13569	L375E	0.9887	pathogenic
P13569	L375F	0.6577	pathogenic
P13569	L375G	0.988	pathogenic
P13569	L375H	0.9543	pathogenic
P13569	L375I	0.3651	ambiguous
P13569	L375K	0.9851	pathogenic
P13569	L375M	0.4206	ambiguous
P13569	L375N	0.9906	pathogenic
P13569	L375P	0.9923	pathogenic
P13569	L375Q	0.9407	pathogenic
P13569	L375R	0.9588	pathogenic
P13569	L375S	0.9666	pathogenic
P13569	L375T	0.9206	pathogenic
P13569	L375V	0.467	ambiguous
P13569	L375W	0.9019	pathogenic
P13569	L375Y	0.9578	pathogenic
P13569	Q376A	0.2708	benign
P13569	Q376C	0.4734	ambiguous
P13569	Q376D	0.5217	ambiguous
P13569	Q376E	0.0889	benign
P13569	Q376F	0.6693	pathogenic
P13569	Q376G	0.2229	benign
P13569	Q376H	0.2434	benign
P13569	Q376I	0.3803	ambiguous
P13569	Q376K	0.0868	benign
P13569	Q376L	0.0933	benign
P13569	Q376M	0.3136	benign
P13569	Q376N	0.3585	ambiguous
P13569	Q376P	0.6561	pathogenic
P13569	Q376R	0.102	benign
P13569	Q376S	0.3381	benign
P13569	Q376T	0.2512	benign
P13569	Q376V	0.2579	benign
P13569	Q376W	0.4692	ambiguous
P13569	Q376Y	0.4389	ambiguous
P13569	K377A	0.5853	pathogenic
P13569	K377C	0.7083	pathogenic
P13569	K377D	0.8284	pathogenic
P13569	K377E	0.2988	benign
P13569	K377F	0.824	pathogenic
P13569	K377G	0.6755	pathogenic
P13569	K377H	0.4062	ambiguous
P13569	K377I	0.4789	ambiguous
P13569	K377L	0.3426	ambiguous
P13569	K377M	0.2352	benign
P13569	K377N	0.5571	ambiguous
P13569	K377P	0.9643	pathogenic
P13569	K377Q	0.1629	benign
P13569	K377R	0.1169	benign
P13569	K377S	0.6324	pathogenic
P13569	K377T	0.3741	ambiguous
P13569	K377V	0.483	ambiguous
P13569	K377W	0.8539	pathogenic
P13569	K377Y	0.61	pathogenic
P13569	Q378A	0.1596	benign
P13569	Q378C	0.587	pathogenic
P13569	Q378D	0.1738	benign
P13569	Q378E	0.0503	benign
P13569	Q378F	0.7049	pathogenic
P13569	Q378G	0.1925	benign
P13569	Q378H	0.2237	benign
P13569	Q378I	0.3148	benign
P13569	Q378K	0.0686	benign
P13569	Q378L	0.1485	benign
P13569	Q378M	0.3306	benign
P13569	Q378N	0.1863	benign
P13569	Q378P	0.0865	benign
P13569	Q378R	0.1093	benign
P13569	Q378S	0.1867	benign
P13569	Q378T	0.1397	benign
P13569	Q378V	0.2056	benign
P13569	Q378W	0.5161	ambiguous
P13569	Q378Y	0.4497	ambiguous
P13569	E379A	0.5742	pathogenic
P13569	E379C	0.9792	pathogenic
P13569	E379D	0.4498	ambiguous
P13569	E379F	0.9884	pathogenic
P13569	E379G	0.5855	pathogenic
P13569	E379H	0.9424	pathogenic
P13569	E379I	0.8885	pathogenic
P13569	E379K	0.7705	pathogenic
P13569	E379L	0.9484	pathogenic
P13569	E379M	0.9403	pathogenic
P13569	E379N	0.7551	pathogenic
P13569	E379P	0.8866	pathogenic
P13569	E379Q	0.5647	pathogenic
P13569	E379R	0.8581	pathogenic
P13569	E379S	0.6739	pathogenic
P13569	E379T	0.7433	pathogenic
P13569	E379V	0.7369	pathogenic
P13569	E379W	0.996	pathogenic
P13569	E379Y	0.9676	pathogenic
P13569	Y380A	0.661	pathogenic
P13569	Y380C	0.1557	benign
P13569	Y380D	0.5306	ambiguous
P13569	Y380E	0.7153	pathogenic
P13569	Y380F	0.1178	benign
P13569	Y380G	0.5717	pathogenic
P13569	Y380H	0.1712	benign
P13569	Y380I	0.546	ambiguous
P13569	Y380K	0.6944	pathogenic
P13569	Y380L	0.5656	pathogenic
P13569	Y380M	0.6866	pathogenic
P13569	Y380N	0.2499	benign
P13569	Y380P	0.8487	pathogenic
P13569	Y380Q	0.5691	pathogenic
P13569	Y380R	0.545	ambiguous
P13569	Y380S	0.4045	ambiguous
P13569	Y380T	0.6142	pathogenic
P13569	Y380V	0.4777	ambiguous
P13569	Y380W	0.4597	ambiguous
P13569	K381A	0.3887	ambiguous
P13569	K381C	0.6963	pathogenic
P13569	K381D	0.603	pathogenic
P13569	K381E	0.161	benign
P13569	K381F	0.8199	pathogenic
P13569	K381G	0.5345	ambiguous
P13569	K381H	0.3556	ambiguous
P13569	K381I	0.3802	ambiguous
P13569	K381L	0.4163	ambiguous
P13569	K381M	0.2979	benign
P13569	K381N	0.4356	ambiguous
P13569	K381P	0.7654	pathogenic
P13569	K381Q	0.1313	benign
P13569	K381R	0.0895	benign
P13569	K381S	0.4361	ambiguous
P13569	K381T	0.1828	benign
P13569	K381V	0.3633	ambiguous
P13569	K381W	0.8395	pathogenic
P13569	K381Y	0.7006	pathogenic
P13569	T382A	0.0782	benign
P13569	T382C	0.3299	benign
P13569	T382D	0.3219	benign
P13569	T382E	0.2681	benign
P13569	T382F	0.2122	benign
P13569	T382G	0.2341	benign
P13569	T382H	0.2554	benign
P13569	T382I	0.1124	benign
P13569	T382K	0.2358	benign
P13569	T382L	0.0992	benign
P13569	T382M	0.087	benign
P13569	T382N	0.1004	benign
P13569	T382P	0.0965	benign
P13569	T382Q	0.2391	benign
P13569	T382R	0.2113	benign
P13569	T382S	0.1148	benign
P13569	T382V	0.1051	benign
P13569	T382W	0.6255	pathogenic
P13569	T382Y	0.2595	benign
P13569	L383A	0.2356	benign
P13569	L383C	0.6192	pathogenic
P13569	L383D	0.7729	pathogenic
P13569	L383E	0.4202	ambiguous
P13569	L383F	0.2173	benign
P13569	L383G	0.5657	pathogenic
P13569	L383H	0.3696	ambiguous
P13569	L383I	0.1106	benign
P13569	L383K	0.3454	ambiguous
P13569	L383M	0.1139	benign
P13569	L383N	0.5463	ambiguous
P13569	L383P	0.2302	benign
P13569	L383Q	0.2154	benign
P13569	L383R	0.2719	benign
P13569	L383S	0.2877	benign
P13569	L383T	0.2107	benign
P13569	L383V	0.1039	benign
P13569	L383W	0.3156	benign
P13569	L383Y	0.5307	ambiguous
P13569	E384A	0.288	benign
P13569	E384C	0.9213	pathogenic
P13569	E384D	0.1589	benign
P13569	E384F	0.9087	pathogenic
P13569	E384G	0.3378	benign
P13569	E384H	0.7297	pathogenic
P13569	E384I	0.6555	pathogenic
P13569	E384K	0.4355	ambiguous
P13569	E384L	0.6924	pathogenic
P13569	E384M	0.7471	pathogenic
P13569	E384N	0.4485	ambiguous
P13569	E384P	0.6494	pathogenic
P13569	E384Q	0.2944	benign
P13569	E384R	0.5605	ambiguous
P13569	E384S	0.3631	ambiguous
P13569	E384T	0.437	ambiguous
P13569	E384V	0.4342	ambiguous
P13569	E384W	0.9668	pathogenic
P13569	E384Y	0.821	pathogenic
P13569	Y385A	0.9285	pathogenic
P13569	Y385C	0.5719	pathogenic
P13569	Y385D	0.8233	pathogenic
P13569	Y385E	0.954	pathogenic
P13569	Y385F	0.3519	ambiguous
P13569	Y385G	0.8132	pathogenic
P13569	Y385H	0.8345	pathogenic
P13569	Y385I	0.9122	pathogenic
P13569	Y385K	0.9591	pathogenic
P13569	Y385L	0.8405	pathogenic
P13569	Y385M	0.92	pathogenic
P13569	Y385N	0.6248	pathogenic
P13569	Y385P	0.953	pathogenic
P13569	Y385Q	0.962	pathogenic
P13569	Y385R	0.9257	pathogenic
P13569	Y385S	0.7972	pathogenic
P13569	Y385T	0.9198	pathogenic
P13569	Y385V	0.8279	pathogenic
P13569	Y385W	0.8207	pathogenic
P13569	N386A	0.4924	ambiguous
P13569	N386C	0.3537	ambiguous
P13569	N386D	0.1854	benign
P13569	N386E	0.6759	pathogenic
P13569	N386F	0.8077	pathogenic
P13569	N386G	0.6561	pathogenic
P13569	N386H	0.191	benign
P13569	N386I	0.4072	ambiguous
P13569	N386K	0.6844	pathogenic
P13569	N386L	0.4673	ambiguous
P13569	N386M	0.6186	pathogenic
P13569	N386P	0.8585	pathogenic
P13569	N386Q	0.6304	pathogenic
P13569	N386R	0.6687	pathogenic
P13569	N386S	0.0995	benign
P13569	N386T	0.2456	benign
P13569	N386V	0.4156	ambiguous
P13569	N386W	0.939	pathogenic
P13569	N386Y	0.3419	ambiguous
P13569	L387A	0.6952	pathogenic
P13569	L387C	0.8555	pathogenic
P13569	L387D	0.9465	pathogenic
P13569	L387E	0.8071	pathogenic
P13569	L387F	0.4531	ambiguous
P13569	L387G	0.8975	pathogenic
P13569	L387H	0.6893	pathogenic
P13569	L387I	0.2166	benign
P13569	L387K	0.7169	pathogenic
P13569	L387M	0.2692	benign
P13569	L387N	0.8374	pathogenic
P13569	L387P	0.6687	pathogenic
P13569	L387Q	0.5907	pathogenic
P13569	L387R	0.5653	pathogenic
P13569	L387S	0.7815	pathogenic
P13569	L387T	0.6309	pathogenic
P13569	L387V	0.2621	benign
P13569	L387W	0.6896	pathogenic
P13569	L387Y	0.787	pathogenic
P13569	T388A	0.112	benign
P13569	T388C	0.518	ambiguous
P13569	T388D	0.4213	ambiguous
P13569	T388E	0.3093	benign
P13569	T388F	0.3634	ambiguous
P13569	T388G	0.3256	benign
P13569	T388H	0.3068	benign
P13569	T388I	0.357	ambiguous
P13569	T388K	0.2312	benign
P13569	T388L	0.1384	benign
P13569	T388M	0.0977	benign
P13569	T388N	0.1636	benign
P13569	T388P	0.3393	benign
P13569	T388Q	0.2386	benign
P13569	T388R	0.1723	benign
P13569	T388S	0.1415	benign
P13569	T388V	0.2732	benign
P13569	T388W	0.6996	pathogenic
P13569	T388Y	0.4066	ambiguous
P13569	T389A	0.0862	benign
P13569	T389C	0.5807	pathogenic
P13569	T389D	0.6239	pathogenic
P13569	T389E	0.4607	ambiguous
P13569	T389F	0.5176	ambiguous
P13569	T389G	0.447	ambiguous
P13569	T389H	0.5316	ambiguous
P13569	T389I	0.2874	benign
P13569	T389K	0.4002	ambiguous
P13569	T389L	0.201	benign
P13569	T389M	0.1291	benign
P13569	T389N	0.2867	benign
P13569	T389P	0.4189	ambiguous
P13569	T389Q	0.4169	ambiguous
P13569	T389R	0.3289	benign
P13569	T389S	0.2026	benign
P13569	T389V	0.1986	benign
P13569	T389W	0.8709	pathogenic
P13569	T389Y	0.5919	pathogenic
P13569	T390A	0.0959	benign
P13569	T390C	0.4981	ambiguous
P13569	T390D	0.433	ambiguous
P13569	T390E	0.2484	benign
P13569	T390F	0.4575	ambiguous
P13569	T390G	0.2956	benign
P13569	T390H	0.344	ambiguous
P13569	T390I	0.2898	benign
P13569	T390K	0.1241	benign
P13569	T390L	0.1719	benign
P13569	T390M	0.1109	benign
P13569	T390N	0.1928	benign
P13569	T390P	0.23	benign
P13569	T390Q	0.21	benign
P13569	T390R	0.1139	benign
P13569	T390S	0.1524	benign
P13569	T390V	0.1966	benign
P13569	T390W	0.726	pathogenic
P13569	T390Y	0.4742	ambiguous
P13569	E391A	0.1101	benign
P13569	E391C	0.7079	pathogenic
P13569	E391D	0.0778	benign
P13569	E391F	0.7759	pathogenic
P13569	E391G	0.0862	benign
P13569	E391H	0.4088	ambiguous
P13569	E391I	0.5381	ambiguous
P13569	E391K	0.155	benign
P13569	E391L	0.5095	ambiguous
P13569	E391M	0.4977	ambiguous
P13569	E391N	0.1716	benign
P13569	E391P	0.8288	pathogenic
P13569	E391Q	0.1615	benign
P13569	E391R	0.2627	benign
P13569	E391S	0.1351	benign
P13569	E391T	0.2204	benign
P13569	E391V	0.3255	benign
P13569	E391W	0.8769	pathogenic
P13569	E391Y	0.572	pathogenic
P13569	V392A	0.3481	ambiguous
P13569	V392C	0.899	pathogenic
P13569	V392D	0.9204	pathogenic
P13569	V392E	0.8691	pathogenic
P13569	V392F	0.3859	ambiguous
P13569	V392G	0.5825	pathogenic
P13569	V392H	0.9705	pathogenic
P13569	V392I	0.0877	benign
P13569	V392K	0.9255	pathogenic
P13569	V392L	0.2436	benign
P13569	V392M	0.1844	benign
P13569	V392N	0.8671	pathogenic
P13569	V392P	0.9551	pathogenic
P13569	V392Q	0.9196	pathogenic
P13569	V392R	0.9111	pathogenic
P13569	V392S	0.7341	pathogenic
P13569	V392T	0.4433	ambiguous
P13569	V392W	0.9545	pathogenic
P13569	V392Y	0.8713	pathogenic
P13569	V393A	0.1082	benign
P13569	V393C	0.5006	ambiguous
P13569	V393D	0.2162	benign
P13569	V393E	0.0968	benign
P13569	V393F	0.1078	benign
P13569	V393G	0.1738	benign
P13569	V393H	0.3107	benign
P13569	V393I	0.0677	benign
P13569	V393K	0.1424	benign
P13569	V393L	0.1048	benign
P13569	V393M	0.074	benign
P13569	V393N	0.1582	benign
P13569	V393P	0.8678	pathogenic
P13569	V393Q	0.1401	benign
P13569	V393R	0.1454	benign
P13569	V393S	0.1216	benign
P13569	V393T	0.0949	benign
P13569	V393W	0.5309	ambiguous
P13569	V393Y	0.3436	ambiguous
P13569	M394A	0.6818	pathogenic
P13569	M394C	0.8714	pathogenic
P13569	M394D	0.9941	pathogenic
P13569	M394E	0.9551	pathogenic
P13569	M394F	0.5978	pathogenic
P13569	M394G	0.9178	pathogenic
P13569	M394H	0.9784	pathogenic
P13569	M394I	0.4733	ambiguous
P13569	M394K	0.8848	pathogenic
P13569	M394L	0.128	benign
P13569	M394N	0.9731	pathogenic
P13569	M394P	0.9847	pathogenic
P13569	M394Q	0.8951	pathogenic
P13569	M394R	0.8785	pathogenic
P13569	M394S	0.8919	pathogenic
P13569	M394T	0.6205	pathogenic
P13569	M394V	0.1318	benign
P13569	M394W	0.9457	pathogenic
P13569	M394Y	0.9482	pathogenic
P13569	E395A	0.1979	benign
P13569	E395C	0.7665	pathogenic
P13569	E395D	0.1332	benign
P13569	E395F	0.7501	pathogenic
P13569	E395G	0.1838	benign
P13569	E395H	0.3928	ambiguous
P13569	E395I	0.3621	ambiguous
P13569	E395K	0.1213	benign
P13569	E395L	0.4075	ambiguous
P13569	E395M	0.4498	ambiguous
P13569	E395N	0.2157	benign
P13569	E395P	0.9017	pathogenic
P13569	E395Q	0.1243	benign
P13569	E395R	0.2123	benign
P13569	E395S	0.2252	benign
P13569	E395T	0.2359	benign
P13569	E395V	0.2032	benign
P13569	E395W	0.8429	pathogenic
P13569	E395Y	0.5646	pathogenic
P13569	N396A	0.3363	benign
P13569	N396C	0.4202	ambiguous
P13569	N396D	0.1289	benign
P13569	N396E	0.3512	ambiguous
P13569	N396F	0.705	pathogenic
P13569	N396G	0.3091	benign
P13569	N396H	0.1488	benign
P13569	N396I	0.5072	ambiguous
P13569	N396K	0.191	benign
P13569	N396L	0.5024	ambiguous
P13569	N396M	0.4576	ambiguous
P13569	N396P	0.895	pathogenic
P13569	N396Q	0.3541	ambiguous
P13569	N396R	0.278	benign
P13569	N396S	0.1536	benign
P13569	N396T	0.2376	benign
P13569	N396V	0.5051	ambiguous
P13569	N396W	0.8403	pathogenic
P13569	N396Y	0.2156	benign
P13569	V397A	0.3941	ambiguous
P13569	V397C	0.8061	pathogenic
P13569	V397D	0.9369	pathogenic
P13569	V397E	0.8993	pathogenic
P13569	V397F	0.516	ambiguous
P13569	V397G	0.6288	pathogenic
P13569	V397H	0.9676	pathogenic
P13569	V397I	0.0848	benign
P13569	V397K	0.9308	pathogenic
P13569	V397L	0.418	ambiguous
P13569	V397M	0.2949	benign
P13569	V397N	0.8506	pathogenic
P13569	V397P	0.9403	pathogenic
P13569	V397Q	0.9057	pathogenic
P13569	V397R	0.8994	pathogenic
P13569	V397S	0.6465	pathogenic
P13569	V397T	0.4773	ambiguous
P13569	V397W	0.9752	pathogenic
P13569	V397Y	0.9024	pathogenic
P13569	T398A	0.176	benign
P13569	T398C	0.5392	ambiguous
P13569	T398D	0.5955	pathogenic
P13569	T398E	0.535	ambiguous
P13569	T398F	0.5279	ambiguous
P13569	T398G	0.4558	ambiguous
P13569	T398H	0.3997	ambiguous
P13569	T398I	0.5076	ambiguous
P13569	T398K	0.3166	benign
P13569	T398L	0.3109	benign
P13569	T398M	0.1599	benign
P13569	T398N	0.2163	benign
P13569	T398P	0.7008	pathogenic
P13569	T398Q	0.3819	ambiguous
P13569	T398R	0.2325	benign
P13569	T398S	0.1386	benign
P13569	T398V	0.3886	ambiguous
P13569	T398W	0.7957	pathogenic
P13569	T398Y	0.5353	ambiguous
P13569	A399C	0.6616	pathogenic
P13569	A399D	0.9722	pathogenic
P13569	A399E	0.9673	pathogenic
P13569	A399F	0.8786	pathogenic
P13569	A399G	0.3407	ambiguous
P13569	A399H	0.9735	pathogenic
P13569	A399I	0.6968	pathogenic
P13569	A399K	0.9879	pathogenic
P13569	A399L	0.642	pathogenic
P13569	A399M	0.723	pathogenic
P13569	A399N	0.9333	pathogenic
P13569	A399P	0.969	pathogenic
P13569	A399Q	0.9617	pathogenic
P13569	A399R	0.9675	pathogenic
P13569	A399S	0.2047	benign
P13569	A399T	0.2914	benign
P13569	A399V	0.3479	ambiguous
P13569	A399W	0.99	pathogenic
P13569	A399Y	0.9453	pathogenic
P13569	F400A	0.3917	ambiguous
P13569	F400C	0.1823	benign
P13569	F400D	0.5868	pathogenic
P13569	F400E	0.7142	pathogenic
P13569	F400G	0.5778	pathogenic
P13569	F400H	0.3418	ambiguous
P13569	F400I	0.1932	benign
P13569	F400K	0.6762	pathogenic
P13569	F400L	0.7225	pathogenic
P13569	F400M	0.4957	ambiguous
P13569	F400N	0.3849	ambiguous
P13569	F400P	0.96	pathogenic
P13569	F400Q	0.6122	pathogenic
P13569	F400R	0.503	ambiguous
P13569	F400S	0.1932	benign
P13569	F400T	0.3576	ambiguous
P13569	F400V	0.1848	benign
P13569	F400W	0.3689	ambiguous
P13569	F400Y	0.083	benign
P13569	W401A	0.9359	pathogenic
P13569	W401C	0.9735	pathogenic
P13569	W401D	0.9897	pathogenic
P13569	W401E	0.9829	pathogenic
P13569	W401F	0.7394	pathogenic
P13569	W401G	0.8414	pathogenic
P13569	W401H	0.9754	pathogenic
P13569	W401I	0.9436	pathogenic
P13569	W401K	0.9893	pathogenic
P13569	W401L	0.7782	pathogenic
P13569	W401M	0.9558	pathogenic
P13569	W401N	0.991	pathogenic
P13569	W401P	0.9845	pathogenic
P13569	W401Q	0.985	pathogenic
P13569	W401R	0.9755	pathogenic
P13569	W401S	0.8835	pathogenic
P13569	W401T	0.9361	pathogenic
P13569	W401V	0.9295	pathogenic
P13569	W401Y	0.8927	pathogenic
P13569	E402A	0.2735	benign
P13569	E402C	0.8814	pathogenic
P13569	E402D	0.1079	benign
P13569	E402F	0.8396	pathogenic
P13569	E402G	0.1708	benign
P13569	E402H	0.6144	pathogenic
P13569	E402I	0.6067	pathogenic
P13569	E402K	0.2416	benign
P13569	E402L	0.5697	pathogenic
P13569	E402M	0.644	pathogenic
P13569	E402N	0.3036	benign
P13569	E402P	0.744	pathogenic
P13569	E402Q	0.2437	benign
P13569	E402R	0.3694	ambiguous
P13569	E402S	0.2852	benign
P13569	E402T	0.3839	ambiguous
P13569	E402V	0.3763	ambiguous
P13569	E402W	0.9042	pathogenic
P13569	E402Y	0.6851	pathogenic
P13569	E403A	0.219	benign
P13569	E403C	0.9037	pathogenic
P13569	E403D	0.1997	benign
P13569	E403F	0.8432	pathogenic
P13569	E403G	0.1938	benign
P13569	E403H	0.6558	pathogenic
P13569	E403I	0.5316	ambiguous
P13569	E403K	0.2004	benign
P13569	E403L	0.6143	pathogenic
P13569	E403M	0.6268	pathogenic
P13569	E403N	0.3997	ambiguous
P13569	E403P	0.6869	pathogenic
P13569	E403Q	0.2558	benign
P13569	E403R	0.3681	ambiguous
P13569	E403S	0.3252	benign
P13569	E403T	0.3364	benign
P13569	E403V	0.3148	benign
P13569	E403W	0.9298	pathogenic
P13569	E403Y	0.7079	pathogenic
P13569	G404A	0.1478	benign
P13569	G404C	0.2189	benign
P13569	G404D	0.1796	benign
P13569	G404E	0.1734	benign
P13569	G404F	0.5538	ambiguous
P13569	G404H	0.3674	ambiguous
P13569	G404I	0.2559	benign
P13569	G404K	0.362	ambiguous
P13569	G404L	0.4892	ambiguous
P13569	G404M	0.4744	ambiguous
P13569	G404N	0.247	benign
P13569	G404P	0.7446	pathogenic
P13569	G404Q	0.3183	benign
P13569	G404R	0.2759	benign
P13569	G404S	0.1066	benign
P13569	G404T	0.1794	benign
P13569	G404V	0.1797	benign
P13569	G404W	0.3874	ambiguous
P13569	G404Y	0.3393	benign
P13569	F405A	0.1603	benign
P13569	F405C	0.1497	benign
P13569	F405D	0.3386	benign
P13569	F405E	0.4613	ambiguous
P13569	F405G	0.339	benign
P13569	F405H	0.3784	ambiguous
P13569	F405I	0.0601	benign
P13569	F405K	0.4822	ambiguous
P13569	F405L	0.4307	ambiguous
P13569	F405M	0.2126	benign
P13569	F405N	0.2701	benign
P13569	F405P	0.5677	pathogenic
P13569	F405Q	0.4585	ambiguous
P13569	F405R	0.392	ambiguous
P13569	F405S	0.1327	benign
P13569	F405T	0.1484	benign
P13569	F405V	0.0771	benign
P13569	F405W	0.2482	benign
P13569	F405Y	0.1258	benign
P13569	G406A	0.1163	benign
P13569	G406C	0.1588	benign
P13569	G406D	0.2158	benign
P13569	G406E	0.1709	benign
P13569	G406F	0.3858	ambiguous
P13569	G406H	0.289	benign
P13569	G406I	0.1846	benign
P13569	G406K	0.2556	benign
P13569	G406L	0.2618	benign
P13569	G406M	0.3539	ambiguous
P13569	G406N	0.2908	benign
P13569	G406P	0.5787	pathogenic
P13569	G406Q	0.2316	benign
P13569	G406R	0.1573	benign
P13569	G406S	0.0949	benign
P13569	G406T	0.1341	benign
P13569	G406V	0.1342	benign
P13569	G406W	0.2287	benign
P13569	G406Y	0.2904	benign
P13569	E407A	0.1137	benign
P13569	E407C	0.6112	pathogenic
P13569	E407D	0.1014	benign
P13569	E407F	0.4207	ambiguous
P13569	E407G	0.0925	benign
P13569	E407H	0.269	benign
P13569	E407I	0.1841	benign
P13569	E407K	0.0863	benign
P13569	E407L	0.2092	benign
P13569	E407M	0.2612	benign
P13569	E407N	0.1516	benign
P13569	E407P	0.3975	ambiguous
P13569	E407Q	0.114	benign
P13569	E407R	0.1541	benign
P13569	E407S	0.131	benign
P13569	E407T	0.1459	benign
P13569	E407V	0.1292	benign
P13569	E407W	0.6433	pathogenic
P13569	E407Y	0.3127	benign
P13569	L408A	0.2643	benign
P13569	L408C	0.3788	ambiguous
P13569	L408D	0.5082	ambiguous
P13569	L408E	0.3814	ambiguous
P13569	L408F	0.0979	benign
P13569	L408G	0.4481	ambiguous
P13569	L408H	0.2221	benign
P13569	L408I	0.0723	benign
P13569	L408K	0.302	benign
P13569	L408M	0.1218	benign
P13569	L408N	0.3121	benign
P13569	L408P	0.3412	ambiguous
P13569	L408Q	0.2278	benign
P13569	L408R	0.2204	benign
P13569	L408S	0.2939	benign
P13569	L408T	0.2423	benign
P13569	L408V	0.0948	benign
P13569	L408W	0.1755	benign
P13569	L408Y	0.2102	benign
P13569	F409A	0.1879	benign
P13569	F409C	0.2104	benign
P13569	F409D	0.4606	ambiguous
P13569	F409E	0.4591	ambiguous
P13569	F409G	0.3782	ambiguous
P13569	F409H	0.366	ambiguous
P13569	F409I	0.0835	benign
P13569	F409K	0.4549	ambiguous
P13569	F409L	0.3411	ambiguous
P13569	F409M	0.2204	benign
P13569	F409N	0.384	ambiguous
P13569	F409P	0.5403	ambiguous
P13569	F409Q	0.3815	ambiguous
P13569	F409R	0.3394	benign
P13569	F409S	0.1609	benign
P13569	F409T	0.1791	benign
P13569	F409V	0.1054	benign
P13569	F409W	0.2076	benign
P13569	F409Y	0.1552	benign
P13569	E410A	0.1216	benign
P13569	E410C	0.6238	pathogenic
P13569	E410D	0.1423	benign
P13569	E410F	0.4957	ambiguous
P13569	E410G	0.0884	benign
P13569	E410H	0.2896	benign
P13569	E410I	0.1877	benign
P13569	E410K	0.0911	benign
P13569	E410L	0.1898	benign
P13569	E410M	0.2827	benign
P13569	E410N	0.2042	benign
P13569	E410P	0.437	ambiguous
P13569	E410Q	0.0961	benign
P13569	E410R	0.1347	benign
P13569	E410S	0.1432	benign
P13569	E410T	0.1581	benign
P13569	E410V	0.1303	benign
P13569	E410W	0.6655	pathogenic
P13569	E410Y	0.3997	ambiguous
P13569	K411A	0.1919	benign
P13569	K411C	0.5771	pathogenic
P13569	K411D	0.2655	benign
P13569	K411E	0.098	benign
P13569	K411F	0.495	ambiguous
P13569	K411G	0.2624	benign
P13569	K411H	0.2394	benign
P13569	K411I	0.1696	benign
P13569	K411L	0.2067	benign
P13569	K411M	0.1325	benign
P13569	K411N	0.1577	benign
P13569	K411P	0.5925	pathogenic
P13569	K411Q	0.1215	benign
P13569	K411R	0.0894	benign
P13569	K411S	0.2302	benign
P13569	K411T	0.1051	benign
P13569	K411V	0.1821	benign
P13569	K411W	0.6213	pathogenic
P13569	K411Y	0.3656	ambiguous
P13569	A412C	0.4763	ambiguous
P13569	A412D	0.2607	benign
P13569	A412E	0.1893	benign
P13569	A412F	0.2848	benign
P13569	A412G	0.1296	benign
P13569	A412H	0.4758	ambiguous
P13569	A412I	0.1842	benign
P13569	A412K	0.3776	ambiguous
P13569	A412L	0.1753	benign
P13569	A412M	0.2038	benign
P13569	A412N	0.2366	benign
P13569	A412P	0.3638	ambiguous
P13569	A412Q	0.3023	benign
P13569	A412R	0.3344	benign
P13569	A412S	0.1044	benign
P13569	A412T	0.0925	benign
P13569	A412V	0.1	benign
P13569	A412W	0.6133	pathogenic
P13569	A412Y	0.3612	ambiguous
P13569	K413A	0.2012	benign
P13569	K413C	0.489	ambiguous
P13569	K413D	0.3552	ambiguous
P13569	K413E	0.099	benign
P13569	K413F	0.4742	ambiguous
P13569	K413G	0.2302	benign
P13569	K413H	0.2379	benign
P13569	K413I	0.1815	benign
P13569	K413L	0.2004	benign
P13569	K413M	0.1546	benign
P13569	K413N	0.2197	benign
P13569	K413P	0.5211	ambiguous
P13569	K413Q	0.0957	benign
P13569	K413R	0.0772	benign
P13569	K413S	0.2061	benign
P13569	K413T	0.1206	benign
P13569	K413V	0.1926	benign
P13569	K413W	0.5336	ambiguous
P13569	K413Y	0.3843	ambiguous
P13569	Q414A	0.1288	benign
P13569	Q414C	0.339	benign
P13569	Q414D	0.1757	benign
P13569	Q414E	0.0627	benign
P13569	Q414F	0.352	ambiguous
P13569	Q414G	0.1281	benign
P13569	Q414H	0.144	benign
P13569	Q414I	0.1475	benign
P13569	Q414K	0.0711	benign
P13569	Q414L	0.0729	benign
P13569	Q414M	0.1741	benign
P13569	Q414N	0.1443	benign
P13569	Q414P	0.1317	benign
P13569	Q414R	0.0884	benign
P13569	Q414S	0.1487	benign
P13569	Q414T	0.1185	benign
P13569	Q414V	0.1234	benign
P13569	Q414W	0.2853	benign
P13569	Q414Y	0.2398	benign
P13569	N415A	0.1358	benign
P13569	N415C	0.1554	benign
P13569	N415D	0.0801	benign
P13569	N415E	0.1248	benign
P13569	N415F	0.2735	benign
P13569	N415G	0.1572	benign
P13569	N415H	0.0875	benign
P13569	N415I	0.1005	benign
P13569	N415K	0.1132	benign
P13569	N415L	0.1436	benign
P13569	N415M	0.194	benign
P13569	N415P	0.3296	benign
P13569	N415Q	0.1513	benign
P13569	N415R	0.1464	benign
P13569	N415S	0.0796	benign
P13569	N415T	0.0868	benign
P13569	N415V	0.1169	benign
P13569	N415W	0.4579	ambiguous
P13569	N415Y	0.093	benign
P13569	N416A	0.1189	benign
P13569	N416C	0.1254	benign
P13569	N416D	0.0754	benign
P13569	N416E	0.1668	benign
P13569	N416F	0.2344	benign
P13569	N416G	0.1375	benign
P13569	N416H	0.0758	benign
P13569	N416I	0.0975	benign
P13569	N416K	0.1305	benign
P13569	N416L	0.1257	benign
P13569	N416M	0.1996	benign
P13569	N416P	0.2812	benign
P13569	N416Q	0.1709	benign
P13569	N416R	0.1377	benign
P13569	N416S	0.0639	benign
P13569	N416T	0.0754	benign
P13569	N416V	0.1125	benign
P13569	N416W	0.4357	ambiguous
P13569	N416Y	0.0875	benign
P13569	N417A	0.1025	benign
P13569	N417C	0.1144	benign
P13569	N417D	0.067	benign
P13569	N417E	0.1371	benign
P13569	N417F	0.2225	benign
P13569	N417G	0.1175	benign
P13569	N417H	0.0722	benign
P13569	N417I	0.0855	benign
P13569	N417K	0.1013	benign
P13569	N417L	0.1065	benign
P13569	N417M	0.1795	benign
P13569	N417P	0.2242	benign
P13569	N417Q	0.1424	benign
P13569	N417R	0.1117	benign
P13569	N417S	0.0625	benign
P13569	N417T	0.0694	benign
P13569	N417V	0.0959	benign
P13569	N417W	0.4139	ambiguous
P13569	N417Y	0.0836	benign
P13569	N418A	0.103	benign
P13569	N418C	0.1165	benign
P13569	N418D	0.0622	benign
P13569	N418E	0.1318	benign
P13569	N418F	0.1995	benign
P13569	N418G	0.1241	benign
P13569	N418H	0.0712	benign
P13569	N418I	0.0816	benign
P13569	N418K	0.1108	benign
P13569	N418L	0.1009	benign
P13569	N418M	0.1777	benign
P13569	N418P	0.2385	benign
P13569	N418Q	0.1434	benign
P13569	N418R	0.1243	benign
P13569	N418S	0.0608	benign
P13569	N418T	0.07	benign
P13569	N418V	0.0931	benign
P13569	N418W	0.4286	ambiguous
P13569	N418Y	0.0847	benign
P13569	R419A	0.1314	benign
P13569	R419C	0.1255	benign
P13569	R419D	0.1922	benign
P13569	R419E	0.1146	benign
P13569	R419F	0.245	benign
P13569	R419G	0.0697	benign
P13569	R419H	0.0946	benign
P13569	R419I	0.101	benign
P13569	R419K	0.0738	benign
P13569	R419L	0.1263	benign
P13569	R419M	0.1231	benign
P13569	R419N	0.1706	benign
P13569	R419P	0.2391	benign
P13569	R419Q	0.0735	benign
P13569	R419S	0.1409	benign
P13569	R419T	0.0879	benign
P13569	R419V	0.1446	benign
P13569	R419W	0.1123	benign
P13569	R419Y	0.1882	benign
P13569	K420A	0.1268	benign
P13569	K420C	0.3729	ambiguous
P13569	K420D	0.134	benign
P13569	K420E	0.0688	benign
P13569	K420F	0.3076	benign
P13569	K420G	0.1495	benign
P13569	K420H	0.1666	benign
P13569	K420I	0.1202	benign
P13569	K420L	0.1381	benign
P13569	K420M	0.1095	benign
P13569	K420N	0.0965	benign
P13569	K420P	0.2319	benign
P13569	K420Q	0.0891	benign
P13569	K420R	0.0835	benign
P13569	K420S	0.1227	benign
P13569	K420T	0.0829	benign
P13569	K420V	0.1285	benign
P13569	K420W	0.4626	ambiguous
P13569	K420Y	0.2564	benign
P13569	T421A	0.0681	benign
P13569	T421C	0.2141	benign
P13569	T421D	0.1382	benign
P13569	T421E	0.1347	benign
P13569	T421F	0.09	benign
P13569	T421G	0.1308	benign
P13569	T421H	0.1151	benign
P13569	T421I	0.0597	benign
P13569	T421K	0.1058	benign
P13569	T421L	0.0619	benign
P13569	T421M	0.0699	benign
P13569	T421N	0.0639	benign
P13569	T421P	0.0757	benign
P13569	T421Q	0.1361	benign
P13569	T421R	0.0926	benign
P13569	T421S	0.0787	benign
P13569	T421V	0.0757	benign
P13569	T421W	0.2822	benign
P13569	T421Y	0.1062	benign
P13569	S422A	0.0681	benign
P13569	S422C	0.0873	benign
P13569	S422D	0.1763	benign
P13569	S422E	0.222	benign
P13569	S422F	0.1154	benign
P13569	S422G	0.0823	benign
P13569	S422H	0.1979	benign
P13569	S422I	0.1046	benign
P13569	S422K	0.2932	benign
P13569	S422L	0.0783	benign
P13569	S422M	0.1644	benign
P13569	S422N	0.1103	benign
P13569	S422P	0.0755	benign
P13569	S422Q	0.2647	benign
P13569	S422R	0.2506	benign
P13569	S422T	0.0715	benign
P13569	S422V	0.1108	benign
P13569	S422W	0.1836	benign
P13569	S422Y	0.1037	benign
P13569	N423A	0.0858	benign
P13569	N423C	0.1136	benign
P13569	N423D	0.0677	benign
P13569	N423E	0.1414	benign
P13569	N423F	0.1861	benign
P13569	N423G	0.1106	benign
P13569	N423H	0.0715	benign
P13569	N423I	0.0874	benign
P13569	N423K	0.1059	benign
P13569	N423L	0.0959	benign
P13569	N423M	0.1645	benign
P13569	N423P	0.189	benign
P13569	N423Q	0.1528	benign
P13569	N423R	0.113	benign
P13569	N423S	0.0542	benign
P13569	N423T	0.064	benign
P13569	N423V	0.0907	benign
P13569	N423W	0.3915	ambiguous
P13569	N423Y	0.0823	benign
P13569	G424A	0.0893	benign
P13569	G424C	0.1065	benign
P13569	G424D	0.0836	benign
P13569	G424E	0.105	benign
P13569	G424F	0.2381	benign
P13569	G424H	0.1457	benign
P13569	G424I	0.1214	benign
P13569	G424K	0.1483	benign
P13569	G424L	0.1912	benign
P13569	G424M	0.233	benign
P13569	G424N	0.1303	benign
P13569	G424P	0.3786	ambiguous
P13569	G424Q	0.1458	benign
P13569	G424R	0.1001	benign
P13569	G424S	0.076	benign
P13569	G424T	0.0911	benign
P13569	G424V	0.0972	benign
P13569	G424W	0.1717	benign
P13569	G424Y	0.1543	benign
P13569	D425A	0.1095	benign
P13569	D425C	0.2763	benign
P13569	D425E	0.1117	benign
P13569	D425F	0.2671	benign
P13569	D425G	0.0857	benign
P13569	D425H	0.1394	benign
P13569	D425I	0.1729	benign
P13569	D425K	0.148	benign
P13569	D425L	0.2	benign
P13569	D425M	0.35	ambiguous
P13569	D425N	0.0755	benign
P13569	D425P	0.3877	ambiguous
P13569	D425Q	0.1784	benign
P13569	D425R	0.1585	benign
P13569	D425S	0.0823	benign
P13569	D425T	0.1278	benign
P13569	D425V	0.122	benign
P13569	D425W	0.6157	pathogenic
P13569	D425Y	0.1102	benign
P13569	D426A	0.0951	benign
P13569	D426C	0.1871	benign
P13569	D426E	0.1188	benign
P13569	D426F	0.2361	benign
P13569	D426G	0.0773	benign
P13569	D426H	0.0969	benign
P13569	D426I	0.1382	benign
P13569	D426K	0.1214	benign
P13569	D426L	0.1559	benign
P13569	D426M	0.3013	benign
P13569	D426N	0.0621	benign
P13569	D426P	0.2522	benign
P13569	D426Q	0.1539	benign
P13569	D426R	0.1276	benign
P13569	D426S	0.0658	benign
P13569	D426T	0.1046	benign
P13569	D426V	0.11	benign
P13569	D426W	0.5443	ambiguous
P13569	D426Y	0.0886	benign
P13569	S427A	0.0885	benign
P13569	S427C	0.0818	benign
P13569	S427D	0.115	benign
P13569	S427E	0.213	benign
P13569	S427F	0.1521	benign
P13569	S427G	0.0632	benign
P13569	S427H	0.1203	benign
P13569	S427I	0.0936	benign
P13569	S427K	0.1889	benign
P13569	S427L	0.1018	benign
P13569	S427M	0.166	benign
P13569	S427N	0.0696	benign
P13569	S427P	0.1596	benign
P13569	S427Q	0.2095	benign
P13569	S427R	0.1532	benign
P13569	S427T	0.0755	benign
P13569	S427V	0.1224	benign
P13569	S427W	0.2433	benign
P13569	S427Y	0.1012	benign
P13569	L428A	0.1606	benign
P13569	L428C	0.2646	benign
P13569	L428D	0.3452	ambiguous
P13569	L428E	0.2541	benign
P13569	L428F	0.0848	benign
P13569	L428G	0.2563	benign
P13569	L428H	0.1384	benign
P13569	L428I	0.0726	benign
P13569	L428K	0.1999	benign
P13569	L428M	0.1113	benign
P13569	L428N	0.1984	benign
P13569	L428P	0.1388	benign
P13569	L428Q	0.1411	benign
P13569	L428R	0.1356	benign
P13569	L428S	0.1263	benign
P13569	L428T	0.1471	benign
P13569	L428V	0.0825	benign
P13569	L428W	0.1457	benign
P13569	L428Y	0.1777	benign
P13569	F429A	0.178	benign
P13569	F429C	0.1268	benign
P13569	F429D	0.3118	benign
P13569	F429E	0.4683	ambiguous
P13569	F429G	0.3163	benign
P13569	F429H	0.2964	benign
P13569	F429I	0.0627	benign
P13569	F429K	0.467	ambiguous
P13569	F429L	0.3805	ambiguous
P13569	F429M	0.2565	benign
P13569	F429N	0.2271	benign
P13569	F429P	0.386	ambiguous
P13569	F429Q	0.4001	ambiguous
P13569	F429R	0.3224	benign
P13569	F429S	0.1203	benign
P13569	F429T	0.1864	benign
P13569	F429V	0.0766	benign
P13569	F429W	0.3016	benign
P13569	F429Y	0.1002	benign
P13569	F430A	0.3712	ambiguous
P13569	F430C	0.2347	benign
P13569	F430D	0.5987	pathogenic
P13569	F430E	0.7276	pathogenic
P13569	F430G	0.5445	ambiguous
P13569	F430H	0.4678	ambiguous
P13569	F430I	0.12	benign
P13569	F430K	0.7215	pathogenic
P13569	F430L	0.5611	ambiguous
P13569	F430M	0.4323	ambiguous
P13569	F430N	0.4944	ambiguous
P13569	F430P	0.6866	pathogenic
P13569	F430Q	0.6385	pathogenic
P13569	F430R	0.5535	ambiguous
P13569	F430S	0.2399	benign
P13569	F430T	0.3572	ambiguous
P13569	F430V	0.1468	benign
P13569	F430W	0.4043	ambiguous
P13569	F430Y	0.1552	benign
P13569	S431A	0.1052	benign
P13569	S431C	0.1156	benign
P13569	S431D	0.3263	benign
P13569	S431E	0.4398	ambiguous
P13569	S431F	0.2511	benign
P13569	S431G	0.0855	benign
P13569	S431H	0.2954	benign
P13569	S431I	0.2581	benign
P13569	S431K	0.5287	ambiguous
P13569	S431L	0.1226	benign
P13569	S431M	0.2953	benign
P13569	S431N	0.1538	benign
P13569	S431P	0.1398	benign
P13569	S431Q	0.4433	ambiguous
P13569	S431R	0.4391	ambiguous
P13569	S431T	0.0921	benign
P13569	S431V	0.25	benign
P13569	S431W	0.2917	benign
P13569	S431Y	0.1803	benign
P13569	N432A	0.2243	benign
P13569	N432C	0.2498	benign
P13569	N432D	0.1179	benign
P13569	N432E	0.3649	ambiguous
P13569	N432F	0.5129	ambiguous
P13569	N432G	0.245	benign
P13569	N432H	0.0972	benign
P13569	N432I	0.243	benign
P13569	N432K	0.2646	benign
P13569	N432L	0.2559	benign
P13569	N432M	0.4197	ambiguous
P13569	N432P	0.3177	benign
P13569	N432Q	0.3372	benign
P13569	N432R	0.2569	benign
P13569	N432S	0.077	benign
P13569	N432T	0.1377	benign
P13569	N432V	0.2365	benign
P13569	N432W	0.736	pathogenic
P13569	N432Y	0.1507	benign
P13569	F433A	0.2658	benign
P13569	F433C	0.1595	benign
P13569	F433D	0.4577	ambiguous
P13569	F433E	0.5929	pathogenic
P13569	F433G	0.4394	ambiguous
P13569	F433H	0.4048	ambiguous
P13569	F433I	0.0586	benign
P13569	F433K	0.5616	ambiguous
P13569	F433L	0.3664	ambiguous
P13569	F433M	0.2386	benign
P13569	F433N	0.3399	benign
P13569	F433P	0.6223	pathogenic
P13569	F433Q	0.5338	ambiguous
P13569	F433R	0.4646	ambiguous
P13569	F433S	0.2064	benign
P13569	F433T	0.2365	benign
P13569	F433V	0.0792	benign
P13569	F433W	0.3363	benign
P13569	F433Y	0.1155	benign
P13569	S434A	0.0793	benign
P13569	S434C	0.0813	benign
P13569	S434D	0.2901	benign
P13569	S434E	0.3708	ambiguous
P13569	S434F	0.1286	benign
P13569	S434G	0.0928	benign
P13569	S434H	0.2189	benign
P13569	S434I	0.1383	benign
P13569	S434K	0.4491	ambiguous
P13569	S434L	0.0822	benign
P13569	S434M	0.1903	benign
P13569	S434N	0.1471	benign
P13569	S434P	0.0826	benign
P13569	S434Q	0.339	benign
P13569	S434R	0.367	ambiguous
P13569	S434T	0.0837	benign
P13569	S434V	0.1352	benign
P13569	S434W	0.2041	benign
P13569	S434Y	0.1092	benign
P13569	L435A	0.2286	benign
P13569	L435C	0.3549	ambiguous
P13569	L435D	0.5468	ambiguous
P13569	L435E	0.3798	ambiguous
P13569	L435F	0.0808	benign
P13569	L435G	0.3912	ambiguous
P13569	L435H	0.1845	benign
P13569	L435I	0.0794	benign
P13569	L435K	0.2975	benign
P13569	L435M	0.1187	benign
P13569	L435N	0.3193	benign
P13569	L435P	0.2084	benign
P13569	L435Q	0.1897	benign
P13569	L435R	0.1911	benign
P13569	L435S	0.2047	benign
P13569	L435T	0.2169	benign
P13569	L435V	0.0926	benign
P13569	L435W	0.1635	benign
P13569	L435Y	0.224	benign
P13569	L436A	0.1378	benign
P13569	L436C	0.2916	benign
P13569	L436D	0.4252	ambiguous
P13569	L436E	0.2365	benign
P13569	L436F	0.0825	benign
P13569	L436G	0.2716	benign
P13569	L436H	0.1205	benign
P13569	L436I	0.0863	benign
P13569	L436K	0.1828	benign
P13569	L436M	0.11	benign
P13569	L436N	0.2498	benign
P13569	L436P	0.1385	benign
P13569	L436Q	0.118	benign
P13569	L436R	0.1184	benign
P13569	L436S	0.1409	benign
P13569	L436T	0.1323	benign
P13569	L436V	0.0914	benign
P13569	L436W	0.1105	benign
P13569	L436Y	0.1999	benign
P13569	G437A	0.122	benign
P13569	G437C	0.1498	benign
P13569	G437D	0.1869	benign
P13569	G437E	0.1674	benign
P13569	G437F	0.4088	ambiguous
P13569	G437H	0.2999	benign
P13569	G437I	0.2374	benign
P13569	G437K	0.3087	benign
P13569	G437L	0.3307	benign
P13569	G437M	0.4114	ambiguous
P13569	G437N	0.2694	benign
P13569	G437P	0.5617	ambiguous
P13569	G437Q	0.2521	benign
P13569	G437R	0.1991	benign
P13569	G437S	0.1087	benign
P13569	G437T	0.18	benign
P13569	G437V	0.1559	benign
P13569	G437W	0.2832	benign
P13569	G437Y	0.2716	benign
P13569	T438A	0.0735	benign
P13569	T438C	0.2264	benign
P13569	T438D	0.2222	benign
P13569	T438E	0.2035	benign
P13569	T438F	0.1257	benign
P13569	T438G	0.1825	benign
P13569	T438H	0.1405	benign
P13569	T438I	0.1038	benign
P13569	T438K	0.1249	benign
P13569	T438L	0.0809	benign
P13569	T438M	0.0869	benign
P13569	T438N	0.0801	benign
P13569	T438P	0.0922	benign
P13569	T438Q	0.1538	benign
P13569	T438R	0.1099	benign
P13569	T438S	0.0887	benign
P13569	T438V	0.1033	benign
P13569	T438W	0.365	ambiguous
P13569	T438Y	0.14	benign
P13569	P439A	0.0969	benign
P13569	P439C	0.5091	ambiguous
P13569	P439D	0.714	pathogenic
P13569	P439E	0.4273	ambiguous
P13569	P439F	0.6304	pathogenic
P13569	P439G	0.5157	ambiguous
P13569	P439H	0.2712	benign
P13569	P439I	0.5075	ambiguous
P13569	P439K	0.4004	ambiguous
P13569	P439L	0.1993	benign
P13569	P439M	0.4798	ambiguous
P13569	P439N	0.5672	pathogenic
P13569	P439Q	0.2413	benign
P13569	P439R	0.2175	benign
P13569	P439S	0.1956	benign
P13569	P439T	0.1793	benign
P13569	P439V	0.3401	ambiguous
P13569	P439W	0.7251	pathogenic
P13569	P439Y	0.5092	ambiguous
P13569	V440A	0.4991	ambiguous
P13569	V440C	0.8926	pathogenic
P13569	V440D	0.926	pathogenic
P13569	V440E	0.8458	pathogenic
P13569	V440F	0.5142	ambiguous
P13569	V440G	0.6989	pathogenic
P13569	V440H	0.9397	pathogenic
P13569	V440I	0.1196	benign
P13569	V440K	0.8934	pathogenic
P13569	V440L	0.536	ambiguous
P13569	V440M	0.41	ambiguous
P13569	V440N	0.8148	pathogenic
P13569	V440P	0.9208	pathogenic
P13569	V440Q	0.8219	pathogenic
P13569	V440R	0.8231	pathogenic
P13569	V440S	0.6115	pathogenic
P13569	V440T	0.5302	ambiguous
P13569	V440W	0.9827	pathogenic
P13569	V440Y	0.9163	pathogenic
P13569	L441A	0.9507	pathogenic
P13569	L441C	0.9321	pathogenic
P13569	L441D	0.9986	pathogenic
P13569	L441E	0.9877	pathogenic
P13569	L441F	0.6842	pathogenic
P13569	L441G	0.9865	pathogenic
P13569	L441H	0.9748	pathogenic
P13569	L441I	0.2457	benign
P13569	L441K	0.978	pathogenic
P13569	L441M	0.4243	ambiguous
P13569	L441N	0.9919	pathogenic
P13569	L441P	0.9876	pathogenic
P13569	L441Q	0.9559	pathogenic
P13569	L441R	0.9584	pathogenic
P13569	L441S	0.986	pathogenic
P13569	L441T	0.9525	pathogenic
P13569	L441V	0.3519	ambiguous
P13569	L441W	0.9257	pathogenic
P13569	L441Y	0.9679	pathogenic
P13569	K442A	0.3419	ambiguous
P13569	K442C	0.5368	ambiguous
P13569	K442D	0.5496	ambiguous
P13569	K442E	0.1295	benign
P13569	K442F	0.7276	pathogenic
P13569	K442G	0.3811	ambiguous
P13569	K442H	0.2552	benign
P13569	K442I	0.3743	ambiguous
P13569	K442L	0.3615	ambiguous
P13569	K442M	0.2355	benign
P13569	K442N	0.3327	benign
P13569	K442P	0.8985	pathogenic
P13569	K442Q	0.1076	benign
P13569	K442R	0.0679	benign
P13569	K442S	0.3259	benign
P13569	K442T	0.1683	benign
P13569	K442V	0.3621	ambiguous
P13569	K442W	0.6096	pathogenic
P13569	K442Y	0.5453	ambiguous
P13569	D443A	0.1599	benign
P13569	D443C	0.4146	ambiguous
P13569	D443E	0.1722	benign
P13569	D443F	0.5232	ambiguous
P13569	D443G	0.0855	benign
P13569	D443H	0.1908	benign
P13569	D443I	0.4234	ambiguous
P13569	D443K	0.2355	benign
P13569	D443L	0.411	ambiguous
P13569	D443M	0.5607	ambiguous
P13569	D443N	0.0653	benign
P13569	D443P	0.8307	pathogenic
P13569	D443Q	0.2562	benign
P13569	D443R	0.2584	benign
P13569	D443S	0.1154	benign
P13569	D443T	0.2491	benign
P13569	D443V	0.2616	benign
P13569	D443W	0.812	pathogenic
P13569	D443Y	0.1601	benign
P13569	I444A	0.824	pathogenic
P13569	I444C	0.8382	pathogenic
P13569	I444D	0.9819	pathogenic
P13569	I444E	0.9611	pathogenic
P13569	I444F	0.3832	ambiguous
P13569	I444G	0.955	pathogenic
P13569	I444H	0.937	pathogenic
P13569	I444K	0.8909	pathogenic
P13569	I444L	0.1499	benign
P13569	I444M	0.1595	benign
P13569	I444N	0.7983	pathogenic
P13569	I444P	0.9722	pathogenic
P13569	I444Q	0.9207	pathogenic
P13569	I444R	0.8424	pathogenic
P13569	I444S	0.8193	pathogenic
P13569	I444T	0.6924	pathogenic
P13569	I444V	0.1215	benign
P13569	I444W	0.9385	pathogenic
P13569	I444Y	0.8657	pathogenic
P13569	N445A	0.2433	benign
P13569	N445C	0.1845	benign
P13569	N445D	0.1051	benign
P13569	N445E	0.4927	ambiguous
P13569	N445F	0.5823	pathogenic
P13569	N445G	0.2524	benign
P13569	N445H	0.124	benign
P13569	N445I	0.2917	benign
P13569	N445K	0.3927	ambiguous
P13569	N445L	0.3336	benign
P13569	N445M	0.4478	ambiguous
P13569	N445P	0.8122	pathogenic
P13569	N445Q	0.424	ambiguous
P13569	N445R	0.3771	ambiguous
P13569	N445S	0.0525	benign
P13569	N445T	0.0926	benign
P13569	N445V	0.3054	benign
P13569	N445W	0.8073	pathogenic
P13569	N445Y	0.2124	benign
P13569	F446A	0.9119	pathogenic
P13569	F446C	0.484	ambiguous
P13569	F446D	0.995	pathogenic
P13569	F446E	0.9937	pathogenic
P13569	F446G	0.9681	pathogenic
P13569	F446H	0.9705	pathogenic
P13569	F446I	0.251	benign
P13569	F446K	0.993	pathogenic
P13569	F446L	0.6644	pathogenic
P13569	F446M	0.5669	pathogenic
P13569	F446N	0.9862	pathogenic
P13569	F446P	0.9979	pathogenic
P13569	F446Q	0.9873	pathogenic
P13569	F446R	0.9826	pathogenic
P13569	F446S	0.9535	pathogenic
P13569	F446T	0.9204	pathogenic
P13569	F446V	0.2891	benign
P13569	F446W	0.7924	pathogenic
P13569	F446Y	0.5421	ambiguous
P13569	K447A	0.2652	benign
P13569	K447C	0.4152	ambiguous
P13569	K447D	0.4229	ambiguous
P13569	K447E	0.1161	benign
P13569	K447F	0.5593	ambiguous
P13569	K447G	0.3978	ambiguous
P13569	K447H	0.1719	benign
P13569	K447I	0.2289	benign
P13569	K447L	0.259	benign
P13569	K447M	0.1682	benign
P13569	K447N	0.2348	benign
P13569	K447P	0.7912	pathogenic
P13569	K447Q	0.0931	benign
P13569	K447R	0.0749	benign
P13569	K447S	0.236	benign
P13569	K447T	0.106	benign
P13569	K447V	0.2268	benign
P13569	K447W	0.5699	pathogenic
P13569	K447Y	0.4018	ambiguous
P13569	I448A	0.3535	ambiguous
P13569	I448C	0.8123	pathogenic
P13569	I448D	0.9666	pathogenic
P13569	I448E	0.89	pathogenic
P13569	I448F	0.3624	ambiguous
P13569	I448G	0.8286	pathogenic
P13569	I448H	0.9291	pathogenic
P13569	I448K	0.8352	pathogenic
P13569	I448L	0.1106	benign
P13569	I448M	0.0975	benign
P13569	I448N	0.7625	pathogenic
P13569	I448P	0.9108	pathogenic
P13569	I448Q	0.8476	pathogenic
P13569	I448R	0.7563	pathogenic
P13569	I448S	0.5988	pathogenic
P13569	I448T	0.2226	benign
P13569	I448V	0.0846	benign
P13569	I448W	0.9139	pathogenic
P13569	I448Y	0.8391	pathogenic
P13569	E449A	0.1464	benign
P13569	E449C	0.6886	pathogenic
P13569	E449D	0.1426	benign
P13569	E449F	0.6804	pathogenic
P13569	E449G	0.0961	benign
P13569	E449H	0.3596	ambiguous
P13569	E449I	0.3906	ambiguous
P13569	E449K	0.0878	benign
P13569	E449L	0.3536	ambiguous
P13569	E449M	0.4348	ambiguous
P13569	E449N	0.2181	benign
P13569	E449P	0.4279	ambiguous
P13569	E449Q	0.1126	benign
P13569	E449R	0.1511	benign
P13569	E449S	0.169	benign
P13569	E449T	0.2162	benign
P13569	E449V	0.241	benign
P13569	E449W	0.8052	pathogenic
P13569	E449Y	0.5258	ambiguous
P13569	R450A	0.2489	benign
P13569	R450C	0.2225	benign
P13569	R450D	0.5392	ambiguous
P13569	R450E	0.2067	benign
P13569	R450F	0.5959	pathogenic
P13569	R450G	0.1473	benign
P13569	R450H	0.1449	benign
P13569	R450I	0.2578	benign
P13569	R450K	0.0624	benign
P13569	R450L	0.2673	benign
P13569	R450M	0.2095	benign
P13569	R450N	0.4015	ambiguous
P13569	R450P	0.3311	benign
P13569	R450Q	0.103	benign
P13569	R450S	0.329	benign
P13569	R450T	0.1671	benign
P13569	R450V	0.3401	ambiguous
P13569	R450W	0.2393	benign
P13569	R450Y	0.4356	ambiguous
P13569	G451A	0.6467	pathogenic
P13569	G451C	0.6959	pathogenic
P13569	G451D	0.7104	pathogenic
P13569	G451E	0.719	pathogenic
P13569	G451F	0.9573	pathogenic
P13569	G451H	0.8882	pathogenic
P13569	G451I	0.9624	pathogenic
P13569	G451K	0.8611	pathogenic
P13569	G451L	0.9514	pathogenic
P13569	G451M	0.9503	pathogenic
P13569	G451N	0.7188	pathogenic
P13569	G451P	0.991	pathogenic
P13569	G451Q	0.8102	pathogenic
P13569	G451R	0.7688	pathogenic
P13569	G451S	0.387	ambiguous
P13569	G451T	0.8281	pathogenic
P13569	G451V	0.9216	pathogenic
P13569	G451W	0.8945	pathogenic
P13569	G451Y	0.9079	pathogenic
P13569	Q452A	0.3264	benign
P13569	Q452C	0.5917	pathogenic
P13569	Q452D	0.4676	ambiguous
P13569	Q452E	0.0741	benign
P13569	Q452F	0.775	pathogenic
P13569	Q452G	0.3592	ambiguous
P13569	Q452H	0.2897	benign
P13569	Q452I	0.5556	ambiguous
P13569	Q452K	0.0958	benign
P13569	Q452L	0.2314	benign
P13569	Q452M	0.4017	ambiguous
P13569	Q452N	0.3683	ambiguous
P13569	Q452P	0.7846	pathogenic
P13569	Q452R	0.1388	benign
P13569	Q452S	0.3395	benign
P13569	Q452T	0.2843	benign
P13569	Q452V	0.3872	ambiguous
P13569	Q452W	0.6243	pathogenic
P13569	Q452Y	0.518	ambiguous
P13569	L453A	0.8062	pathogenic
P13569	L453C	0.7021	pathogenic
P13569	L453D	0.9863	pathogenic
P13569	L453E	0.9341	pathogenic
P13569	L453F	0.3058	benign
P13569	L453G	0.9234	pathogenic
P13569	L453H	0.7452	pathogenic
P13569	L453I	0.2779	benign
P13569	L453K	0.8346	pathogenic
P13569	L453M	0.1186	benign
P13569	L453N	0.9093	pathogenic
P13569	L453P	0.9732	pathogenic
P13569	L453Q	0.6628	pathogenic
P13569	L453R	0.7471	pathogenic
P13569	L453S	0.8487	pathogenic
P13569	L453T	0.7406	pathogenic
P13569	L453V	0.2798	benign
P13569	L453W	0.6122	pathogenic
P13569	L453Y	0.7353	pathogenic
P13569	L454A	0.6708	pathogenic
P13569	L454C	0.7632	pathogenic
P13569	L454D	0.9961	pathogenic
P13569	L454E	0.9762	pathogenic
P13569	L454F	0.4896	ambiguous
P13569	L454G	0.9468	pathogenic
P13569	L454H	0.9311	pathogenic
P13569	L454I	0.2121	benign
P13569	L454K	0.9683	pathogenic
P13569	L454M	0.2291	benign
P13569	L454N	0.9805	pathogenic
P13569	L454P	0.9841	pathogenic
P13569	L454Q	0.8938	pathogenic
P13569	L454R	0.9311	pathogenic
P13569	L454S	0.8943	pathogenic
P13569	L454T	0.7037	pathogenic
P13569	L454V	0.1874	benign
P13569	L454W	0.85	pathogenic
P13569	L454Y	0.9223	pathogenic
P13569	A455C	0.592	pathogenic
P13569	A455D	0.9774	pathogenic
P13569	A455E	0.9484	pathogenic
P13569	A455F	0.8418	pathogenic
P13569	A455G	0.3978	ambiguous
P13569	A455H	0.9781	pathogenic
P13569	A455I	0.4541	ambiguous
P13569	A455K	0.9847	pathogenic
P13569	A455L	0.3754	ambiguous
P13569	A455M	0.4813	ambiguous
P13569	A455N	0.9211	pathogenic
P13569	A455P	0.9496	pathogenic
P13569	A455Q	0.9465	pathogenic
P13569	A455R	0.9655	pathogenic
P13569	A455S	0.268	benign
P13569	A455T	0.1474	benign
P13569	A455V	0.1916	benign
P13569	A455W	0.9864	pathogenic
P13569	A455Y	0.9541	pathogenic
P13569	V456A	0.6758	pathogenic
P13569	V456C	0.9351	pathogenic
P13569	V456D	0.9898	pathogenic
P13569	V456E	0.9735	pathogenic
P13569	V456F	0.5745	pathogenic
P13569	V456G	0.9005	pathogenic
P13569	V456H	0.9914	pathogenic
P13569	V456I	0.079	benign
P13569	V456K	0.9812	pathogenic
P13569	V456L	0.3419	ambiguous
P13569	V456M	0.3524	ambiguous
P13569	V456N	0.9676	pathogenic
P13569	V456P	0.9888	pathogenic
P13569	V456Q	0.9743	pathogenic
P13569	V456R	0.9715	pathogenic
P13569	V456S	0.9055	pathogenic
P13569	V456T	0.7622	pathogenic
P13569	V456W	0.9891	pathogenic
P13569	V456Y	0.967	pathogenic
P13569	A457C	0.497	ambiguous
P13569	A457D	0.9266	pathogenic
P13569	A457E	0.8428	pathogenic
P13569	A457F	0.6335	pathogenic
P13569	A457G	0.3394	benign
P13569	A457H	0.905	pathogenic
P13569	A457I	0.4166	ambiguous
P13569	A457K	0.9406	pathogenic
P13569	A457L	0.3418	ambiguous
P13569	A457M	0.36	ambiguous
P13569	A457N	0.8149	pathogenic
P13569	A457P	0.961	pathogenic
P13569	A457Q	0.8312	pathogenic
P13569	A457R	0.8873	pathogenic
P13569	A457S	0.1521	benign
P13569	A457T	0.1039	benign
P13569	A457V	0.1875	benign
P13569	A457W	0.9341	pathogenic
P13569	A457Y	0.8376	pathogenic
P13569	G458A	0.7808	pathogenic
P13569	G458C	0.9348	pathogenic
P13569	G458D	0.9762	pathogenic
P13569	G458E	0.9821	pathogenic
P13569	G458F	0.9938	pathogenic
P13569	G458H	0.9952	pathogenic
P13569	G458I	0.9842	pathogenic
P13569	G458K	0.9939	pathogenic
P13569	G458L	0.9896	pathogenic
P13569	G458M	0.995	pathogenic
P13569	G458N	0.9897	pathogenic
P13569	G458P	0.9969	pathogenic
P13569	G458Q	0.9903	pathogenic
P13569	G458R	0.9764	pathogenic
P13569	G458S	0.7349	pathogenic
P13569	G458T	0.9585	pathogenic
P13569	G458V	0.9608	pathogenic
P13569	G458W	0.9834	pathogenic
P13569	G458Y	0.9917	pathogenic
P13569	S459A	0.1918	benign
P13569	S459C	0.2514	benign
P13569	S459D	0.8479	pathogenic
P13569	S459E	0.8951	pathogenic
P13569	S459F	0.6135	pathogenic
P13569	S459G	0.2197	benign
P13569	S459H	0.7819	pathogenic
P13569	S459I	0.6515	pathogenic
P13569	S459K	0.9548	pathogenic
P13569	S459L	0.3171	benign
P13569	S459M	0.5813	pathogenic
P13569	S459N	0.5021	ambiguous
P13569	S459P	0.4242	ambiguous
P13569	S459Q	0.8774	pathogenic
P13569	S459R	0.9138	pathogenic
P13569	S459T	0.2515	benign
P13569	S459V	0.6123	pathogenic
P13569	S459W	0.7166	pathogenic
P13569	S459Y	0.5486	ambiguous
P13569	T460A	0.1478	benign
P13569	T460C	0.673	pathogenic
P13569	T460D	0.8128	pathogenic
P13569	T460E	0.6192	pathogenic
P13569	T460F	0.5126	ambiguous
P13569	T460G	0.5621	ambiguous
P13569	T460H	0.5733	pathogenic
P13569	T460I	0.3343	benign
P13569	T460K	0.4717	ambiguous
P13569	T460L	0.217	benign
P13569	T460M	0.1336	benign
P13569	T460N	0.3796	ambiguous
P13569	T460P	0.2015	benign
P13569	T460Q	0.4755	ambiguous
P13569	T460R	0.3088	benign
P13569	T460S	0.2554	benign
P13569	T460V	0.2413	benign
P13569	T460W	0.8106	pathogenic
P13569	T460Y	0.6158	pathogenic
P13569	G461A	0.5093	ambiguous
P13569	G461C	0.7539	pathogenic
P13569	G461D	0.9011	pathogenic
P13569	G461E	0.8722	pathogenic
P13569	G461F	0.9576	pathogenic
P13569	G461H	0.9434	pathogenic
P13569	G461I	0.9245	pathogenic
P13569	G461K	0.928	pathogenic
P13569	G461L	0.938	pathogenic
P13569	G461M	0.9342	pathogenic
P13569	G461N	0.9061	pathogenic
P13569	G461P	0.9906	pathogenic
P13569	G461Q	0.8932	pathogenic
P13569	G461R	0.7922	pathogenic
P13569	G461S	0.416	ambiguous
P13569	G461T	0.7974	pathogenic
P13569	G461V	0.8331	pathogenic
P13569	G461W	0.9053	pathogenic
P13569	G461Y	0.9382	pathogenic
P13569	A462C	0.7111	pathogenic
P13569	A462D	0.887	pathogenic
P13569	A462E	0.8588	pathogenic
P13569	A462F	0.8864	pathogenic
P13569	A462G	0.3516	ambiguous
P13569	A462H	0.9269	pathogenic
P13569	A462I	0.9037	pathogenic
P13569	A462K	0.9658	pathogenic
P13569	A462L	0.8153	pathogenic
P13569	A462M	0.7847	pathogenic
P13569	A462N	0.864	pathogenic
P13569	A462P	0.9776	pathogenic
P13569	A462Q	0.8758	pathogenic
P13569	A462R	0.9142	pathogenic
P13569	A462S	0.0973	benign
P13569	A462T	0.3322	benign
P13569	A462V	0.6109	pathogenic
P13569	A462W	0.9768	pathogenic
P13569	A462Y	0.9218	pathogenic
P13569	G463A	0.8448	pathogenic
P13569	G463C	0.9039	pathogenic
P13569	G463D	0.9809	pathogenic
P13569	G463E	0.9666	pathogenic
P13569	G463F	0.9923	pathogenic
P13569	G463H	0.9928	pathogenic
P13569	G463I	0.9869	pathogenic
P13569	G463K	0.9853	pathogenic
P13569	G463L	0.9813	pathogenic
P13569	G463M	0.9872	pathogenic
P13569	G463N	0.9868	pathogenic
P13569	G463P	0.9974	pathogenic
P13569	G463Q	0.969	pathogenic
P13569	G463R	0.9388	pathogenic
P13569	G463S	0.7742	pathogenic
P13569	G463T	0.9657	pathogenic
P13569	G463V	0.9621	pathogenic
P13569	G463W	0.9724	pathogenic
P13569	G463Y	0.9893	pathogenic
P13569	K464A	0.9874	pathogenic
P13569	K464C	0.9914	pathogenic
P13569	K464D	0.981	pathogenic
P13569	K464E	0.8962	pathogenic
P13569	K464F	0.9985	pathogenic
P13569	K464G	0.9858	pathogenic
P13569	K464H	0.9678	pathogenic
P13569	K464I	0.9867	pathogenic
P13569	K464L	0.9871	pathogenic
P13569	K464M	0.9531	pathogenic
P13569	K464N	0.9589	pathogenic
P13569	K464P	0.995	pathogenic
P13569	K464Q	0.9346	pathogenic
P13569	K464R	0.5491	ambiguous
P13569	K464S	0.9833	pathogenic
P13569	K464T	0.9541	pathogenic
P13569	K464V	0.9903	pathogenic
P13569	K464W	0.997	pathogenic
P13569	K464Y	0.9919	pathogenic
P13569	T465A	0.702	pathogenic
P13569	T465C	0.9836	pathogenic
P13569	T465D	0.9555	pathogenic
P13569	T465E	0.9612	pathogenic
P13569	T465F	0.9747	pathogenic
P13569	T465G	0.8294	pathogenic
P13569	T465H	0.9275	pathogenic
P13569	T465I	0.9728	pathogenic
P13569	T465K	0.9423	pathogenic
P13569	T465L	0.8991	pathogenic
P13569	T465M	0.6867	pathogenic
P13569	T465N	0.7614	pathogenic
P13569	T465P	0.8947	pathogenic
P13569	T465Q	0.9363	pathogenic
P13569	T465R	0.9373	pathogenic
P13569	T465S	0.2143	benign
P13569	T465V	0.9383	pathogenic
P13569	T465W	0.9931	pathogenic
P13569	T465Y	0.9638	pathogenic
P13569	S466A	0.3973	ambiguous
P13569	S466C	0.7088	pathogenic
P13569	S466D	0.9893	pathogenic
P13569	S466E	0.9934	pathogenic
P13569	S466F	0.9539	pathogenic
P13569	S466G	0.601	pathogenic
P13569	S466H	0.9808	pathogenic
P13569	S466I	0.9266	pathogenic
P13569	S466K	0.9986	pathogenic
P13569	S466L	0.8087	pathogenic
P13569	S466M	0.8989	pathogenic
P13569	S466N	0.9364	pathogenic
P13569	S466P	0.9579	pathogenic
P13569	S466Q	0.9907	pathogenic
P13569	S466R	0.9965	pathogenic
P13569	S466T	0.3321	benign
P13569	S466V	0.8854	pathogenic
P13569	S466W	0.9787	pathogenic
P13569	S466Y	0.9534	pathogenic
P13569	L467A	0.8237	pathogenic
P13569	L467C	0.833	pathogenic
P13569	L467D	0.9982	pathogenic
P13569	L467E	0.9913	pathogenic
P13569	L467F	0.32	benign
P13569	L467G	0.977	pathogenic
P13569	L467H	0.956	pathogenic
P13569	L467I	0.1564	benign
P13569	L467K	0.9887	pathogenic
P13569	L467M	0.2212	benign
P13569	L467N	0.9862	pathogenic
P13569	L467P	0.9858	pathogenic
P13569	L467Q	0.9537	pathogenic
P13569	L467R	0.9723	pathogenic
P13569	L467S	0.9179	pathogenic
P13569	L467T	0.8031	pathogenic
P13569	L467V	0.2033	benign
P13569	L467W	0.8415	pathogenic
P13569	L467Y	0.9137	pathogenic
P13569	L468A	0.8121	pathogenic
P13569	L468C	0.8363	pathogenic
P13569	L468D	0.9969	pathogenic
P13569	L468E	0.9811	pathogenic
P13569	L468F	0.6603	pathogenic
P13569	L468G	0.9559	pathogenic
P13569	L468H	0.9563	pathogenic
P13569	L468I	0.2104	benign
P13569	L468K	0.9797	pathogenic
P13569	L468M	0.289	benign
P13569	L468N	0.9646	pathogenic
P13569	L468P	0.9676	pathogenic
P13569	L468Q	0.9174	pathogenic
P13569	L468R	0.9653	pathogenic
P13569	L468S	0.9066	pathogenic
P13569	L468T	0.8219	pathogenic
P13569	L468V	0.2885	benign
P13569	L468W	0.936	pathogenic
P13569	L468Y	0.9606	pathogenic
P13569	M469A	0.6884	pathogenic
P13569	M469C	0.8711	pathogenic
P13569	M469D	0.9794	pathogenic
P13569	M469E	0.8766	pathogenic
P13569	M469F	0.6522	pathogenic
P13569	M469G	0.861	pathogenic
P13569	M469H	0.7658	pathogenic
P13569	M469I	0.9053	pathogenic
P13569	M469K	0.5594	ambiguous
P13569	M469L	0.2498	benign
P13569	M469N	0.8298	pathogenic
P13569	M469P	0.985	pathogenic
P13569	M469Q	0.559	ambiguous
P13569	M469R	0.5334	ambiguous
P13569	M469S	0.6871	pathogenic
P13569	M469T	0.6249	pathogenic
P13569	M469V	0.5106	ambiguous
P13569	M469W	0.8642	pathogenic
P13569	M469Y	0.826	pathogenic
P13569	V470A	0.1886	benign
P13569	V470C	0.5747	pathogenic
P13569	V470D	0.8441	pathogenic
P13569	V470E	0.66	pathogenic
P13569	V470F	0.3316	benign
P13569	V470G	0.3277	benign
P13569	V470H	0.8209	pathogenic
P13569	V470I	0.124	benign
P13569	V470K	0.6202	pathogenic
P13569	V470L	0.0762	benign
P13569	V470M	0.0489	benign
P13569	V470N	0.5143	ambiguous
P13569	V470P	0.9635	pathogenic
P13569	V470Q	0.5166	ambiguous
P13569	V470R	0.6072	pathogenic
P13569	V470S	0.2756	benign
P13569	V470T	0.1522	benign
P13569	V470W	0.8725	pathogenic
P13569	V470Y	0.7917	pathogenic
P13569	I471A	0.7805	pathogenic
P13569	I471C	0.8979	pathogenic
P13569	I471D	0.9938	pathogenic
P13569	I471E	0.9842	pathogenic
P13569	I471F	0.3907	ambiguous
P13569	I471G	0.9704	pathogenic
P13569	I471H	0.9785	pathogenic
P13569	I471K	0.9631	pathogenic
P13569	I471L	0.1196	benign
P13569	I471M	0.1145	benign
P13569	I471N	0.9236	pathogenic
P13569	I471P	0.9847	pathogenic
P13569	I471Q	0.9672	pathogenic
P13569	I471R	0.9516	pathogenic
P13569	I471S	0.863	pathogenic
P13569	I471T	0.6934	pathogenic
P13569	I471V	0.1409	benign
P13569	I471W	0.9685	pathogenic
P13569	I471Y	0.9283	pathogenic
P13569	M472A	0.6301	pathogenic
P13569	M472C	0.8441	pathogenic
P13569	M472D	0.9877	pathogenic
P13569	M472E	0.9218	pathogenic
P13569	M472F	0.7261	pathogenic
P13569	M472G	0.8965	pathogenic
P13569	M472H	0.9402	pathogenic
P13569	M472I	0.5872	pathogenic
P13569	M472K	0.7451	pathogenic
P13569	M472L	0.0815	benign
P13569	M472N	0.9016	pathogenic
P13569	M472P	0.9802	pathogenic
P13569	M472Q	0.7504	pathogenic
P13569	M472R	0.7592	pathogenic
P13569	M472S	0.7794	pathogenic
P13569	M472T	0.46	ambiguous
P13569	M472V	0.24	benign
P13569	M472W	0.9454	pathogenic
P13569	M472Y	0.9518	pathogenic
P13569	G473A	0.6365	pathogenic
P13569	G473C	0.8571	pathogenic
P13569	G473D	0.7612	pathogenic
P13569	G473E	0.7386	pathogenic
P13569	G473F	0.9942	pathogenic
P13569	G473H	0.9376	pathogenic
P13569	G473I	0.9896	pathogenic
P13569	G473K	0.8596	pathogenic
P13569	G473L	0.9721	pathogenic
P13569	G473M	0.9732	pathogenic
P13569	G473N	0.8022	pathogenic
P13569	G473P	0.9985	pathogenic
P13569	G473Q	0.8128	pathogenic
P13569	G473R	0.7799	pathogenic
P13569	G473S	0.5257	ambiguous
P13569	G473T	0.9057	pathogenic
P13569	G473V	0.966	pathogenic
P13569	G473W	0.9723	pathogenic
P13569	G473Y	0.9761	pathogenic
P13569	E474A	0.9142	pathogenic
P13569	E474C	0.9914	pathogenic
P13569	E474D	0.884	pathogenic
P13569	E474F	0.992	pathogenic
P13569	E474G	0.9277	pathogenic
P13569	E474H	0.986	pathogenic
P13569	E474I	0.961	pathogenic
P13569	E474K	0.9308	pathogenic
P13569	E474L	0.9756	pathogenic
P13569	E474M	0.9702	pathogenic
P13569	E474N	0.9666	pathogenic
P13569	E474P	0.9978	pathogenic
P13569	E474Q	0.8709	pathogenic
P13569	E474R	0.9638	pathogenic
P13569	E474S	0.9554	pathogenic
P13569	E474T	0.9705	pathogenic
P13569	E474V	0.9258	pathogenic
P13569	E474W	0.9987	pathogenic
P13569	E474Y	0.9898	pathogenic
P13569	L475A	0.8742	pathogenic
P13569	L475C	0.9089	pathogenic
P13569	L475D	0.9957	pathogenic
P13569	L475E	0.9654	pathogenic
P13569	L475F	0.751	pathogenic
P13569	L475G	0.9739	pathogenic
P13569	L475H	0.952	pathogenic
P13569	L475I	0.2181	benign
P13569	L475K	0.9318	pathogenic
P13569	L475M	0.2627	benign
P13569	L475N	0.9723	pathogenic
P13569	L475P	0.991	pathogenic
P13569	L475Q	0.8988	pathogenic
P13569	L475R	0.8998	pathogenic
P13569	L475S	0.9663	pathogenic
P13569	L475T	0.8403	pathogenic
P13569	L475V	0.2918	benign
P13569	L475W	0.8952	pathogenic
P13569	L475Y	0.9343	pathogenic
P13569	E476A	0.1434	benign
P13569	E476C	0.721	pathogenic
P13569	E476D	0.2719	benign
P13569	E476F	0.5577	ambiguous
P13569	E476G	0.2244	benign
P13569	E476H	0.4151	ambiguous
P13569	E476I	0.1721	benign
P13569	E476K	0.1186	benign
P13569	E476L	0.1972	benign
P13569	E476M	0.2822	benign
P13569	E476N	0.3244	benign
P13569	E476P	0.6038	pathogenic
P13569	E476Q	0.1043	benign
P13569	E476R	0.2109	benign
P13569	E476S	0.2211	benign
P13569	E476T	0.2031	benign
P13569	E476V	0.1121	benign
P13569	E476W	0.8482	pathogenic
P13569	E476Y	0.487	ambiguous
P13569	P477A	0.0994	benign
P13569	P477C	0.5939	pathogenic
P13569	P477D	0.8894	pathogenic
P13569	P477E	0.7419	pathogenic
P13569	P477F	0.707	pathogenic
P13569	P477G	0.6239	pathogenic
P13569	P477H	0.5441	ambiguous
P13569	P477I	0.3136	benign
P13569	P477K	0.6814	pathogenic
P13569	P477L	0.1666	benign
P13569	P477M	0.4627	ambiguous
P13569	P477N	0.7532	pathogenic
P13569	P477Q	0.5234	ambiguous
P13569	P477R	0.5216	ambiguous
P13569	P477S	0.3522	ambiguous
P13569	P477T	0.2105	benign
P13569	P477V	0.2303	benign
P13569	P477W	0.8922	pathogenic
P13569	P477Y	0.6846	pathogenic
P13569	S478A	0.0705	benign
P13569	S478C	0.1222	benign
P13569	S478D	0.4926	ambiguous
P13569	S478E	0.3964	ambiguous
P13569	S478F	0.1551	benign
P13569	S478G	0.158	benign
P13569	S478H	0.3759	ambiguous
P13569	S478I	0.1367	benign
P13569	S478K	0.5019	ambiguous
P13569	S478L	0.0549	benign
P13569	S478M	0.1461	benign
P13569	S478N	0.2779	benign
P13569	S478P	0.6302	pathogenic
P13569	S478Q	0.4154	ambiguous
P13569	S478R	0.4712	ambiguous
P13569	S478T	0.0734	benign
P13569	S478V	0.1199	benign
P13569	S478W	0.2286	benign
P13569	S478Y	0.1579	benign
P13569	E479A	0.1166	benign
P13569	E479C	0.6497	pathogenic
P13569	E479D	0.1656	benign
P13569	E479F	0.5607	ambiguous
P13569	E479G	0.1475	benign
P13569	E479H	0.3088	benign
P13569	E479I	0.2522	benign
P13569	E479K	0.0776	benign
P13569	E479L	0.292	benign
P13569	E479M	0.3269	benign
P13569	E479N	0.2192	benign
P13569	E479P	0.8581	pathogenic
P13569	E479Q	0.0984	benign
P13569	E479R	0.1305	benign
P13569	E479S	0.1473	benign
P13569	E479T	0.1621	benign
P13569	E479V	0.1588	benign
P13569	E479W	0.7593	pathogenic
P13569	E479Y	0.4612	ambiguous
P13569	G480A	0.7412	pathogenic
P13569	G480C	0.9265	pathogenic
P13569	G480D	0.9468	pathogenic
P13569	G480E	0.948	pathogenic
P13569	G480F	0.9871	pathogenic
P13569	G480H	0.9922	pathogenic
P13569	G480I	0.9697	pathogenic
P13569	G480K	0.982	pathogenic
P13569	G480L	0.9828	pathogenic
P13569	G480M	0.9833	pathogenic
P13569	G480N	0.9698	pathogenic
P13569	G480P	0.996	pathogenic
P13569	G480Q	0.9805	pathogenic
P13569	G480R	0.9693	pathogenic
P13569	G480S	0.7429	pathogenic
P13569	G480T	0.938	pathogenic
P13569	G480V	0.9368	pathogenic
P13569	G480W	0.9634	pathogenic
P13569	G480Y	0.976	pathogenic
P13569	K481A	0.2804	benign
P13569	K481C	0.5153	ambiguous
P13569	K481D	0.4379	ambiguous
P13569	K481E	0.1111	benign
P13569	K481F	0.5389	ambiguous
P13569	K481G	0.4509	ambiguous
P13569	K481H	0.2555	benign
P13569	K481I	0.1399	benign
P13569	K481L	0.2257	benign
P13569	K481M	0.128	benign
P13569	K481N	0.2294	benign
P13569	K481P	0.8983	pathogenic
P13569	K481Q	0.1149	benign
P13569	K481R	0.0851	benign
P13569	K481S	0.2885	benign
P13569	K481T	0.1137	benign
P13569	K481V	0.1622	benign
P13569	K481W	0.6583	pathogenic
P13569	K481Y	0.4356	ambiguous
P13569	I482A	0.7803	pathogenic
P13569	I482C	0.8044	pathogenic
P13569	I482D	0.9769	pathogenic
P13569	I482E	0.9044	pathogenic
P13569	I482F	0.2682	benign
P13569	I482G	0.923	pathogenic
P13569	I482H	0.8907	pathogenic
P13569	I482K	0.7993	pathogenic
P13569	I482L	0.185	benign
P13569	I482M	0.1141	benign
P13569	I482N	0.7599	pathogenic
P13569	I482P	0.9644	pathogenic
P13569	I482Q	0.8118	pathogenic
P13569	I482R	0.7125	pathogenic
P13569	I482S	0.7628	pathogenic
P13569	I482T	0.6894	pathogenic
P13569	I482V	0.1096	benign
P13569	I482W	0.8624	pathogenic
P13569	I482Y	0.7181	pathogenic
P13569	K483A	0.3826	ambiguous
P13569	K483C	0.5564	ambiguous
P13569	K483D	0.7707	pathogenic
P13569	K483E	0.1938	benign
P13569	K483F	0.6847	pathogenic
P13569	K483G	0.5718	pathogenic
P13569	K483H	0.3212	benign
P13569	K483I	0.2514	benign
P13569	K483L	0.3068	benign
P13569	K483M	0.1918	benign
P13569	K483N	0.501	ambiguous
P13569	K483P	0.9535	pathogenic
P13569	K483Q	0.1147	benign
P13569	K483R	0.0753	benign
P13569	K483S	0.4127	ambiguous
P13569	K483T	0.161	benign
P13569	K483V	0.2737	benign
P13569	K483W	0.7236	pathogenic
P13569	K483Y	0.5744	pathogenic
P13569	H484A	0.9099	pathogenic
P13569	H484C	0.5022	ambiguous
P13569	H484D	0.907	pathogenic
P13569	H484E	0.9473	pathogenic
P13569	H484F	0.751	pathogenic
P13569	H484G	0.9355	pathogenic
P13569	H484I	0.8097	pathogenic
P13569	H484K	0.9152	pathogenic
P13569	H484L	0.4858	ambiguous
P13569	H484M	0.9047	pathogenic
P13569	H484N	0.5102	ambiguous
P13569	H484P	0.8361	pathogenic
P13569	H484Q	0.8449	pathogenic
P13569	H484R	0.7643	pathogenic
P13569	H484S	0.8364	pathogenic
P13569	H484T	0.8543	pathogenic
P13569	H484V	0.7903	pathogenic
P13569	H484W	0.8474	pathogenic
P13569	H484Y	0.335	benign
P13569	S485A	0.1939	benign
P13569	S485C	0.2785	benign
P13569	S485D	0.9419	pathogenic
P13569	S485E	0.9542	pathogenic
P13569	S485F	0.7797	pathogenic
P13569	S485G	0.2939	benign
P13569	S485H	0.8567	pathogenic
P13569	S485I	0.7833	pathogenic
P13569	S485K	0.9806	pathogenic
P13569	S485L	0.4578	ambiguous
P13569	S485M	0.6992	pathogenic
P13569	S485N	0.7246	pathogenic
P13569	S485P	0.8565	pathogenic
P13569	S485Q	0.9261	pathogenic
P13569	S485R	0.9561	pathogenic
P13569	S485T	0.2535	benign
P13569	S485V	0.7211	pathogenic
P13569	S485W	0.8613	pathogenic
P13569	S485Y	0.7302	pathogenic
P13569	G486A	0.7285	pathogenic
P13569	G486C	0.9215	pathogenic
P13569	G486D	0.9826	pathogenic
P13569	G486E	0.9775	pathogenic
P13569	G486F	0.9939	pathogenic
P13569	G486H	0.9921	pathogenic
P13569	G486I	0.9891	pathogenic
P13569	G486K	0.9876	pathogenic
P13569	G486L	0.9843	pathogenic
P13569	G486M	0.9919	pathogenic
P13569	G486N	0.9805	pathogenic
P13569	G486P	0.9946	pathogenic
P13569	G486Q	0.9782	pathogenic
P13569	G486R	0.9603	pathogenic
P13569	G486S	0.6503	pathogenic
P13569	G486T	0.9534	pathogenic
P13569	G486V	0.9703	pathogenic
P13569	G486W	0.9861	pathogenic
P13569	G486Y	0.9922	pathogenic
P13569	R487A	0.9228	pathogenic
P13569	R487C	0.5684	pathogenic
P13569	R487D	0.971	pathogenic
P13569	R487E	0.8352	pathogenic
P13569	R487F	0.9485	pathogenic
P13569	R487G	0.8515	pathogenic
P13569	R487H	0.4229	ambiguous
P13569	R487I	0.8007	pathogenic
P13569	R487K	0.4099	ambiguous
P13569	R487L	0.8029	pathogenic
P13569	R487M	0.8192	pathogenic
P13569	R487N	0.9399	pathogenic
P13569	R487P	0.9808	pathogenic
P13569	R487Q	0.3653	ambiguous
P13569	R487S	0.9375	pathogenic
P13569	R487T	0.8662	pathogenic
P13569	R487V	0.872	pathogenic
P13569	R487W	0.6331	pathogenic
P13569	R487Y	0.8671	pathogenic
P13569	I488A	0.8411	pathogenic
P13569	I488C	0.8867	pathogenic
P13569	I488D	0.9895	pathogenic
P13569	I488E	0.9684	pathogenic
P13569	I488F	0.457	ambiguous
P13569	I488G	0.9636	pathogenic
P13569	I488H	0.9496	pathogenic
P13569	I488K	0.8866	pathogenic
P13569	I488L	0.1991	benign
P13569	I488M	0.2385	benign
P13569	I488N	0.8625	pathogenic
P13569	I488P	0.9688	pathogenic
P13569	I488Q	0.9276	pathogenic
P13569	I488R	0.8438	pathogenic
P13569	I488S	0.8566	pathogenic
P13569	I488T	0.7107	pathogenic
P13569	I488V	0.0939	benign
P13569	I488W	0.969	pathogenic
P13569	I488Y	0.8675	pathogenic
P13569	S489A	0.1928	benign
P13569	S489C	0.4194	ambiguous
P13569	S489D	0.9971	pathogenic
P13569	S489E	0.9981	pathogenic
P13569	S489F	0.9767	pathogenic
P13569	S489G	0.5023	ambiguous
P13569	S489H	0.9918	pathogenic
P13569	S489I	0.9256	pathogenic
P13569	S489K	0.9997	pathogenic
P13569	S489L	0.851	pathogenic
P13569	S489M	0.9475	pathogenic
P13569	S489N	0.9597	pathogenic
P13569	S489P	0.989	pathogenic
P13569	S489Q	0.9954	pathogenic
P13569	S489R	0.9986	pathogenic
P13569	S489T	0.5078	ambiguous
P13569	S489V	0.8703	pathogenic
P13569	S489W	0.993	pathogenic
P13569	S489Y	0.9781	pathogenic
P13569	F490A	0.9597	pathogenic
P13569	F490C	0.7255	pathogenic
P13569	F490D	0.9957	pathogenic
P13569	F490E	0.9964	pathogenic
P13569	F490G	0.9866	pathogenic
P13569	F490H	0.9177	pathogenic
P13569	F490I	0.6326	pathogenic
P13569	F490K	0.9954	pathogenic
P13569	F490L	0.9607	pathogenic
P13569	F490M	0.8821	pathogenic
P13569	F490N	0.9675	pathogenic
P13569	F490P	0.9992	pathogenic
P13569	F490Q	0.9893	pathogenic
P13569	F490R	0.985	pathogenic
P13569	F490S	0.9157	pathogenic
P13569	F490T	0.9551	pathogenic
P13569	F490V	0.6008	pathogenic
P13569	F490W	0.7979	pathogenic
P13569	F490Y	0.1733	benign
P13569	C491A	0.3701	ambiguous
P13569	C491D	0.9735	pathogenic
P13569	C491E	0.9868	pathogenic
P13569	C491F	0.6895	pathogenic
P13569	C491G	0.3755	ambiguous
P13569	C491H	0.9275	pathogenic
P13569	C491I	0.6221	pathogenic
P13569	C491K	0.9948	pathogenic
P13569	C491L	0.6623	pathogenic
P13569	C491M	0.8582	pathogenic
P13569	C491N	0.8135	pathogenic
P13569	C491P	0.9809	pathogenic
P13569	C491Q	0.9536	pathogenic
P13569	C491R	0.9628	pathogenic
P13569	C491S	0.1846	benign
P13569	C491T	0.4286	ambiguous
P13569	C491V	0.4797	ambiguous
P13569	C491W	0.9482	pathogenic
P13569	C491Y	0.8577	pathogenic
P13569	S492A	0.0859	benign
P13569	S492C	0.1351	benign
P13569	S492D	0.8468	pathogenic
P13569	S492E	0.8453	pathogenic
P13569	S492F	0.6378	pathogenic
P13569	S492G	0.2084	benign
P13569	S492H	0.6282	pathogenic
P13569	S492I	0.6638	pathogenic
P13569	S492K	0.9479	pathogenic
P13569	S492L	0.2656	benign
P13569	S492M	0.5029	ambiguous
P13569	S492N	0.4742	ambiguous
P13569	S492P	0.0626	benign
P13569	S492Q	0.7065	pathogenic
P13569	S492R	0.9101	pathogenic
P13569	S492T	0.176	benign
P13569	S492V	0.4877	ambiguous
P13569	S492W	0.7269	pathogenic
P13569	S492Y	0.5579	ambiguous
P13569	Q493A	0.6335	pathogenic
P13569	Q493C	0.985	pathogenic
P13569	Q493D	0.9341	pathogenic
P13569	Q493E	0.2982	benign
P13569	Q493F	0.9902	pathogenic
P13569	Q493G	0.7281	pathogenic
P13569	Q493H	0.8925	pathogenic
P13569	Q493I	0.9207	pathogenic
P13569	Q493K	0.7364	pathogenic
P13569	Q493L	0.7175	pathogenic
P13569	Q493M	0.8407	pathogenic
P13569	Q493N	0.7436	pathogenic
P13569	Q493P	0.4007	ambiguous
P13569	Q493R	0.7282	pathogenic
P13569	Q493S	0.5489	ambiguous
P13569	Q493T	0.6818	pathogenic
P13569	Q493V	0.8515	pathogenic
P13569	Q493W	0.9923	pathogenic
P13569	Q493Y	0.9816	pathogenic
P13569	F494A	0.3076	benign
P13569	F494C	0.183	benign
P13569	F494D	0.4525	ambiguous
P13569	F494E	0.5418	ambiguous
P13569	F494G	0.5414	ambiguous
P13569	F494H	0.364	ambiguous
P13569	F494I	0.0917	benign
P13569	F494K	0.5995	pathogenic
P13569	F494L	0.6202	pathogenic
P13569	F494M	0.3238	benign
P13569	F494N	0.2464	benign
P13569	F494P	0.9229	pathogenic
P13569	F494Q	0.4946	ambiguous
P13569	F494R	0.5274	ambiguous
P13569	F494S	0.1781	benign
P13569	F494T	0.237	benign
P13569	F494V	0.092	benign
P13569	F494W	0.4513	ambiguous
P13569	F494Y	0.1015	benign
P13569	S495A	0.0696	benign
P13569	S495C	0.1316	benign
P13569	S495D	0.8992	pathogenic
P13569	S495E	0.8981	pathogenic
P13569	S495F	0.6175	pathogenic
P13569	S495G	0.2268	benign
P13569	S495H	0.7819	pathogenic
P13569	S495I	0.5615	ambiguous
P13569	S495K	0.98	pathogenic
P13569	S495L	0.2634	benign
P13569	S495M	0.5708	pathogenic
P13569	S495N	0.5632	ambiguous
P13569	S495P	0.0932	benign
P13569	S495Q	0.8457	pathogenic
P13569	S495R	0.957	pathogenic
P13569	S495T	0.1767	benign
P13569	S495V	0.4122	ambiguous
P13569	S495W	0.7816	pathogenic
P13569	S495Y	0.5854	pathogenic
P13569	W496A	0.9631	pathogenic
P13569	W496C	0.9682	pathogenic
P13569	W496D	0.9962	pathogenic
P13569	W496E	0.9957	pathogenic
P13569	W496F	0.6339	pathogenic
P13569	W496G	0.926	pathogenic
P13569	W496H	0.9847	pathogenic
P13569	W496I	0.9608	pathogenic
P13569	W496K	0.9985	pathogenic
P13569	W496L	0.9015	pathogenic
P13569	W496M	0.9688	pathogenic
P13569	W496N	0.9907	pathogenic
P13569	W496P	0.9913	pathogenic
P13569	W496Q	0.9962	pathogenic
P13569	W496R	0.9959	pathogenic
P13569	W496S	0.9206	pathogenic
P13569	W496T	0.9596	pathogenic
P13569	W496V	0.9398	pathogenic
P13569	W496Y	0.8808	pathogenic
P13569	I497A	0.843	pathogenic
P13569	I497C	0.9078	pathogenic
P13569	I497D	0.9858	pathogenic
P13569	I497E	0.9472	pathogenic
P13569	I497F	0.4734	ambiguous
P13569	I497G	0.9653	pathogenic
P13569	I497H	0.9448	pathogenic
P13569	I497K	0.9202	pathogenic
P13569	I497L	0.1984	benign
P13569	I497M	0.1729	benign
P13569	I497N	0.782	pathogenic
P13569	I497P	0.9878	pathogenic
P13569	I497Q	0.913	pathogenic
P13569	I497R	0.8917	pathogenic
P13569	I497S	0.8501	pathogenic
P13569	I497T	0.7251	pathogenic
P13569	I497V	0.1179	benign
P13569	I497W	0.9728	pathogenic
P13569	I497Y	0.8928	pathogenic
P13569	M498A	0.8136	pathogenic
P13569	M498C	0.9337	pathogenic
P13569	M498D	0.9936	pathogenic
P13569	M498E	0.9232	pathogenic
P13569	M498F	0.4562	ambiguous
P13569	M498G	0.96	pathogenic
P13569	M498H	0.9015	pathogenic
P13569	M498I	0.5102	ambiguous
P13569	M498K	0.7367	pathogenic
P13569	M498L	0.1909	benign
P13569	M498N	0.9249	pathogenic
P13569	M498P	0.9769	pathogenic
P13569	M498Q	0.6708	pathogenic
P13569	M498R	0.7376	pathogenic
P13569	M498S	0.8297	pathogenic
P13569	M498T	0.729	pathogenic
P13569	M498V	0.2294	benign
P13569	M498W	0.9044	pathogenic
P13569	M498Y	0.8417	pathogenic
P13569	P499A	0.2441	benign
P13569	P499C	0.8721	pathogenic
P13569	P499D	0.8377	pathogenic
P13569	P499E	0.6614	pathogenic
P13569	P499F	0.9027	pathogenic
P13569	P499G	0.6681	pathogenic
P13569	P499H	0.5447	ambiguous
P13569	P499I	0.8241	pathogenic
P13569	P499K	0.7556	pathogenic
P13569	P499L	0.3921	ambiguous
P13569	P499M	0.7623	pathogenic
P13569	P499N	0.6727	pathogenic
P13569	P499Q	0.4656	ambiguous
P13569	P499R	0.5589	ambiguous
P13569	P499S	0.3689	ambiguous
P13569	P499T	0.344	ambiguous
P13569	P499V	0.684	pathogenic
P13569	P499W	0.9426	pathogenic
P13569	P499Y	0.8511	pathogenic
P13569	G500A	0.3226	benign
P13569	G500C	0.701	pathogenic
P13569	G500D	0.8789	pathogenic
P13569	G500E	0.8878	pathogenic
P13569	G500F	0.9751	pathogenic
P13569	G500H	0.9627	pathogenic
P13569	G500I	0.9625	pathogenic
P13569	G500K	0.9583	pathogenic
P13569	G500L	0.9298	pathogenic
P13569	G500M	0.9433	pathogenic
P13569	G500N	0.8886	pathogenic
P13569	G500P	0.9978	pathogenic
P13569	G500Q	0.9113	pathogenic
P13569	G500R	0.9035	pathogenic
P13569	G500S	0.331	benign
P13569	G500T	0.7978	pathogenic
P13569	G500V	0.8896	pathogenic
P13569	G500W	0.9733	pathogenic
P13569	G500Y	0.9627	pathogenic
P13569	T501A	0.2522	benign
P13569	T501C	0.6135	pathogenic
P13569	T501D	0.6814	pathogenic
P13569	T501E	0.7374	pathogenic
P13569	T501F	0.7485	pathogenic
P13569	T501G	0.5228	ambiguous
P13569	T501H	0.5227	ambiguous
P13569	T501I	0.7825	pathogenic
P13569	T501K	0.514	ambiguous
P13569	T501L	0.4424	ambiguous
P13569	T501M	0.2631	benign
P13569	T501N	0.2196	benign
P13569	T501P	0.5277	ambiguous
P13569	T501Q	0.5453	ambiguous
P13569	T501R	0.4234	ambiguous
P13569	T501S	0.1372	benign
P13569	T501V	0.6432	pathogenic
P13569	T501W	0.9212	pathogenic
P13569	T501Y	0.6768	pathogenic
P13569	I502A	0.8938	pathogenic
P13569	I502C	0.9599	pathogenic
P13569	I502D	0.9982	pathogenic
P13569	I502E	0.9927	pathogenic
P13569	I502F	0.6503	pathogenic
P13569	I502G	0.9907	pathogenic
P13569	I502H	0.9928	pathogenic
P13569	I502K	0.9854	pathogenic
P13569	I502L	0.2196	benign
P13569	I502M	0.249	benign
P13569	I502N	0.9747	pathogenic
P13569	I502P	0.9866	pathogenic
P13569	I502Q	0.9874	pathogenic
P13569	I502R	0.9766	pathogenic
P13569	I502S	0.9547	pathogenic
P13569	I502T	0.8924	pathogenic
P13569	I502V	0.0851	benign
P13569	I502W	0.9869	pathogenic
P13569	I502Y	0.96	pathogenic
P13569	K503A	0.6972	pathogenic
P13569	K503C	0.8719	pathogenic
P13569	K503D	0.969	pathogenic
P13569	K503E	0.3653	ambiguous
P13569	K503F	0.9473	pathogenic
P13569	K503G	0.7996	pathogenic
P13569	K503H	0.6672	pathogenic
P13569	K503I	0.7308	pathogenic
P13569	K503L	0.6757	pathogenic
P13569	K503M	0.4609	ambiguous
P13569	K503N	0.8937	pathogenic
P13569	K503P	0.9744	pathogenic
P13569	K503Q	0.1958	benign
P13569	K503R	0.0767	benign
P13569	K503S	0.8113	pathogenic
P13569	K503T	0.5046	ambiguous
P13569	K503V	0.7077	pathogenic
P13569	K503W	0.9162	pathogenic
P13569	K503Y	0.8859	pathogenic
P13569	E504A	0.5264	ambiguous
P13569	E504C	0.9737	pathogenic
P13569	E504D	0.1051	benign
P13569	E504F	0.9781	pathogenic
P13569	E504G	0.3515	ambiguous
P13569	E504H	0.8672	pathogenic
P13569	E504I	0.9229	pathogenic
P13569	E504K	0.6189	pathogenic
P13569	E504L	0.8978	pathogenic
P13569	E504M	0.889	pathogenic
P13569	E504N	0.4028	ambiguous
P13569	E504P	0.9912	pathogenic
P13569	E504Q	0.3925	ambiguous
P13569	E504R	0.7623	pathogenic
P13569	E504S	0.4592	ambiguous
P13569	E504T	0.6992	pathogenic
P13569	E504V	0.7878	pathogenic
P13569	E504W	0.9857	pathogenic
P13569	E504Y	0.9019	pathogenic
P13569	N505A	0.9853	pathogenic
P13569	N505C	0.9584	pathogenic
P13569	N505D	0.9654	pathogenic
P13569	N505E	0.9926	pathogenic
P13569	N505F	0.9985	pathogenic
P13569	N505G	0.9808	pathogenic
P13569	N505H	0.9661	pathogenic
P13569	N505I	0.959	pathogenic
P13569	N505K	0.9967	pathogenic
P13569	N505L	0.9744	pathogenic
P13569	N505M	0.9736	pathogenic
P13569	N505P	0.9983	pathogenic
P13569	N505Q	0.9952	pathogenic
P13569	N505R	0.9976	pathogenic
P13569	N505S	0.8515	pathogenic
P13569	N505T	0.9364	pathogenic
P13569	N505V	0.9586	pathogenic
P13569	N505W	0.9994	pathogenic
P13569	N505Y	0.9708	pathogenic
P13569	I506A	0.9698	pathogenic
P13569	I506C	0.9742	pathogenic
P13569	I506D	0.9994	pathogenic
P13569	I506E	0.9982	pathogenic
P13569	I506F	0.8616	pathogenic
P13569	I506G	0.9977	pathogenic
P13569	I506H	0.9975	pathogenic
P13569	I506K	0.9956	pathogenic
P13569	I506L	0.5066	ambiguous
P13569	I506M	0.4427	ambiguous
P13569	I506N	0.9861	pathogenic
P13569	I506P	0.9985	pathogenic
P13569	I506Q	0.997	pathogenic
P13569	I506R	0.9929	pathogenic
P13569	I506S	0.9787	pathogenic
P13569	I506T	0.9378	pathogenic
P13569	I506V	0.1397	benign
P13569	I506W	0.9978	pathogenic
P13569	I506Y	0.9863	pathogenic
P13569	I507A	0.5019	ambiguous
P13569	I507C	0.6626	pathogenic
P13569	I507D	0.9258	pathogenic
P13569	I507E	0.8675	pathogenic
P13569	I507F	0.429	ambiguous
P13569	I507G	0.8134	pathogenic
P13569	I507H	0.8084	pathogenic
P13569	I507K	0.6952	pathogenic
P13569	I507L	0.1118	benign
P13569	I507M	0.1821	benign
P13569	I507N	0.5283	ambiguous
P13569	I507P	0.9505	pathogenic
P13569	I507Q	0.7495	pathogenic
P13569	I507R	0.5623	ambiguous
P13569	I507S	0.48	ambiguous
P13569	I507T	0.2247	benign
P13569	I507V	0.0702	benign
P13569	I507W	0.9451	pathogenic
P13569	I507Y	0.7898	pathogenic
P13569	F508A	0.9687	pathogenic
P13569	F508C	0.8735	pathogenic
P13569	F508D	0.997	pathogenic
P13569	F508E	0.998	pathogenic
P13569	F508G	0.9833	pathogenic
P13569	F508H	0.9786	pathogenic
P13569	F508I	0.9432	pathogenic
P13569	F508K	0.9982	pathogenic
P13569	F508L	0.9775	pathogenic
P13569	F508M	0.931	pathogenic
P13569	F508N	0.9893	pathogenic
P13569	F508P	0.9992	pathogenic
P13569	F508Q	0.995	pathogenic
P13569	F508R	0.9929	pathogenic
P13569	F508S	0.9515	pathogenic
P13569	F508T	0.9759	pathogenic
P13569	F508V	0.9184	pathogenic
P13569	F508W	0.8747	pathogenic
P13569	F508Y	0.7167	pathogenic
P13569	G509A	0.6461	pathogenic
P13569	G509C	0.834	pathogenic
P13569	G509D	0.9604	pathogenic
P13569	G509E	0.967	pathogenic
P13569	G509F	0.9896	pathogenic
P13569	G509H	0.982	pathogenic
P13569	G509I	0.9846	pathogenic
P13569	G509K	0.99	pathogenic
P13569	G509L	0.9715	pathogenic
P13569	G509M	0.9834	pathogenic
P13569	G509N	0.9566	pathogenic
P13569	G509P	0.9947	pathogenic
P13569	G509Q	0.9689	pathogenic
P13569	G509R	0.959	pathogenic
P13569	G509S	0.5715	pathogenic
P13569	G509T	0.9079	pathogenic
P13569	G509V	0.9643	pathogenic
P13569	G509W	0.978	pathogenic
P13569	G509Y	0.9863	pathogenic
P13569	V510A	0.3772	ambiguous
P13569	V510C	0.7755	pathogenic
P13569	V510D	0.6864	pathogenic
P13569	V510E	0.5923	pathogenic
P13569	V510F	0.2689	benign
P13569	V510G	0.412	ambiguous
P13569	V510H	0.8172	pathogenic
P13569	V510I	0.082	benign
P13569	V510K	0.6876	pathogenic
P13569	V510L	0.2353	benign
P13569	V510M	0.196	benign
P13569	V510N	0.4649	ambiguous
P13569	V510P	0.9549	pathogenic
P13569	V510Q	0.6049	pathogenic
P13569	V510R	0.6374	pathogenic
P13569	V510S	0.418	ambiguous
P13569	V510T	0.3856	ambiguous
P13569	V510W	0.9215	pathogenic
P13569	V510Y	0.7308	pathogenic
P13569	S511A	0.0815	benign
P13569	S511C	0.0871	benign
P13569	S511D	0.4926	ambiguous
P13569	S511E	0.6375	pathogenic
P13569	S511F	0.2644	benign
P13569	S511G	0.1053	benign
P13569	S511H	0.4402	ambiguous
P13569	S511I	0.2104	benign
P13569	S511K	0.7592	pathogenic
P13569	S511L	0.1245	benign
P13569	S511M	0.2691	benign
P13569	S511N	0.1713	benign
P13569	S511P	0.1412	benign
P13569	S511Q	0.6027	pathogenic
P13569	S511R	0.6558	pathogenic
P13569	S511T	0.0872	benign
P13569	S511V	0.2079	benign
P13569	S511W	0.4549	ambiguous
P13569	S511Y	0.2464	benign
P13569	Y512A	0.6693	pathogenic
P13569	Y512C	0.1669	benign
P13569	Y512D	0.5167	ambiguous
P13569	Y512E	0.765	pathogenic
P13569	Y512F	0.1274	benign
P13569	Y512G	0.6495	pathogenic
P13569	Y512H	0.2683	benign
P13569	Y512I	0.6667	pathogenic
P13569	Y512K	0.7707	pathogenic
P13569	Y512L	0.5213	ambiguous
P13569	Y512M	0.6826	pathogenic
P13569	Y512N	0.3086	benign
P13569	Y512P	0.8164	pathogenic
P13569	Y512Q	0.6994	pathogenic
P13569	Y512R	0.5988	pathogenic
P13569	Y512S	0.3668	ambiguous
P13569	Y512T	0.6527	pathogenic
P13569	Y512V	0.5346	ambiguous
P13569	Y512W	0.4274	ambiguous
P13569	D513A	0.8237	pathogenic
P13569	D513C	0.9202	pathogenic
P13569	D513E	0.7089	pathogenic
P13569	D513F	0.982	pathogenic
P13569	D513G	0.8753	pathogenic
P13569	D513H	0.8572	pathogenic
P13569	D513I	0.9448	pathogenic
P13569	D513K	0.9465	pathogenic
P13569	D513L	0.9296	pathogenic
P13569	D513M	0.9753	pathogenic
P13569	D513N	0.3731	ambiguous
P13569	D513P	0.9928	pathogenic
P13569	D513Q	0.9038	pathogenic
P13569	D513R	0.9326	pathogenic
P13569	D513S	0.5572	ambiguous
P13569	D513T	0.8825	pathogenic
P13569	D513V	0.8224	pathogenic
P13569	D513W	0.9938	pathogenic
P13569	D513Y	0.838	pathogenic
P13569	E514A	0.1644	benign
P13569	E514C	0.8863	pathogenic
P13569	E514D	0.1573	benign
P13569	E514F	0.8281	pathogenic
P13569	E514G	0.2076	benign
P13569	E514H	0.5204	ambiguous
P13569	E514I	0.3878	ambiguous
P13569	E514K	0.1352	benign
P13569	E514L	0.5136	ambiguous
P13569	E514M	0.5419	ambiguous
P13569	E514N	0.297	benign
P13569	E514P	0.5537	ambiguous
P13569	E514Q	0.1806	benign
P13569	E514R	0.2837	benign
P13569	E514S	0.2319	benign
P13569	E514T	0.2608	benign
P13569	E514V	0.252	benign
P13569	E514W	0.9416	pathogenic
P13569	E514Y	0.6732	pathogenic
P13569	Y515A	0.6239	pathogenic
P13569	Y515C	0.2022	benign
P13569	Y515D	0.4084	ambiguous
P13569	Y515E	0.6841	pathogenic
P13569	Y515F	0.1279	benign
P13569	Y515G	0.5566	ambiguous
P13569	Y515H	0.2825	benign
P13569	Y515I	0.5013	ambiguous
P13569	Y515K	0.6578	pathogenic
P13569	Y515L	0.5319	ambiguous
P13569	Y515M	0.6345	pathogenic
P13569	Y515N	0.2441	benign
P13569	Y515P	0.8721	pathogenic
P13569	Y515Q	0.6137	pathogenic
P13569	Y515R	0.5691	pathogenic
P13569	Y515S	0.3912	ambiguous
P13569	Y515T	0.6064	pathogenic
P13569	Y515V	0.4348	ambiguous
P13569	Y515W	0.5667	pathogenic
P13569	R516A	0.9542	pathogenic
P13569	R516C	0.5611	ambiguous
P13569	R516D	0.9917	pathogenic
P13569	R516E	0.9227	pathogenic
P13569	R516F	0.9697	pathogenic
P13569	R516G	0.9156	pathogenic
P13569	R516H	0.4688	ambiguous
P13569	R516I	0.8582	pathogenic
P13569	R516K	0.4752	ambiguous
P13569	R516L	0.7941	pathogenic
P13569	R516M	0.9102	pathogenic
P13569	R516N	0.9779	pathogenic
P13569	R516P	0.9914	pathogenic
P13569	R516Q	0.4407	ambiguous
P13569	R516S	0.9648	pathogenic
P13569	R516T	0.9141	pathogenic
P13569	R516V	0.9147	pathogenic
P13569	R516W	0.6873	pathogenic
P13569	R516Y	0.9061	pathogenic
P13569	Y517A	0.9821	pathogenic
P13569	Y517C	0.7606	pathogenic
P13569	Y517D	0.985	pathogenic
P13569	Y517E	0.991	pathogenic
P13569	Y517F	0.3203	benign
P13569	Y517G	0.954	pathogenic
P13569	Y517H	0.9112	pathogenic
P13569	Y517I	0.9403	pathogenic
P13569	Y517K	0.9857	pathogenic
P13569	Y517L	0.7636	pathogenic
P13569	Y517M	0.9461	pathogenic
P13569	Y517N	0.9261	pathogenic
P13569	Y517P	0.9963	pathogenic
P13569	Y517Q	0.9849	pathogenic
P13569	Y517R	0.9615	pathogenic
P13569	Y517S	0.9511	pathogenic
P13569	Y517T	0.9848	pathogenic
P13569	Y517V	0.8961	pathogenic
P13569	Y517W	0.8106	pathogenic
P13569	R518A	0.1734	benign
P13569	R518C	0.1592	benign
P13569	R518D	0.3716	ambiguous
P13569	R518E	0.164	benign
P13569	R518F	0.3333	benign
P13569	R518G	0.1035	benign
P13569	R518H	0.1057	benign
P13569	R518I	0.1419	benign
P13569	R518K	0.0627	benign
P13569	R518L	0.1414	benign
P13569	R518M	0.133	benign
P13569	R518N	0.2399	benign
P13569	R518P	0.7817	pathogenic
P13569	R518Q	0.0823	benign
P13569	R518S	0.1897	benign
P13569	R518T	0.099	benign
P13569	R518V	0.197	benign
P13569	R518W	0.1429	benign
P13569	R518Y	0.2549	benign
P13569	S519A	0.0904	benign
P13569	S519C	0.122	benign
P13569	S519D	0.5071	ambiguous
P13569	S519E	0.5899	pathogenic
P13569	S519F	0.3637	ambiguous
P13569	S519G	0.1293	benign
P13569	S519H	0.422	ambiguous
P13569	S519I	0.3193	benign
P13569	S519K	0.7295	pathogenic
P13569	S519L	0.1411	benign
P13569	S519M	0.2306	benign
P13569	S519N	0.1423	benign
P13569	S519P	0.9319	pathogenic
P13569	S519Q	0.5647	pathogenic
P13569	S519R	0.6532	pathogenic
P13569	S519T	0.111	benign
P13569	S519V	0.3117	benign
P13569	S519W	0.5243	ambiguous
P13569	S519Y	0.2736	benign
P13569	V520A	0.6801	pathogenic
P13569	V520C	0.9599	pathogenic
P13569	V520D	0.9919	pathogenic
P13569	V520E	0.9744	pathogenic
P13569	V520F	0.8789	pathogenic
P13569	V520G	0.9029	pathogenic
P13569	V520H	0.993	pathogenic
P13569	V520I	0.1027	benign
P13569	V520K	0.9848	pathogenic
P13569	V520L	0.785	pathogenic
P13569	V520M	0.6055	pathogenic
P13569	V520N	0.9578	pathogenic
P13569	V520P	0.996	pathogenic
P13569	V520Q	0.973	pathogenic
P13569	V520R	0.9745	pathogenic
P13569	V520S	0.8375	pathogenic
P13569	V520T	0.653	pathogenic
P13569	V520W	0.9977	pathogenic
P13569	V520Y	0.9879	pathogenic
P13569	I521A	0.5922	pathogenic
P13569	I521C	0.7936	pathogenic
P13569	I521D	0.9867	pathogenic
P13569	I521E	0.9037	pathogenic
P13569	I521F	0.5308	ambiguous
P13569	I521G	0.9087	pathogenic
P13569	I521H	0.9337	pathogenic
P13569	I521K	0.747	pathogenic
P13569	I521L	0.1672	benign
P13569	I521M	0.1528	benign
P13569	I521N	0.8193	pathogenic
P13569	I521P	0.9878	pathogenic
P13569	I521Q	0.7902	pathogenic
P13569	I521R	0.6667	pathogenic
P13569	I521S	0.6745	pathogenic
P13569	I521T	0.3815	ambiguous
P13569	I521V	0.0781	benign
P13569	I521W	0.9594	pathogenic
P13569	I521Y	0.8967	pathogenic
P13569	K522A	0.2813	benign
P13569	K522C	0.6669	pathogenic
P13569	K522D	0.491	ambiguous
P13569	K522E	0.1267	benign
P13569	K522F	0.7694	pathogenic
P13569	K522G	0.4156	ambiguous
P13569	K522H	0.255	benign
P13569	K522I	0.4314	ambiguous
P13569	K522L	0.3703	ambiguous
P13569	K522M	0.2643	benign
P13569	K522N	0.3149	benign
P13569	K522P	0.9322	pathogenic
P13569	K522Q	0.1152	benign
P13569	K522R	0.0836	benign
P13569	K522S	0.3204	benign
P13569	K522T	0.177	benign
P13569	K522V	0.4139	ambiguous
P13569	K522W	0.7728	pathogenic
P13569	K522Y	0.5948	pathogenic
P13569	A523C	0.7859	pathogenic
P13569	A523D	0.8677	pathogenic
P13569	A523E	0.8088	pathogenic
P13569	A523F	0.7944	pathogenic
P13569	A523G	0.4209	ambiguous
P13569	A523H	0.868	pathogenic
P13569	A523I	0.723	pathogenic
P13569	A523K	0.9328	pathogenic
P13569	A523L	0.7144	pathogenic
P13569	A523M	0.6782	pathogenic
P13569	A523N	0.7083	pathogenic
P13569	A523P	0.9874	pathogenic
P13569	A523Q	0.8233	pathogenic
P13569	A523R	0.8898	pathogenic
P13569	A523S	0.1732	benign
P13569	A523T	0.3429	ambiguous
P13569	A523V	0.4239	ambiguous
P13569	A523W	0.9756	pathogenic
P13569	A523Y	0.8464	pathogenic
P13569	C524A	0.8846	pathogenic
P13569	C524D	0.9989	pathogenic
P13569	C524E	0.9995	pathogenic
P13569	C524F	0.9163	pathogenic
P13569	C524G	0.8377	pathogenic
P13569	C524H	0.9957	pathogenic
P13569	C524I	0.963	pathogenic
P13569	C524K	0.9996	pathogenic
P13569	C524L	0.9029	pathogenic
P13569	C524M	0.9678	pathogenic
P13569	C524N	0.9922	pathogenic
P13569	C524P	0.9992	pathogenic
P13569	C524Q	0.9983	pathogenic
P13569	C524R	0.9954	pathogenic
P13569	C524S	0.8509	pathogenic
P13569	C524T	0.9098	pathogenic
P13569	C524V	0.8829	pathogenic
P13569	C524W	0.993	pathogenic
P13569	C524Y	0.9873	pathogenic
P13569	Q525A	0.4467	ambiguous
P13569	Q525C	0.654	pathogenic
P13569	Q525D	0.7964	pathogenic
P13569	Q525E	0.1974	benign
P13569	Q525F	0.8695	pathogenic
P13569	Q525G	0.3768	ambiguous
P13569	Q525H	0.4028	ambiguous
P13569	Q525I	0.863	pathogenic
P13569	Q525K	0.1582	benign
P13569	Q525L	0.3417	ambiguous
P13569	Q525M	0.674	pathogenic
P13569	Q525N	0.5579	ambiguous
P13569	Q525P	0.8967	pathogenic
P13569	Q525R	0.1289	benign
P13569	Q525S	0.5064	ambiguous
P13569	Q525T	0.6767	pathogenic
P13569	Q525V	0.7437	pathogenic
P13569	Q525W	0.8434	pathogenic
P13569	Q525Y	0.7369	pathogenic
P13569	L526A	0.9509	pathogenic
P13569	L526C	0.9711	pathogenic
P13569	L526D	0.999	pathogenic
P13569	L526E	0.993	pathogenic
P13569	L526F	0.8145	pathogenic
P13569	L526G	0.9919	pathogenic
P13569	L526H	0.9916	pathogenic
P13569	L526I	0.3572	ambiguous
P13569	L526K	0.9926	pathogenic
P13569	L526M	0.377	ambiguous
P13569	L526N	0.9949	pathogenic
P13569	L526P	0.9965	pathogenic
P13569	L526Q	0.9839	pathogenic
P13569	L526R	0.9873	pathogenic
P13569	L526S	0.9921	pathogenic
P13569	L526T	0.9505	pathogenic
P13569	L526V	0.4794	ambiguous
P13569	L526W	0.9612	pathogenic
P13569	L526Y	0.9817	pathogenic
P13569	E527A	0.1872	benign
P13569	E527C	0.9013	pathogenic
P13569	E527D	0.3387	benign
P13569	E527F	0.8505	pathogenic
P13569	E527G	0.1971	benign
P13569	E527H	0.587	pathogenic
P13569	E527I	0.4569	ambiguous
P13569	E527K	0.1583	benign
P13569	E527L	0.4635	ambiguous
P13569	E527M	0.5159	ambiguous
P13569	E527N	0.4619	ambiguous
P13569	E527P	0.9104	pathogenic
P13569	E527Q	0.1355	benign
P13569	E527R	0.282	benign
P13569	E527S	0.294	benign
P13569	E527T	0.2892	benign
P13569	E527V	0.2778	benign
P13569	E527W	0.923	pathogenic
P13569	E527Y	0.7529	pathogenic
P13569	E528A	0.1563	benign
P13569	E528C	0.8931	pathogenic
P13569	E528D	0.1835	benign
P13569	E528F	0.8323	pathogenic
P13569	E528G	0.1554	benign
P13569	E528H	0.5697	pathogenic
P13569	E528I	0.4691	ambiguous
P13569	E528K	0.1318	benign
P13569	E528L	0.5057	ambiguous
P13569	E528M	0.5288	ambiguous
P13569	E528N	0.3235	benign
P13569	E528P	0.7552	pathogenic
P13569	E528Q	0.1734	benign
P13569	E528R	0.2772	benign
P13569	E528S	0.2668	benign
P13569	E528T	0.2745	benign
P13569	E528V	0.269	benign
P13569	E528W	0.914	pathogenic
P13569	E528Y	0.6801	pathogenic
P13569	D529A	0.7404	pathogenic
P13569	D529C	0.9376	pathogenic
P13569	D529E	0.3108	benign
P13569	D529F	0.96	pathogenic
P13569	D529G	0.7158	pathogenic
P13569	D529H	0.8882	pathogenic
P13569	D529I	0.8536	pathogenic
P13569	D529K	0.9348	pathogenic
P13569	D529L	0.9091	pathogenic
P13569	D529M	0.9517	pathogenic
P13569	D529N	0.5223	ambiguous
P13569	D529P	0.9879	pathogenic
P13569	D529Q	0.8998	pathogenic
P13569	D529R	0.9519	pathogenic
P13569	D529S	0.6926	pathogenic
P13569	D529T	0.8227	pathogenic
P13569	D529V	0.6734	pathogenic
P13569	D529W	0.9917	pathogenic
P13569	D529Y	0.7264	pathogenic
P13569	I530A	0.7604	pathogenic
P13569	I530C	0.8616	pathogenic
P13569	I530D	0.9758	pathogenic
P13569	I530E	0.9592	pathogenic
P13569	I530F	0.192	benign
P13569	I530G	0.9521	pathogenic
P13569	I530H	0.9139	pathogenic
P13569	I530K	0.8887	pathogenic
P13569	I530L	0.1647	benign
P13569	I530M	0.1823	benign
P13569	I530N	0.7708	pathogenic
P13569	I530P	0.9855	pathogenic
P13569	I530Q	0.9266	pathogenic
P13569	I530R	0.8307	pathogenic
P13569	I530S	0.7715	pathogenic
P13569	I530T	0.6161	pathogenic
P13569	I530V	0.1255	benign
P13569	I530W	0.932	pathogenic
P13569	I530Y	0.7459	pathogenic
P13569	S531A	0.0626	benign
P13569	S531C	0.0868	benign
P13569	S531D	0.2658	benign
P13569	S531E	0.2981	benign
P13569	S531F	0.1448	benign
P13569	S531G	0.0932	benign
P13569	S531H	0.2662	benign
P13569	S531I	0.1573	benign
P13569	S531K	0.4206	ambiguous
P13569	S531L	0.0743	benign
P13569	S531M	0.1738	benign
P13569	S531N	0.1311	benign
P13569	S531P	0.5147	ambiguous
P13569	S531Q	0.3482	ambiguous
P13569	S531R	0.3385	benign
P13569	S531T	0.0837	benign
P13569	S531V	0.1571	benign
P13569	S531W	0.2232	benign
P13569	S531Y	0.1217	benign
P13569	K532A	0.3043	benign
P13569	K532C	0.608	pathogenic
P13569	K532D	0.5813	pathogenic
P13569	K532E	0.2018	benign
P13569	K532F	0.7387	pathogenic
P13569	K532G	0.3962	ambiguous
P13569	K532H	0.3108	benign
P13569	K532I	0.2964	benign
P13569	K532L	0.2817	benign
P13569	K532M	0.2272	benign
P13569	K532N	0.3519	ambiguous
P13569	K532P	0.784	pathogenic
P13569	K532Q	0.1446	benign
P13569	K532R	0.0828	benign
P13569	K532S	0.3776	ambiguous
P13569	K532T	0.172	benign
P13569	K532V	0.2919	benign
P13569	K532W	0.765	pathogenic
P13569	K532Y	0.5747	pathogenic
P13569	F533A	0.7009	pathogenic
P13569	F533C	0.4948	ambiguous
P13569	F533D	0.8839	pathogenic
P13569	F533E	0.8982	pathogenic
P13569	F533G	0.8697	pathogenic
P13569	F533H	0.7241	pathogenic
P13569	F533I	0.3357	benign
P13569	F533K	0.926	pathogenic
P13569	F533L	0.8354	pathogenic
P13569	F533M	0.5807	pathogenic
P13569	F533N	0.6969	pathogenic
P13569	F533P	0.9873	pathogenic
P13569	F533Q	0.8693	pathogenic
P13569	F533R	0.8784	pathogenic
P13569	F533S	0.6141	pathogenic
P13569	F533T	0.6901	pathogenic
P13569	F533V	0.3717	ambiguous
P13569	F533W	0.5732	pathogenic
P13569	F533Y	0.205	benign
P13569	A534C	0.3587	ambiguous
P13569	A534D	0.1464	benign
P13569	A534E	0.1336	benign
P13569	A534F	0.248	benign
P13569	A534G	0.1215	benign
P13569	A534H	0.2731	benign
P13569	A534I	0.1604	benign
P13569	A534K	0.2016	benign
P13569	A534L	0.1249	benign
P13569	A534M	0.1836	benign
P13569	A534N	0.1677	benign
P13569	A534P	0.0841	benign
P13569	A534Q	0.1879	benign
P13569	A534R	0.1843	benign
P13569	A534S	0.081	benign
P13569	A534T	0.0769	benign
P13569	A534V	0.0982	benign
P13569	A534W	0.5257	ambiguous
P13569	A534Y	0.3162	benign
P13569	E535A	0.1466	benign
P13569	E535C	0.768	pathogenic
P13569	E535D	0.1105	benign
P13569	E535F	0.6534	pathogenic
P13569	E535G	0.0986	benign
P13569	E535H	0.4124	ambiguous
P13569	E535I	0.3774	ambiguous
P13569	E535K	0.1091	benign
P13569	E535L	0.3299	benign
P13569	E535M	0.4172	ambiguous
P13569	E535N	0.1974	benign
P13569	E535P	0.6059	pathogenic
P13569	E535Q	0.1323	benign
P13569	E535R	0.1915	benign
P13569	E535S	0.1798	benign
P13569	E535T	0.2453	benign
P13569	E535V	0.2238	benign
P13569	E535W	0.8143	pathogenic
P13569	E535Y	0.5246	ambiguous
P13569	K536A	0.3464	ambiguous
P13569	K536C	0.7462	pathogenic
P13569	K536D	0.4269	ambiguous
P13569	K536E	0.125	benign
P13569	K536F	0.8151	pathogenic
P13569	K536G	0.2903	benign
P13569	K536H	0.3893	ambiguous
P13569	K536I	0.5032	ambiguous
P13569	K536L	0.4619	ambiguous
P13569	K536M	0.2584	benign
P13569	K536N	0.2671	benign
P13569	K536P	0.7305	pathogenic
P13569	K536Q	0.1501	benign
P13569	K536R	0.099	benign
P13569	K536S	0.3562	ambiguous
P13569	K536T	0.2025	benign
P13569	K536V	0.4611	ambiguous
P13569	K536W	0.7986	pathogenic
P13569	K536Y	0.6207	pathogenic
P13569	D537A	0.8417	pathogenic
P13569	D537C	0.9706	pathogenic
P13569	D537E	0.7253	pathogenic
P13569	D537F	0.9832	pathogenic
P13569	D537G	0.6944	pathogenic
P13569	D537H	0.9204	pathogenic
P13569	D537I	0.9569	pathogenic
P13569	D537K	0.9662	pathogenic
P13569	D537L	0.9624	pathogenic
P13569	D537M	0.9852	pathogenic
P13569	D537N	0.5254	ambiguous
P13569	D537P	0.9796	pathogenic
P13569	D537Q	0.9587	pathogenic
P13569	D537R	0.9723	pathogenic
P13569	D537S	0.7611	pathogenic
P13569	D537T	0.9265	pathogenic
P13569	D537V	0.8842	pathogenic
P13569	D537W	0.993	pathogenic
P13569	D537Y	0.8323	pathogenic
P13569	N538A	0.1518	benign
P13569	N538C	0.1715	benign
P13569	N538D	0.0737	benign
P13569	N538E	0.1928	benign
P13569	N538F	0.34	ambiguous
P13569	N538G	0.1806	benign
P13569	N538H	0.0862	benign
P13569	N538I	0.1512	benign
P13569	N538K	0.1619	benign
P13569	N538L	0.1811	benign
P13569	N538M	0.245	benign
P13569	N538P	0.7303	pathogenic
P13569	N538Q	0.2118	benign
P13569	N538R	0.1768	benign
P13569	N538S	0.074	benign
P13569	N538T	0.1036	benign
P13569	N538V	0.1598	benign
P13569	N538W	0.6187	pathogenic
P13569	N538Y	0.1004	benign
P13569	I539A	0.1024	benign
P13569	I539C	0.4365	ambiguous
P13569	I539D	0.4092	ambiguous
P13569	I539E	0.3272	benign
P13569	I539F	0.1133	benign
P13569	I539G	0.375	ambiguous
P13569	I539H	0.3058	benign
P13569	I539K	0.213	benign
P13569	I539L	0.1049	benign
P13569	I539M	0.0794	benign
P13569	I539N	0.1425	benign
P13569	I539P	0.5493	ambiguous
P13569	I539Q	0.2683	benign
P13569	I539R	0.1377	benign
P13569	I539S	0.1239	benign
P13569	I539T	0.0497	benign
P13569	I539V	0.06	benign
P13569	I539W	0.5866	pathogenic
P13569	I539Y	0.3403	ambiguous
P13569	V540A	0.1258	benign
P13569	V540C	0.547	ambiguous
P13569	V540D	0.2668	benign
P13569	V540E	0.2296	benign
P13569	V540F	0.1037	benign
P13569	V540G	0.1763	benign
P13569	V540H	0.3603	ambiguous
P13569	V540I	0.0705	benign
P13569	V540K	0.2525	benign
P13569	V540L	0.1108	benign
P13569	V540M	0.1129	benign
P13569	V540N	0.1815	benign
P13569	V540P	0.253	benign
P13569	V540Q	0.2305	benign
P13569	V540R	0.217	benign
P13569	V540S	0.1411	benign
P13569	V540T	0.1351	benign
P13569	V540W	0.6722	pathogenic
P13569	V540Y	0.3643	ambiguous
P13569	L541A	0.5899	pathogenic
P13569	L541C	0.7881	pathogenic
P13569	L541D	0.992	pathogenic
P13569	L541E	0.9543	pathogenic
P13569	L541F	0.4502	ambiguous
P13569	L541G	0.937	pathogenic
P13569	L541H	0.9088	pathogenic
P13569	L541I	0.1064	benign
P13569	L541K	0.9523	pathogenic
P13569	L541M	0.2279	benign
P13569	L541N	0.9583	pathogenic
P13569	L541P	0.8982	pathogenic
P13569	L541Q	0.8698	pathogenic
P13569	L541R	0.8984	pathogenic
P13569	L541S	0.8362	pathogenic
P13569	L541T	0.509	ambiguous
P13569	L541V	0.1233	benign
P13569	L541W	0.8134	pathogenic
P13569	L541Y	0.9118	pathogenic
P13569	G542A	0.1717	benign
P13569	G542C	0.3166	benign
P13569	G542D	0.568	pathogenic
P13569	G542E	0.4399	ambiguous
P13569	G542F	0.7555	pathogenic
P13569	G542H	0.7248	pathogenic
P13569	G542I	0.4905	ambiguous
P13569	G542K	0.7108	pathogenic
P13569	G542L	0.5258	ambiguous
P13569	G542M	0.5961	pathogenic
P13569	G542N	0.5656	pathogenic
P13569	G542P	0.9208	pathogenic
P13569	G542Q	0.5447	ambiguous
P13569	G542R	0.5296	ambiguous
P13569	G542S	0.1586	benign
P13569	G542T	0.3013	benign
P13569	G542V	0.3313	benign
P13569	G542W	0.6275	pathogenic
P13569	G542Y	0.6917	pathogenic
P13569	E543A	0.3062	benign
P13569	E543C	0.9141	pathogenic
P13569	E543D	0.1093	benign
P13569	E543F	0.8448	pathogenic
P13569	E543G	0.2728	benign
P13569	E543H	0.7027	pathogenic
P13569	E543I	0.5669	pathogenic
P13569	E543K	0.2782	benign
P13569	E543L	0.6557	pathogenic
P13569	E543M	0.68	pathogenic
P13569	E543N	0.3302	benign
P13569	E543P	0.7218	pathogenic
P13569	E543Q	0.3085	benign
P13569	E543R	0.4716	ambiguous
P13569	E543S	0.2979	benign
P13569	E543T	0.3836	ambiguous
P13569	E543V	0.3896	ambiguous
P13569	E543W	0.9515	pathogenic
P13569	E543Y	0.7499	pathogenic
P13569	G544A	0.1772	benign
P13569	G544C	0.3486	ambiguous
P13569	G544D	0.2244	benign
P13569	G544E	0.2434	benign
P13569	G544F	0.6849	pathogenic
P13569	G544H	0.5346	ambiguous
P13569	G544I	0.4854	ambiguous
P13569	G544K	0.4793	ambiguous
P13569	G544L	0.6381	pathogenic
P13569	G544M	0.5942	pathogenic
P13569	G544N	0.2873	benign
P13569	G544P	0.9361	pathogenic
P13569	G544Q	0.4407	ambiguous
P13569	G544R	0.3963	ambiguous
P13569	G544S	0.1327	benign
P13569	G544T	0.2324	benign
P13569	G544V	0.3309	benign
P13569	G544W	0.5964	pathogenic
P13569	G544Y	0.5043	ambiguous
P13569	G545A	0.3821	ambiguous
P13569	G545C	0.5659	pathogenic
P13569	G545D	0.6755	pathogenic
P13569	G545E	0.6696	pathogenic
P13569	G545F	0.8794	pathogenic
P13569	G545H	0.858	pathogenic
P13569	G545I	0.7308	pathogenic
P13569	G545K	0.8362	pathogenic
P13569	G545L	0.8552	pathogenic
P13569	G545M	0.8225	pathogenic
P13569	G545N	0.6524	pathogenic
P13569	G545P	0.983	pathogenic
P13569	G545Q	0.7489	pathogenic
P13569	G545R	0.7101	pathogenic
P13569	G545S	0.232	benign
P13569	G545T	0.5515	ambiguous
P13569	G545V	0.6352	pathogenic
P13569	G545W	0.8133	pathogenic
P13569	G545Y	0.8128	pathogenic
P13569	I546A	0.3123	benign
P13569	I546C	0.5149	ambiguous
P13569	I546D	0.6244	pathogenic
P13569	I546E	0.4946	ambiguous
P13569	I546F	0.1075	benign
P13569	I546G	0.5149	ambiguous
P13569	I546H	0.4528	ambiguous
P13569	I546K	0.3466	ambiguous
P13569	I546L	0.0965	benign
P13569	I546M	0.0905	benign
P13569	I546N	0.2317	benign
P13569	I546P	0.7956	pathogenic
P13569	I546Q	0.3884	ambiguous
P13569	I546R	0.2564	benign
P13569	I546S	0.2736	benign
P13569	I546T	0.226	benign
P13569	I546V	0.0667	benign
P13569	I546W	0.671	pathogenic
P13569	I546Y	0.3842	ambiguous
P13569	T547A	0.13	benign
P13569	T547C	0.6044	pathogenic
P13569	T547D	0.6964	pathogenic
P13569	T547E	0.5923	pathogenic
P13569	T547F	0.2864	benign
P13569	T547G	0.473	ambiguous
P13569	T547H	0.3964	ambiguous
P13569	T547I	0.1343	benign
P13569	T547K	0.4562	ambiguous
P13569	T547L	0.1177	benign
P13569	T547M	0.0974	benign
P13569	T547N	0.1666	benign
P13569	T547P	0.1933	benign
P13569	T547Q	0.391	ambiguous
P13569	T547R	0.3668	ambiguous
P13569	T547S	0.1646	benign
P13569	T547V	0.1495	benign
P13569	T547W	0.7904	pathogenic
P13569	T547Y	0.428	ambiguous
P13569	L548A	0.9131	pathogenic
P13569	L548C	0.9426	pathogenic
P13569	L548D	0.9989	pathogenic
P13569	L548E	0.9951	pathogenic
P13569	L548F	0.571	pathogenic
P13569	L548G	0.9885	pathogenic
P13569	L548H	0.9818	pathogenic
P13569	L548I	0.316	benign
P13569	L548K	0.9918	pathogenic
P13569	L548M	0.387	ambiguous
P13569	L548N	0.9925	pathogenic
P13569	L548P	0.922	pathogenic
P13569	L548Q	0.9796	pathogenic
P13569	L548R	0.9798	pathogenic
P13569	L548S	0.9783	pathogenic
P13569	L548T	0.9344	pathogenic
P13569	L548V	0.3493	ambiguous
P13569	L548W	0.9155	pathogenic
P13569	L548Y	0.9513	pathogenic
P13569	S549A	0.5857	pathogenic
P13569	S549C	0.8239	pathogenic
P13569	S549D	0.9852	pathogenic
P13569	S549E	0.9912	pathogenic
P13569	S549F	0.9631	pathogenic
P13569	S549G	0.7556	pathogenic
P13569	S549H	0.9758	pathogenic
P13569	S549I	0.9661	pathogenic
P13569	S549K	0.9982	pathogenic
P13569	S549L	0.8463	pathogenic
P13569	S549M	0.9464	pathogenic
P13569	S549N	0.9503	pathogenic
P13569	S549P	0.9323	pathogenic
P13569	S549Q	0.9886	pathogenic
P13569	S549R	0.9948	pathogenic
P13569	S549T	0.578	pathogenic
P13569	S549V	0.9591	pathogenic
P13569	S549W	0.9623	pathogenic
P13569	S549Y	0.9651	pathogenic
P13569	G550A	0.4333	ambiguous
P13569	G550C	0.7612	pathogenic
P13569	G550D	0.9262	pathogenic
P13569	G550E	0.8791	pathogenic
P13569	G550F	0.9379	pathogenic
P13569	G550H	0.941	pathogenic
P13569	G550I	0.8658	pathogenic
P13569	G550K	0.9434	pathogenic
P13569	G550L	0.8984	pathogenic
P13569	G550M	0.9086	pathogenic
P13569	G550N	0.8786	pathogenic
P13569	G550P	0.9839	pathogenic
P13569	G550Q	0.8878	pathogenic
P13569	G550R	0.823	pathogenic
P13569	G550S	0.3389	benign
P13569	G550T	0.7067	pathogenic
P13569	G550V	0.7259	pathogenic
P13569	G550W	0.8816	pathogenic
P13569	G550Y	0.9285	pathogenic
P13569	G551A	0.9092	pathogenic
P13569	G551C	0.9792	pathogenic
P13569	G551D	0.9897	pathogenic
P13569	G551E	0.9808	pathogenic
P13569	G551F	0.9948	pathogenic
P13569	G551H	0.9971	pathogenic
P13569	G551I	0.9773	pathogenic
P13569	G551K	0.9929	pathogenic
P13569	G551L	0.9914	pathogenic
P13569	G551M	0.9927	pathogenic
P13569	G551N	0.9911	pathogenic
P13569	G551P	0.9981	pathogenic
P13569	G551Q	0.992	pathogenic
P13569	G551R	0.9831	pathogenic
P13569	G551S	0.878	pathogenic
P13569	G551T	0.9721	pathogenic
P13569	G551V	0.9593	pathogenic
P13569	G551W	0.9851	pathogenic
P13569	G551Y	0.9937	pathogenic
P13569	Q552A	0.8505	pathogenic
P13569	Q552C	0.9911	pathogenic
P13569	Q552D	0.9847	pathogenic
P13569	Q552E	0.3563	ambiguous
P13569	Q552F	0.9906	pathogenic
P13569	Q552G	0.9084	pathogenic
P13569	Q552H	0.962	pathogenic
P13569	Q552I	0.9099	pathogenic
P13569	Q552K	0.7146	pathogenic
P13569	Q552L	0.7033	pathogenic
P13569	Q552M	0.7917	pathogenic
P13569	Q552N	0.9329	pathogenic
P13569	Q552P	0.9646	pathogenic
P13569	Q552R	0.8552	pathogenic
P13569	Q552S	0.93	pathogenic
P13569	Q552T	0.9092	pathogenic
P13569	Q552V	0.883	pathogenic
P13569	Q552W	0.9924	pathogenic
P13569	Q552Y	0.9861	pathogenic
P13569	R553A	0.6123	pathogenic
P13569	R553C	0.2205	benign
P13569	R553D	0.9662	pathogenic
P13569	R553E	0.6183	pathogenic
P13569	R553F	0.8421	pathogenic
P13569	R553G	0.5433	ambiguous
P13569	R553H	0.2565	benign
P13569	R553I	0.4501	ambiguous
P13569	R553K	0.1297	benign
P13569	R553L	0.4615	ambiguous
P13569	R553M	0.4169	ambiguous
P13569	R553N	0.886	pathogenic
P13569	R553P	0.9853	pathogenic
P13569	R553Q	0.1225	benign
P13569	R553S	0.7993	pathogenic
P13569	R553T	0.5376	ambiguous
P13569	R553V	0.5737	pathogenic
P13569	R553W	0.4104	ambiguous
P13569	R553Y	0.6728	pathogenic
P13569	A554C	0.8048	pathogenic
P13569	A554D	0.9275	pathogenic
P13569	A554E	0.8345	pathogenic
P13569	A554F	0.8894	pathogenic
P13569	A554G	0.3549	ambiguous
P13569	A554H	0.9375	pathogenic
P13569	A554I	0.877	pathogenic
P13569	A554K	0.9662	pathogenic
P13569	A554L	0.7302	pathogenic
P13569	A554M	0.7009	pathogenic
P13569	A554N	0.7673	pathogenic
P13569	A554P	0.9864	pathogenic
P13569	A554Q	0.7458	pathogenic
P13569	A554R	0.927	pathogenic
P13569	A554S	0.1645	benign
P13569	A554T	0.423	ambiguous
P13569	A554V	0.6488	pathogenic
P13569	A554W	0.9866	pathogenic
P13569	A554Y	0.9338	pathogenic
P13569	R555A	0.9793	pathogenic
P13569	R555C	0.8095	pathogenic
P13569	R555D	0.999	pathogenic
P13569	R555E	0.9803	pathogenic
P13569	R555F	0.999	pathogenic
P13569	R555G	0.9801	pathogenic
P13569	R555H	0.9415	pathogenic
P13569	R555I	0.9818	pathogenic
P13569	R555K	0.7502	pathogenic
P13569	R555L	0.968	pathogenic
P13569	R555M	0.9871	pathogenic
P13569	R555N	0.997	pathogenic
P13569	R555P	0.9972	pathogenic
P13569	R555Q	0.7839	pathogenic
P13569	R555S	0.9913	pathogenic
P13569	R555T	0.9909	pathogenic
P13569	R555V	0.9802	pathogenic
P13569	R555W	0.9788	pathogenic
P13569	R555Y	0.9962	pathogenic
P13569	I556A	0.9474	pathogenic
P13569	I556C	0.9467	pathogenic
P13569	I556D	0.999	pathogenic
P13569	I556E	0.9967	pathogenic
P13569	I556F	0.6924	pathogenic
P13569	I556G	0.9927	pathogenic
P13569	I556H	0.9945	pathogenic
P13569	I556K	0.9928	pathogenic
P13569	I556L	0.2098	benign
P13569	I556M	0.3272	benign
P13569	I556N	0.975	pathogenic
P13569	I556P	0.9981	pathogenic
P13569	I556Q	0.9937	pathogenic
P13569	I556R	0.9897	pathogenic
P13569	I556S	0.9712	pathogenic
P13569	I556T	0.9268	pathogenic
P13569	I556V	0.1182	benign
P13569	I556W	0.9931	pathogenic
P13569	I556Y	0.9653	pathogenic
P13569	S557A	0.1146	benign
P13569	S557C	0.0963	benign
P13569	S557D	0.9238	pathogenic
P13569	S557E	0.9533	pathogenic
P13569	S557F	0.6525	pathogenic
P13569	S557G	0.1133	benign
P13569	S557H	0.8523	pathogenic
P13569	S557I	0.4838	ambiguous
P13569	S557K	0.9911	pathogenic
P13569	S557L	0.3016	benign
P13569	S557M	0.4813	ambiguous
P13569	S557N	0.3428	ambiguous
P13569	S557P	0.9066	pathogenic
P13569	S557Q	0.9042	pathogenic
P13569	S557R	0.977	pathogenic
P13569	S557T	0.1717	benign
P13569	S557V	0.4839	ambiguous
P13569	S557W	0.8886	pathogenic
P13569	S557Y	0.692	pathogenic
P13569	L558A	0.9065	pathogenic
P13569	L558C	0.9141	pathogenic
P13569	L558D	0.9993	pathogenic
P13569	L558E	0.9945	pathogenic
P13569	L558F	0.2986	benign
P13569	L558G	0.9909	pathogenic
P13569	L558H	0.9708	pathogenic
P13569	L558I	0.1993	benign
P13569	L558K	0.9907	pathogenic
P13569	L558M	0.2517	benign
P13569	L558N	0.9932	pathogenic
P13569	L558P	0.9962	pathogenic
P13569	L558Q	0.9726	pathogenic
P13569	L558R	0.98	pathogenic
P13569	L558S	0.9666	pathogenic
P13569	L558T	0.8947	pathogenic
P13569	L558V	0.2646	benign
P13569	L558W	0.8626	pathogenic
P13569	L558Y	0.9207	pathogenic
P13569	A559C	0.9399	pathogenic
P13569	A559D	0.9979	pathogenic
P13569	A559E	0.9958	pathogenic
P13569	A559F	0.9913	pathogenic
P13569	A559G	0.4117	ambiguous
P13569	A559H	0.9983	pathogenic
P13569	A559I	0.9847	pathogenic
P13569	A559K	0.9992	pathogenic
P13569	A559L	0.9115	pathogenic
P13569	A559M	0.9667	pathogenic
P13569	A559N	0.9958	pathogenic
P13569	A559P	0.995	pathogenic
P13569	A559Q	0.9921	pathogenic
P13569	A559R	0.9961	pathogenic
P13569	A559S	0.4233	ambiguous
P13569	A559T	0.9317	pathogenic
P13569	A559V	0.9291	pathogenic
P13569	A559W	0.9993	pathogenic
P13569	A559Y	0.9967	pathogenic
P13569	R560A	0.9821	pathogenic
P13569	R560C	0.809	pathogenic
P13569	R560D	0.9986	pathogenic
P13569	R560E	0.9739	pathogenic
P13569	R560F	0.9969	pathogenic
P13569	R560G	0.9691	pathogenic
P13569	R560H	0.8735	pathogenic
P13569	R560I	0.983	pathogenic
P13569	R560K	0.7883	pathogenic
P13569	R560L	0.9588	pathogenic
P13569	R560M	0.9809	pathogenic
P13569	R560N	0.9956	pathogenic
P13569	R560P	0.9963	pathogenic
P13569	R560Q	0.7813	pathogenic
P13569	R560S	0.9892	pathogenic
P13569	R560T	0.9846	pathogenic
P13569	R560V	0.98	pathogenic
P13569	R560W	0.9312	pathogenic
P13569	R560Y	0.9888	pathogenic
P13569	A561C	0.8453	pathogenic
P13569	A561D	0.9914	pathogenic
P13569	A561E	0.9846	pathogenic
P13569	A561F	0.9854	pathogenic
P13569	A561G	0.481	ambiguous
P13569	A561H	0.9939	pathogenic
P13569	A561I	0.9453	pathogenic
P13569	A561K	0.9985	pathogenic
P13569	A561L	0.8842	pathogenic
P13569	A561M	0.8743	pathogenic
P13569	A561N	0.9701	pathogenic
P13569	A561P	0.9964	pathogenic
P13569	A561Q	0.985	pathogenic
P13569	A561R	0.9948	pathogenic
P13569	A561S	0.2114	benign
P13569	A561T	0.5916	pathogenic
P13569	A561V	0.7177	pathogenic
P13569	A561W	0.9988	pathogenic
P13569	A561Y	0.9929	pathogenic
P13569	V562A	0.5737	pathogenic
P13569	V562C	0.8925	pathogenic
P13569	V562D	0.9892	pathogenic
P13569	V562E	0.9707	pathogenic
P13569	V562F	0.5397	ambiguous
P13569	V562G	0.8277	pathogenic
P13569	V562H	0.9852	pathogenic
P13569	V562I	0.074	benign
P13569	V562K	0.9787	pathogenic
P13569	V562L	0.2358	benign
P13569	V562M	0.2834	benign
P13569	V562N	0.9379	pathogenic
P13569	V562P	0.994	pathogenic
P13569	V562Q	0.9584	pathogenic
P13569	V562R	0.9652	pathogenic
P13569	V562S	0.8224	pathogenic
P13569	V562T	0.6427	pathogenic
P13569	V562W	0.9886	pathogenic
P13569	V562Y	0.9583	pathogenic
P13569	Y563A	0.9883	pathogenic
P13569	Y563C	0.8007	pathogenic
P13569	Y563D	0.9955	pathogenic
P13569	Y563E	0.9975	pathogenic
P13569	Y563F	0.3633	ambiguous
P13569	Y563G	0.9718	pathogenic
P13569	Y563H	0.9676	pathogenic
P13569	Y563I	0.9744	pathogenic
P13569	Y563K	0.9985	pathogenic
P13569	Y563L	0.8699	pathogenic
P13569	Y563M	0.9757	pathogenic
P13569	Y563N	0.963	pathogenic
P13569	Y563P	0.9978	pathogenic
P13569	Y563Q	0.9962	pathogenic
P13569	Y563R	0.9918	pathogenic
P13569	Y563S	0.9475	pathogenic
P13569	Y563T	0.9914	pathogenic
P13569	Y563V	0.9433	pathogenic
P13569	Y563W	0.8788	pathogenic
P13569	K564A	0.8522	pathogenic
P13569	K564C	0.8829	pathogenic
P13569	K564D	0.983	pathogenic
P13569	K564E	0.7363	pathogenic
P13569	K564F	0.9843	pathogenic
P13569	K564G	0.8849	pathogenic
P13569	K564H	0.7357	pathogenic
P13569	K564I	0.9066	pathogenic
P13569	K564L	0.8502	pathogenic
P13569	K564M	0.7371	pathogenic
P13569	K564N	0.9226	pathogenic
P13569	K564P	0.9925	pathogenic
P13569	K564Q	0.4104	ambiguous
P13569	K564R	0.0903	benign
P13569	K564S	0.8874	pathogenic
P13569	K564T	0.7585	pathogenic
P13569	K564V	0.8589	pathogenic
P13569	K564W	0.9658	pathogenic
P13569	K564Y	0.9434	pathogenic
P13569	D565A	0.8313	pathogenic
P13569	D565C	0.9784	pathogenic
P13569	D565E	0.7413	pathogenic
P13569	D565F	0.976	pathogenic
P13569	D565G	0.7143	pathogenic
P13569	D565H	0.9355	pathogenic
P13569	D565I	0.9575	pathogenic
P13569	D565K	0.962	pathogenic
P13569	D565L	0.9544	pathogenic
P13569	D565M	0.9816	pathogenic
P13569	D565N	0.5137	ambiguous
P13569	D565P	0.9911	pathogenic
P13569	D565Q	0.9559	pathogenic
P13569	D565R	0.9571	pathogenic
P13569	D565S	0.7434	pathogenic
P13569	D565T	0.9262	pathogenic
P13569	D565V	0.8458	pathogenic
P13569	D565W	0.9953	pathogenic
P13569	D565Y	0.7708	pathogenic
P13569	A566C	0.8781	pathogenic
P13569	A566D	0.9921	pathogenic
P13569	A566E	0.989	pathogenic
P13569	A566F	0.9881	pathogenic
P13569	A566G	0.5172	ambiguous
P13569	A566H	0.9911	pathogenic
P13569	A566I	0.9904	pathogenic
P13569	A566K	0.997	pathogenic
P13569	A566L	0.9698	pathogenic
P13569	A566M	0.967	pathogenic
P13569	A566N	0.9764	pathogenic
P13569	A566P	0.9941	pathogenic
P13569	A566Q	0.9814	pathogenic
P13569	A566R	0.9805	pathogenic
P13569	A566S	0.2306	benign
P13569	A566T	0.7511	pathogenic
P13569	A566V	0.9194	pathogenic
P13569	A566W	0.9984	pathogenic
P13569	A566Y	0.9915	pathogenic
P13569	D567A	0.8897	pathogenic
P13569	D567C	0.9859	pathogenic
P13569	D567E	0.8541	pathogenic
P13569	D567F	0.9917	pathogenic
P13569	D567G	0.9054	pathogenic
P13569	D567H	0.9313	pathogenic
P13569	D567I	0.9882	pathogenic
P13569	D567K	0.9815	pathogenic
P13569	D567L	0.981	pathogenic
P13569	D567M	0.9952	pathogenic
P13569	D567N	0.5778	pathogenic
P13569	D567P	0.9937	pathogenic
P13569	D567Q	0.966	pathogenic
P13569	D567R	0.9783	pathogenic
P13569	D567S	0.6671	pathogenic
P13569	D567T	0.9445	pathogenic
P13569	D567V	0.9549	pathogenic
P13569	D567W	0.9989	pathogenic
P13569	D567Y	0.9349	pathogenic
P13569	L568A	0.735	pathogenic
P13569	L568C	0.7207	pathogenic
P13569	L568D	0.9973	pathogenic
P13569	L568E	0.9838	pathogenic
P13569	L568F	0.6834	pathogenic
P13569	L568G	0.9642	pathogenic
P13569	L568H	0.9508	pathogenic
P13569	L568I	0.086	benign
P13569	L568K	0.9813	pathogenic
P13569	L568M	0.2368	benign
P13569	L568N	0.9685	pathogenic
P13569	L568P	0.9975	pathogenic
P13569	L568Q	0.9355	pathogenic
P13569	L568R	0.962	pathogenic
P13569	L568S	0.8888	pathogenic
P13569	L568T	0.4665	ambiguous
P13569	L568V	0.072	benign
P13569	L568W	0.9552	pathogenic
P13569	L568Y	0.9595	pathogenic
P13569	Y569A	0.9864	pathogenic
P13569	Y569C	0.7605	pathogenic
P13569	Y569D	0.9964	pathogenic
P13569	Y569E	0.9984	pathogenic
P13569	Y569F	0.2496	benign
P13569	Y569G	0.9855	pathogenic
P13569	Y569H	0.9635	pathogenic
P13569	Y569I	0.8405	pathogenic
P13569	Y569K	0.9988	pathogenic
P13569	Y569L	0.7461	pathogenic
P13569	Y569M	0.9547	pathogenic
P13569	Y569N	0.9609	pathogenic
P13569	Y569P	0.9945	pathogenic
P13569	Y569Q	0.9965	pathogenic
P13569	Y569R	0.9945	pathogenic
P13569	Y569S	0.9538	pathogenic
P13569	Y569T	0.9818	pathogenic
P13569	Y569V	0.7346	pathogenic
P13569	Y569W	0.9178	pathogenic
P13569	L570A	0.9171	pathogenic
P13569	L570C	0.8456	pathogenic
P13569	L570D	0.9996	pathogenic
P13569	L570E	0.9977	pathogenic
P13569	L570F	0.6007	pathogenic
P13569	L570G	0.9898	pathogenic
P13569	L570H	0.988	pathogenic
P13569	L570I	0.1785	benign
P13569	L570K	0.9966	pathogenic
P13569	L570M	0.3897	ambiguous
P13569	L570N	0.9966	pathogenic
P13569	L570P	0.9966	pathogenic
P13569	L570Q	0.9885	pathogenic
P13569	L570R	0.9904	pathogenic
P13569	L570S	0.9854	pathogenic
P13569	L570T	0.9573	pathogenic
P13569	L570V	0.2392	benign
P13569	L570W	0.9675	pathogenic
P13569	L570Y	0.9688	pathogenic
P13569	L571A	0.8126	pathogenic
P13569	L571C	0.769	pathogenic
P13569	L571D	0.9979	pathogenic
P13569	L571E	0.9859	pathogenic
P13569	L571F	0.2167	benign
P13569	L571G	0.9728	pathogenic
P13569	L571H	0.9536	pathogenic
P13569	L571I	0.2378	benign
P13569	L571K	0.9874	pathogenic
P13569	L571M	0.1314	benign
P13569	L571N	0.986	pathogenic
P13569	L571P	0.993	pathogenic
P13569	L571Q	0.9362	pathogenic
P13569	L571R	0.9766	pathogenic
P13569	L571S	0.9448	pathogenic
P13569	L571T	0.8723	pathogenic
P13569	L571V	0.3008	benign
P13569	L571W	0.7545	pathogenic
P13569	L571Y	0.8755	pathogenic
P13569	D572A	0.9746	pathogenic
P13569	D572C	0.9954	pathogenic
P13569	D572E	0.964	pathogenic
P13569	D572F	0.9974	pathogenic
P13569	D572G	0.9622	pathogenic
P13569	D572H	0.9848	pathogenic
P13569	D572I	0.995	pathogenic
P13569	D572K	0.9961	pathogenic
P13569	D572L	0.9905	pathogenic
P13569	D572M	0.9991	pathogenic
P13569	D572N	0.9336	pathogenic
P13569	D572P	0.997	pathogenic
P13569	D572Q	0.9947	pathogenic
P13569	D572R	0.9927	pathogenic
P13569	D572S	0.9396	pathogenic
P13569	D572T	0.9919	pathogenic
P13569	D572V	0.9812	pathogenic
P13569	D572W	0.9991	pathogenic
P13569	D572Y	0.972	pathogenic
P13569	S573A	0.1484	benign
P13569	S573C	0.1875	benign
P13569	S573D	0.8804	pathogenic
P13569	S573E	0.9186	pathogenic
P13569	S573F	0.6321	pathogenic
P13569	S573G	0.3381	benign
P13569	S573H	0.8149	pathogenic
P13569	S573I	0.7369	pathogenic
P13569	S573K	0.9871	pathogenic
P13569	S573L	0.307	benign
P13569	S573M	0.5341	ambiguous
P13569	S573N	0.5258	ambiguous
P13569	S573P	0.9702	pathogenic
P13569	S573Q	0.9031	pathogenic
P13569	S573R	0.975	pathogenic
P13569	S573T	0.2962	benign
P13569	S573V	0.66	pathogenic
P13569	S573W	0.8305	pathogenic
P13569	S573Y	0.5402	ambiguous
P13569	P574A	0.4851	ambiguous
P13569	P574C	0.9136	pathogenic
P13569	P574D	0.9972	pathogenic
P13569	P574E	0.9928	pathogenic
P13569	P574F	0.9934	pathogenic
P13569	P574G	0.9634	pathogenic
P13569	P574H	0.982	pathogenic
P13569	P574I	0.9079	pathogenic
P13569	P574K	0.9967	pathogenic
P13569	P574L	0.7903	pathogenic
P13569	P574M	0.9622	pathogenic
P13569	P574N	0.9879	pathogenic
P13569	P574Q	0.9764	pathogenic
P13569	P574R	0.9862	pathogenic
P13569	P574S	0.808	pathogenic
P13569	P574T	0.7583	pathogenic
P13569	P574V	0.7856	pathogenic
P13569	P574W	0.9989	pathogenic
P13569	P574Y	0.9958	pathogenic
P13569	F575A	0.9492	pathogenic
P13569	F575C	0.888	pathogenic
P13569	F575D	0.997	pathogenic
P13569	F575E	0.9971	pathogenic
P13569	F575G	0.9833	pathogenic
P13569	F575H	0.9847	pathogenic
P13569	F575I	0.91	pathogenic
P13569	F575K	0.9982	pathogenic
P13569	F575L	0.9668	pathogenic
P13569	F575M	0.9082	pathogenic
P13569	F575N	0.9897	pathogenic
P13569	F575P	0.9986	pathogenic
P13569	F575Q	0.9952	pathogenic
P13569	F575R	0.9941	pathogenic
P13569	F575S	0.9203	pathogenic
P13569	F575T	0.939	pathogenic
P13569	F575V	0.8422	pathogenic
P13569	F575W	0.8857	pathogenic
P13569	F575Y	0.771	pathogenic
P13569	G576A	0.1868	benign
P13569	G576C	0.2765	benign
P13569	G576D	0.7303	pathogenic
P13569	G576E	0.6696	pathogenic
P13569	G576F	0.8647	pathogenic
P13569	G576H	0.7528	pathogenic
P13569	G576I	0.5431	ambiguous
P13569	G576K	0.8944	pathogenic
P13569	G576L	0.6885	pathogenic
P13569	G576M	0.7609	pathogenic
P13569	G576N	0.5828	pathogenic
P13569	G576P	0.9704	pathogenic
P13569	G576Q	0.6869	pathogenic
P13569	G576R	0.6962	pathogenic
P13569	G576S	0.1082	benign
P13569	G576T	0.2729	benign
P13569	G576V	0.3876	ambiguous
P13569	G576W	0.7747	pathogenic
P13569	G576Y	0.7861	pathogenic
P13569	Y577A	0.6377	pathogenic
P13569	Y577C	0.1612	benign
P13569	Y577D	0.5005	ambiguous
P13569	Y577E	0.8115	pathogenic
P13569	Y577F	0.1003	benign
P13569	Y577G	0.6407	pathogenic
P13569	Y577H	0.108	benign
P13569	Y577I	0.6621	pathogenic
P13569	Y577K	0.8409	pathogenic
P13569	Y577L	0.5785	pathogenic
P13569	Y577M	0.7404	pathogenic
P13569	Y577N	0.2019	benign
P13569	Y577P	0.8234	pathogenic
P13569	Y577Q	0.6328	pathogenic
P13569	Y577R	0.6594	pathogenic
P13569	Y577S	0.29	benign
P13569	Y577T	0.6426	pathogenic
P13569	Y577V	0.5978	pathogenic
P13569	Y577W	0.4857	ambiguous
P13569	L578A	0.9153	pathogenic
P13569	L578C	0.9152	pathogenic
P13569	L578D	0.9982	pathogenic
P13569	L578E	0.9818	pathogenic
P13569	L578F	0.9123	pathogenic
P13569	L578G	0.985	pathogenic
P13569	L578H	0.9783	pathogenic
P13569	L578I	0.3507	ambiguous
P13569	L578K	0.9816	pathogenic
P13569	L578M	0.4562	ambiguous
P13569	L578N	0.9828	pathogenic
P13569	L578P	0.9935	pathogenic
P13569	L578Q	0.9384	pathogenic
P13569	L578R	0.9575	pathogenic
P13569	L578S	0.9649	pathogenic
P13569	L578T	0.8395	pathogenic
P13569	L578V	0.3344	benign
P13569	L578W	0.9758	pathogenic
P13569	L578Y	0.9898	pathogenic
P13569	D579A	0.9802	pathogenic
P13569	D579C	0.9937	pathogenic
P13569	D579E	0.9812	pathogenic
P13569	D579F	0.9966	pathogenic
P13569	D579G	0.9706	pathogenic
P13569	D579H	0.981	pathogenic
P13569	D579I	0.9978	pathogenic
P13569	D579K	0.998	pathogenic
P13569	D579L	0.9919	pathogenic
P13569	D579M	0.9988	pathogenic
P13569	D579N	0.9596	pathogenic
P13569	D579P	0.9951	pathogenic
P13569	D579Q	0.9958	pathogenic
P13569	D579R	0.995	pathogenic
P13569	D579S	0.9533	pathogenic
P13569	D579T	0.9943	pathogenic
P13569	D579V	0.9897	pathogenic
P13569	D579W	0.9987	pathogenic
P13569	D579Y	0.9715	pathogenic
P13569	V580A	0.3097	benign
P13569	V580C	0.7773	pathogenic
P13569	V580D	0.4936	ambiguous
P13569	V580E	0.4441	ambiguous
P13569	V580F	0.167	benign
P13569	V580G	0.3278	benign
P13569	V580H	0.6816	pathogenic
P13569	V580I	0.0774	benign
P13569	V580K	0.5825	pathogenic
P13569	V580L	0.2022	benign
P13569	V580M	0.1303	benign
P13569	V580N	0.3972	ambiguous
P13569	V580P	0.6758	pathogenic
P13569	V580Q	0.4923	ambiguous
P13569	V580R	0.4928	ambiguous
P13569	V580S	0.3222	benign
P13569	V580T	0.3129	benign
P13569	V580W	0.8202	pathogenic
P13569	V580Y	0.561	ambiguous
P13569	L581A	0.2168	benign
P13569	L581C	0.4475	ambiguous
P13569	L581D	0.6404	pathogenic
P13569	L581E	0.3547	ambiguous
P13569	L581F	0.0953	benign
P13569	L581G	0.4835	ambiguous
P13569	L581H	0.2139	benign
P13569	L581I	0.0975	benign
P13569	L581K	0.3001	benign
P13569	L581M	0.1143	benign
P13569	L581N	0.374	ambiguous
P13569	L581P	0.364	ambiguous
P13569	L581Q	0.1728	benign
P13569	L581R	0.2175	benign
P13569	L581S	0.2324	benign
P13569	L581T	0.2278	benign
P13569	L581V	0.0983	benign
P13569	L581W	0.1944	benign
P13569	L581Y	0.2935	benign
P13569	T582A	0.3248	benign
P13569	T582C	0.8402	pathogenic
P13569	T582D	0.945	pathogenic
P13569	T582E	0.8337	pathogenic
P13569	T582F	0.8553	pathogenic
P13569	T582G	0.7629	pathogenic
P13569	T582H	0.8062	pathogenic
P13569	T582I	0.7332	pathogenic
P13569	T582K	0.7955	pathogenic
P13569	T582L	0.4256	ambiguous
P13569	T582M	0.2385	benign
P13569	T582N	0.65	pathogenic
P13569	T582P	0.7811	pathogenic
P13569	T582Q	0.6948	pathogenic
P13569	T582R	0.6526	pathogenic
P13569	T582S	0.418	ambiguous
P13569	T582V	0.5246	ambiguous
P13569	T582W	0.9469	pathogenic
P13569	T582Y	0.8907	pathogenic
P13569	E583A	0.7695	pathogenic
P13569	E583C	0.9942	pathogenic
P13569	E583D	0.9392	pathogenic
P13569	E583F	0.9987	pathogenic
P13569	E583G	0.5991	pathogenic
P13569	E583H	0.9896	pathogenic
P13569	E583I	0.992	pathogenic
P13569	E583K	0.8553	pathogenic
P13569	E583L	0.9908	pathogenic
P13569	E583M	0.9841	pathogenic
P13569	E583N	0.9697	pathogenic
P13569	E583P	0.9976	pathogenic
P13569	E583Q	0.5873	pathogenic
P13569	E583R	0.9161	pathogenic
P13569	E583S	0.8263	pathogenic
P13569	E583T	0.9513	pathogenic
P13569	E583V	0.9624	pathogenic
P13569	E583W	0.9995	pathogenic
P13569	E583Y	0.9965	pathogenic
P13569	K584A	0.3474	ambiguous
P13569	K584C	0.749	pathogenic
P13569	K584D	0.512	ambiguous
P13569	K584E	0.1166	benign
P13569	K584F	0.8202	pathogenic
P13569	K584G	0.4221	ambiguous
P13569	K584H	0.3746	ambiguous
P13569	K584I	0.3992	ambiguous
P13569	K584L	0.4266	ambiguous
P13569	K584M	0.2392	benign
P13569	K584N	0.3237	benign
P13569	K584P	0.9391	pathogenic
P13569	K584Q	0.1196	benign
P13569	K584R	0.0855	benign
P13569	K584S	0.3906	ambiguous
P13569	K584T	0.1769	benign
P13569	K584V	0.3837	ambiguous
P13569	K584W	0.7701	pathogenic
P13569	K584Y	0.6509	pathogenic
P13569	E585A	0.1326	benign
P13569	E585C	0.8032	pathogenic
P13569	E585D	0.1254	benign
P13569	E585F	0.7143	pathogenic
P13569	E585G	0.1453	benign
P13569	E585H	0.4023	ambiguous
P13569	E585I	0.3507	ambiguous
P13569	E585K	0.1249	benign
P13569	E585L	0.3531	ambiguous
P13569	E585M	0.4198	ambiguous
P13569	E585N	0.1999	benign
P13569	E585P	0.8646	pathogenic
P13569	E585Q	0.1052	benign
P13569	E585R	0.2088	benign
P13569	E585S	0.1944	benign
P13569	E585T	0.2126	benign
P13569	E585V	0.2151	benign
P13569	E585W	0.8455	pathogenic
P13569	E585Y	0.5359	ambiguous
P13569	I586A	0.8694	pathogenic
P13569	I586C	0.9342	pathogenic
P13569	I586D	0.9949	pathogenic
P13569	I586E	0.9894	pathogenic
P13569	I586F	0.7984	pathogenic
P13569	I586G	0.9789	pathogenic
P13569	I586H	0.9876	pathogenic
P13569	I586K	0.9827	pathogenic
P13569	I586L	0.3399	benign
P13569	I586M	0.3477	ambiguous
P13569	I586N	0.8902	pathogenic
P13569	I586P	0.9963	pathogenic
P13569	I586Q	0.9845	pathogenic
P13569	I586R	0.9742	pathogenic
P13569	I586S	0.8922	pathogenic
P13569	I586T	0.7704	pathogenic
P13569	I586V	0.1069	benign
P13569	I586W	0.9947	pathogenic
P13569	I586Y	0.9624	pathogenic
P13569	F587A	0.9552	pathogenic
P13569	F587C	0.9278	pathogenic
P13569	F587D	0.9956	pathogenic
P13569	F587E	0.9925	pathogenic
P13569	F587G	0.9835	pathogenic
P13569	F587H	0.9619	pathogenic
P13569	F587I	0.833	pathogenic
P13569	F587K	0.9935	pathogenic
P13569	F587L	0.9692	pathogenic
P13569	F587M	0.9068	pathogenic
P13569	F587N	0.9867	pathogenic
P13569	F587P	0.9989	pathogenic
P13569	F587Q	0.9879	pathogenic
P13569	F587R	0.9792	pathogenic
P13569	F587S	0.9355	pathogenic
P13569	F587T	0.9525	pathogenic
P13569	F587V	0.8178	pathogenic
P13569	F587W	0.7794	pathogenic
P13569	F587Y	0.5264	ambiguous
P13569	E588A	0.2122	benign
P13569	E588C	0.8422	pathogenic
P13569	E588D	0.1573	benign
P13569	E588F	0.7754	pathogenic
P13569	E588G	0.2111	benign
P13569	E588H	0.4239	ambiguous
P13569	E588I	0.4933	ambiguous
P13569	E588K	0.1467	benign
P13569	E588L	0.4605	ambiguous
P13569	E588M	0.5406	ambiguous
P13569	E588N	0.2648	benign
P13569	E588P	0.9197	pathogenic
P13569	E588Q	0.1372	benign
P13569	E588R	0.2332	benign
P13569	E588S	0.2277	benign
P13569	E588T	0.285	benign
P13569	E588V	0.3416	ambiguous
P13569	E588W	0.8828	pathogenic
P13569	E588Y	0.6044	pathogenic
P13569	S589A	0.1131	benign
P13569	S589C	0.114	benign
P13569	S589D	0.238	benign
P13569	S589E	0.3313	benign
P13569	S589F	0.3068	benign
P13569	S589G	0.0838	benign
P13569	S589H	0.2037	benign
P13569	S589I	0.1599	benign
P13569	S589K	0.2782	benign
P13569	S589L	0.1764	benign
P13569	S589M	0.2188	benign
P13569	S589N	0.0865	benign
P13569	S589P	0.8877	pathogenic
P13569	S589Q	0.2926	benign
P13569	S589R	0.2202	benign
P13569	S589T	0.0934	benign
P13569	S589V	0.2229	benign
P13569	S589W	0.4275	ambiguous
P13569	S589Y	0.1839	benign
P13569	C590A	0.6257	pathogenic
P13569	C590D	0.9911	pathogenic
P13569	C590E	0.9953	pathogenic
P13569	C590F	0.7161	pathogenic
P13569	C590G	0.4469	ambiguous
P13569	C590H	0.9779	pathogenic
P13569	C590I	0.7276	pathogenic
P13569	C590K	0.9965	pathogenic
P13569	C590L	0.7657	pathogenic
P13569	C590M	0.897	pathogenic
P13569	C590N	0.9613	pathogenic
P13569	C590P	0.994	pathogenic
P13569	C590Q	0.9871	pathogenic
P13569	C590R	0.9673	pathogenic
P13569	C590S	0.5988	pathogenic
P13569	C590T	0.7093	pathogenic
P13569	C590V	0.5264	ambiguous
P13569	C590W	0.9617	pathogenic
P13569	C590Y	0.9085	pathogenic
P13569	V591A	0.5516	ambiguous
P13569	V591C	0.833	pathogenic
P13569	V591D	0.9716	pathogenic
P13569	V591E	0.9396	pathogenic
P13569	V591F	0.3401	ambiguous
P13569	V591G	0.7537	pathogenic
P13569	V591H	0.9635	pathogenic
P13569	V591I	0.0645	benign
P13569	V591K	0.9532	pathogenic
P13569	V591L	0.1761	benign
P13569	V591M	0.2284	benign
P13569	V591N	0.8913	pathogenic
P13569	V591P	0.9498	pathogenic
P13569	V591Q	0.9244	pathogenic
P13569	V591R	0.9328	pathogenic
P13569	V591S	0.7497	pathogenic
P13569	V591T	0.6067	pathogenic
P13569	V591W	0.9591	pathogenic
P13569	V591Y	0.8917	pathogenic
P13569	C592A	0.6176	pathogenic
P13569	C592D	0.7625	pathogenic
P13569	C592E	0.7784	pathogenic
P13569	C592F	0.2928	benign
P13569	C592G	0.221	benign
P13569	C592H	0.6109	pathogenic
P13569	C592I	0.6801	pathogenic
P13569	C592K	0.7672	pathogenic
P13569	C592L	0.5257	ambiguous
P13569	C592M	0.7065	pathogenic
P13569	C592N	0.58	pathogenic
P13569	C592P	0.9736	pathogenic
P13569	C592Q	0.6334	pathogenic
P13569	C592R	0.4205	ambiguous
P13569	C592S	0.3794	ambiguous
P13569	C592T	0.5712	pathogenic
P13569	C592V	0.5996	pathogenic
P13569	C592W	0.5897	pathogenic
P13569	C592Y	0.3871	ambiguous
P13569	K593A	0.3912	ambiguous
P13569	K593C	0.7157	pathogenic
P13569	K593D	0.5181	ambiguous
P13569	K593E	0.1861	benign
P13569	K593F	0.7964	pathogenic
P13569	K593G	0.3963	ambiguous
P13569	K593H	0.2836	benign
P13569	K593I	0.4554	ambiguous
P13569	K593L	0.424	ambiguous
P13569	K593M	0.3109	benign
P13569	K593N	0.3247	benign
P13569	K593P	0.8834	pathogenic
P13569	K593Q	0.1374	benign
P13569	K593R	0.0863	benign
P13569	K593S	0.3602	ambiguous
P13569	K593T	0.1728	benign
P13569	K593V	0.4205	ambiguous
P13569	K593W	0.8219	pathogenic
P13569	K593Y	0.6258	pathogenic
P13569	L594A	0.6544	pathogenic
P13569	L594C	0.7811	pathogenic
P13569	L594D	0.946	pathogenic
P13569	L594E	0.7337	pathogenic
P13569	L594F	0.3138	benign
P13569	L594G	0.891	pathogenic
P13569	L594H	0.5746	pathogenic
P13569	L594I	0.148	benign
P13569	L594K	0.6304	pathogenic
P13569	L594M	0.1715	benign
P13569	L594N	0.7874	pathogenic
P13569	L594P	0.9646	pathogenic
P13569	L594Q	0.4632	ambiguous
P13569	L594R	0.5422	ambiguous
P13569	L594S	0.7613	pathogenic
P13569	L594T	0.6077	pathogenic
P13569	L594V	0.1857	benign
P13569	L594W	0.5244	ambiguous
P13569	L594Y	0.5845	pathogenic
P13569	M595A	0.8524	pathogenic
P13569	M595C	0.9613	pathogenic
P13569	M595D	0.998	pathogenic
P13569	M595E	0.9828	pathogenic
P13569	M595F	0.7841	pathogenic
P13569	M595G	0.9779	pathogenic
P13569	M595H	0.9906	pathogenic
P13569	M595I	0.6237	pathogenic
P13569	M595K	0.953	pathogenic
P13569	M595L	0.2275	benign
P13569	M595N	0.9819	pathogenic
P13569	M595P	0.9869	pathogenic
P13569	M595Q	0.9218	pathogenic
P13569	M595R	0.9522	pathogenic
P13569	M595S	0.9397	pathogenic
P13569	M595T	0.7937	pathogenic
P13569	M595V	0.3043	benign
P13569	M595W	0.9863	pathogenic
P13569	M595Y	0.9847	pathogenic
P13569	A596C	0.5142	ambiguous
P13569	A596D	0.3856	ambiguous
P13569	A596E	0.2906	benign
P13569	A596F	0.4759	ambiguous
P13569	A596G	0.1373	benign
P13569	A596H	0.5974	pathogenic
P13569	A596I	0.3154	benign
P13569	A596K	0.4612	ambiguous
P13569	A596L	0.2826	benign
P13569	A596M	0.3119	benign
P13569	A596N	0.3239	benign
P13569	A596P	0.7033	pathogenic
P13569	A596Q	0.3693	ambiguous
P13569	A596R	0.3813	ambiguous
P13569	A596S	0.1052	benign
P13569	A596T	0.1102	benign
P13569	A596V	0.1376	benign
P13569	A596W	0.8273	pathogenic
P13569	A596Y	0.5756	pathogenic
P13569	N597A	0.271	benign
P13569	N597C	0.2739	benign
P13569	N597D	0.138	benign
P13569	N597E	0.4173	ambiguous
P13569	N597F	0.6415	pathogenic
P13569	N597G	0.2234	benign
P13569	N597H	0.1224	benign
P13569	N597I	0.3855	ambiguous
P13569	N597K	0.3122	benign
P13569	N597L	0.3507	ambiguous
P13569	N597M	0.4679	ambiguous
P13569	N597P	0.6437	pathogenic
P13569	N597Q	0.3737	ambiguous
P13569	N597R	0.3596	ambiguous
P13569	N597S	0.0724	benign
P13569	N597T	0.158	benign
P13569	N597V	0.3387	benign
P13569	N597W	0.8319	pathogenic
P13569	N597Y	0.2157	benign
P13569	K598A	0.9722	pathogenic
P13569	K598C	0.9648	pathogenic
P13569	K598D	0.9939	pathogenic
P13569	K598E	0.9364	pathogenic
P13569	K598F	0.9978	pathogenic
P13569	K598G	0.9802	pathogenic
P13569	K598H	0.8679	pathogenic
P13569	K598I	0.9847	pathogenic
P13569	K598L	0.9796	pathogenic
P13569	K598M	0.9551	pathogenic
P13569	K598N	0.9745	pathogenic
P13569	K598P	0.9954	pathogenic
P13569	K598Q	0.739	pathogenic
P13569	K598R	0.1814	benign
P13569	K598S	0.9739	pathogenic
P13569	K598T	0.9201	pathogenic
P13569	K598V	0.9715	pathogenic
P13569	K598W	0.997	pathogenic
P13569	K598Y	0.9874	pathogenic
P13569	T599A	0.4236	ambiguous
P13569	T599C	0.7826	pathogenic
P13569	T599D	0.9762	pathogenic
P13569	T599E	0.9707	pathogenic
P13569	T599F	0.9602	pathogenic
P13569	T599G	0.8178	pathogenic
P13569	T599H	0.9334	pathogenic
P13569	T599I	0.7892	pathogenic
P13569	T599K	0.9516	pathogenic
P13569	T599L	0.6459	pathogenic
P13569	T599M	0.4194	ambiguous
P13569	T599N	0.7083	pathogenic
P13569	T599P	0.6516	pathogenic
P13569	T599Q	0.922	pathogenic
P13569	T599R	0.9344	pathogenic
P13569	T599S	0.3764	ambiguous
P13569	T599V	0.6484	pathogenic
P13569	T599W	0.9899	pathogenic
P13569	T599Y	0.9566	pathogenic
P13569	R600A	0.876	pathogenic
P13569	R600C	0.304	benign
P13569	R600D	0.9963	pathogenic
P13569	R600E	0.9372	pathogenic
P13569	R600F	0.9869	pathogenic
P13569	R600G	0.8886	pathogenic
P13569	R600H	0.6819	pathogenic
P13569	R600I	0.6593	pathogenic
P13569	R600K	0.496	ambiguous
P13569	R600L	0.8321	pathogenic
P13569	R600M	0.8659	pathogenic
P13569	R600N	0.9805	pathogenic
P13569	R600P	0.9902	pathogenic
P13569	R600Q	0.4592	ambiguous
P13569	R600S	0.937	pathogenic
P13569	R600T	0.7644	pathogenic
P13569	R600V	0.6378	pathogenic
P13569	R600W	0.8507	pathogenic
P13569	R600Y	0.9621	pathogenic
P13569	I601A	0.9637	pathogenic
P13569	I601C	0.9357	pathogenic
P13569	I601D	0.9985	pathogenic
P13569	I601E	0.9961	pathogenic
P13569	I601F	0.4904	ambiguous
P13569	I601G	0.992	pathogenic
P13569	I601H	0.9896	pathogenic
P13569	I601K	0.9904	pathogenic
P13569	I601L	0.2587	benign
P13569	I601M	0.3319	benign
P13569	I601N	0.9726	pathogenic
P13569	I601P	0.997	pathogenic
P13569	I601Q	0.9916	pathogenic
P13569	I601R	0.9849	pathogenic
P13569	I601S	0.9699	pathogenic
P13569	I601T	0.9658	pathogenic
P13569	I601V	0.1535	benign
P13569	I601W	0.984	pathogenic
P13569	I601Y	0.9212	pathogenic
P13569	L602A	0.802	pathogenic
P13569	L602C	0.8059	pathogenic
P13569	L602D	0.9981	pathogenic
P13569	L602E	0.9854	pathogenic
P13569	L602F	0.3658	ambiguous
P13569	L602G	0.9793	pathogenic
P13569	L602H	0.9247	pathogenic
P13569	L602I	0.1258	benign
P13569	L602K	0.9828	pathogenic
P13569	L602M	0.2467	benign
P13569	L602N	0.9861	pathogenic
P13569	L602P	0.9903	pathogenic
P13569	L602Q	0.9372	pathogenic
P13569	L602R	0.9571	pathogenic
P13569	L602S	0.9285	pathogenic
P13569	L602T	0.8205	pathogenic
P13569	L602V	0.1321	benign
P13569	L602W	0.8077	pathogenic
P13569	L602Y	0.8911	pathogenic
P13569	V603A	0.7107	pathogenic
P13569	V603C	0.9249	pathogenic
P13569	V603D	0.966	pathogenic
P13569	V603E	0.9453	pathogenic
P13569	V603F	0.7814	pathogenic
P13569	V603G	0.8325	pathogenic
P13569	V603H	0.9845	pathogenic
P13569	V603I	0.1143	benign
P13569	V603K	0.9794	pathogenic
P13569	V603L	0.6646	pathogenic
P13569	V603M	0.6497	pathogenic
P13569	V603N	0.9121	pathogenic
P13569	V603P	0.9747	pathogenic
P13569	V603Q	0.9508	pathogenic
P13569	V603R	0.9603	pathogenic
P13569	V603S	0.7608	pathogenic
P13569	V603T	0.7374	pathogenic
P13569	V603W	0.9954	pathogenic
P13569	V603Y	0.9766	pathogenic
P13569	T604A	0.632	pathogenic
P13569	T604C	0.8599	pathogenic
P13569	T604D	0.9774	pathogenic
P13569	T604E	0.9828	pathogenic
P13569	T604F	0.9417	pathogenic
P13569	T604G	0.8766	pathogenic
P13569	T604H	0.9471	pathogenic
P13569	T604I	0.9201	pathogenic
P13569	T604K	0.9745	pathogenic
P13569	T604L	0.6691	pathogenic
P13569	T604M	0.5084	ambiguous
P13569	T604N	0.845	pathogenic
P13569	T604P	0.8517	pathogenic
P13569	T604Q	0.9655	pathogenic
P13569	T604R	0.961	pathogenic
P13569	T604S	0.5065	ambiguous
P13569	T604V	0.8276	pathogenic
P13569	T604W	0.9892	pathogenic
P13569	T604Y	0.968	pathogenic
P13569	S605A	0.2258	benign
P13569	S605C	0.3007	benign
P13569	S605D	0.8154	pathogenic
P13569	S605E	0.9236	pathogenic
P13569	S605F	0.7513	pathogenic
P13569	S605G	0.1676	benign
P13569	S605H	0.7844	pathogenic
P13569	S605I	0.7417	pathogenic
P13569	S605K	0.9764	pathogenic
P13569	S605L	0.3973	ambiguous
P13569	S605M	0.6371	pathogenic
P13569	S605N	0.3261	benign
P13569	S605P	0.6426	pathogenic
P13569	S605Q	0.9018	pathogenic
P13569	S605R	0.945	pathogenic
P13569	S605T	0.2405	benign
P13569	S605V	0.6966	pathogenic
P13569	S605W	0.7582	pathogenic
P13569	S605Y	0.6529	pathogenic
P13569	K606A	0.8908	pathogenic
P13569	K606C	0.9418	pathogenic
P13569	K606D	0.9354	pathogenic
P13569	K606E	0.6389	pathogenic
P13569	K606F	0.989	pathogenic
P13569	K606G	0.9197	pathogenic
P13569	K606H	0.6927	pathogenic
P13569	K606I	0.9421	pathogenic
P13569	K606L	0.9183	pathogenic
P13569	K606M	0.829	pathogenic
P13569	K606N	0.8579	pathogenic
P13569	K606P	0.9788	pathogenic
P13569	K606Q	0.4051	ambiguous
P13569	K606R	0.1281	benign
P13569	K606S	0.8728	pathogenic
P13569	K606T	0.7711	pathogenic
P13569	K606V	0.91	pathogenic
P13569	K606W	0.9765	pathogenic
P13569	K606Y	0.957	pathogenic
P13569	M607A	0.5755	pathogenic
P13569	M607C	0.8745	pathogenic
P13569	M607D	0.9274	pathogenic
P13569	M607E	0.6831	pathogenic
P13569	M607F	0.4594	ambiguous
P13569	M607G	0.8024	pathogenic
P13569	M607H	0.7849	pathogenic
P13569	M607I	0.3089	benign
P13569	M607K	0.3399	benign
P13569	M607L	0.107	benign
P13569	M607N	0.7564	pathogenic
P13569	M607P	0.7627	pathogenic
P13569	M607Q	0.4795	ambiguous
P13569	M607R	0.3053	benign
P13569	M607S	0.7111	pathogenic
P13569	M607T	0.3481	ambiguous
P13569	M607V	0.1106	benign
P13569	M607W	0.6105	pathogenic
P13569	M607Y	0.7106	pathogenic
P13569	E608A	0.2399	benign
P13569	E608C	0.8988	pathogenic
P13569	E608D	0.184	benign
P13569	E608F	0.8793	pathogenic
P13569	E608G	0.2521	benign
P13569	E608H	0.6987	pathogenic
P13569	E608I	0.5806	pathogenic
P13569	E608K	0.3394	benign
P13569	E608L	0.6132	pathogenic
P13569	E608M	0.6685	pathogenic
P13569	E608N	0.4476	ambiguous
P13569	E608P	0.7547	pathogenic
P13569	E608Q	0.2513	benign
P13569	E608R	0.4721	ambiguous
P13569	E608S	0.3585	ambiguous
P13569	E608T	0.4452	ambiguous
P13569	E608V	0.3671	ambiguous
P13569	E608W	0.9254	pathogenic
P13569	E608Y	0.7619	pathogenic
P13569	H609A	0.7836	pathogenic
P13569	H609C	0.4928	ambiguous
P13569	H609D	0.7515	pathogenic
P13569	H609E	0.8031	pathogenic
P13569	H609F	0.558	ambiguous
P13569	H609G	0.8844	pathogenic
P13569	H609I	0.5349	ambiguous
P13569	H609K	0.8877	pathogenic
P13569	H609L	0.2407	benign
P13569	H609M	0.6807	pathogenic
P13569	H609N	0.3128	benign
P13569	H609P	0.58	pathogenic
P13569	H609Q	0.6042	pathogenic
P13569	H609R	0.7838	pathogenic
P13569	H609S	0.7241	pathogenic
P13569	H609T	0.7788	pathogenic
P13569	H609V	0.5928	pathogenic
P13569	H609W	0.7242	pathogenic
P13569	H609Y	0.2301	benign
P13569	L610A	0.8843	pathogenic
P13569	L610C	0.8766	pathogenic
P13569	L610D	0.9971	pathogenic
P13569	L610E	0.9723	pathogenic
P13569	L610F	0.4264	ambiguous
P13569	L610G	0.976	pathogenic
P13569	L610H	0.9285	pathogenic
P13569	L610I	0.2242	benign
P13569	L610K	0.9498	pathogenic
P13569	L610M	0.2628	benign
P13569	L610N	0.9845	pathogenic
P13569	L610P	0.9861	pathogenic
P13569	L610Q	0.8638	pathogenic
P13569	L610R	0.8907	pathogenic
P13569	L610S	0.9553	pathogenic
P13569	L610T	0.9074	pathogenic
P13569	L610V	0.2783	benign
P13569	L610W	0.6858	pathogenic
P13569	L610Y	0.8838	pathogenic
P13569	K611A	0.5747	pathogenic
P13569	K611C	0.7435	pathogenic
P13569	K611D	0.8739	pathogenic
P13569	K611E	0.2142	benign
P13569	K611F	0.888	pathogenic
P13569	K611G	0.625	pathogenic
P13569	K611H	0.5018	ambiguous
P13569	K611I	0.5569	ambiguous
P13569	K611L	0.4487	ambiguous
P13569	K611M	0.3297	benign
P13569	K611N	0.7025	pathogenic
P13569	K611P	0.9222	pathogenic
P13569	K611Q	0.1279	benign
P13569	K611R	0.0776	benign
P13569	K611S	0.6485	pathogenic
P13569	K611T	0.4169	ambiguous
P13569	K611V	0.5361	ambiguous
P13569	K611W	0.7838	pathogenic
P13569	K611Y	0.765	pathogenic
P13569	K612A	0.293	benign
P13569	K612C	0.6347	pathogenic
P13569	K612D	0.6104	pathogenic
P13569	K612E	0.1622	benign
P13569	K612F	0.6638	pathogenic
P13569	K612G	0.5351	ambiguous
P13569	K612H	0.3351	benign
P13569	K612I	0.1839	benign
P13569	K612L	0.243	benign
P13569	K612M	0.1343	benign
P13569	K612N	0.3631	ambiguous
P13569	K612P	0.923	pathogenic
P13569	K612Q	0.141	benign
P13569	K612R	0.0792	benign
P13569	K612S	0.4217	ambiguous
P13569	K612T	0.1508	benign
P13569	K612V	0.2096	benign
P13569	K612W	0.7182	pathogenic
P13569	K612Y	0.504	ambiguous
P13569	A613C	0.7725	pathogenic
P13569	A613D	0.9649	pathogenic
P13569	A613E	0.9492	pathogenic
P13569	A613F	0.9439	pathogenic
P13569	A613G	0.3914	ambiguous
P13569	A613H	0.9814	pathogenic
P13569	A613I	0.8306	pathogenic
P13569	A613K	0.9871	pathogenic
P13569	A613L	0.8234	pathogenic
P13569	A613M	0.7732	pathogenic
P13569	A613N	0.9349	pathogenic
P13569	A613P	0.9685	pathogenic
P13569	A613Q	0.9496	pathogenic
P13569	A613R	0.9653	pathogenic
P13569	A613S	0.2188	benign
P13569	A613T	0.3927	ambiguous
P13569	A613V	0.4448	ambiguous
P13569	A613W	0.9904	pathogenic
P13569	A613Y	0.9704	pathogenic
P13569	D614A	0.6099	pathogenic
P13569	D614C	0.9166	pathogenic
P13569	D614E	0.5761	pathogenic
P13569	D614F	0.961	pathogenic
P13569	D614G	0.4147	ambiguous
P13569	D614H	0.6024	pathogenic
P13569	D614I	0.9403	pathogenic
P13569	D614K	0.8022	pathogenic
P13569	D614L	0.9204	pathogenic
P13569	D614M	0.9691	pathogenic
P13569	D614N	0.1761	benign
P13569	D614P	0.9705	pathogenic
P13569	D614Q	0.74	pathogenic
P13569	D614R	0.8023	pathogenic
P13569	D614S	0.2633	benign
P13569	D614T	0.6547	pathogenic
P13569	D614V	0.8175	pathogenic
P13569	D614W	0.9874	pathogenic
P13569	D614Y	0.72	pathogenic
P13569	K615A	0.5837	pathogenic
P13569	K615C	0.6859	pathogenic
P13569	K615D	0.8323	pathogenic
P13569	K615E	0.2631	benign
P13569	K615F	0.8849	pathogenic
P13569	K615G	0.7283	pathogenic
P13569	K615H	0.4069	ambiguous
P13569	K615I	0.5444	ambiguous
P13569	K615L	0.5477	ambiguous
P13569	K615M	0.3147	benign
P13569	K615N	0.5955	pathogenic
P13569	K615P	0.9869	pathogenic
P13569	K615Q	0.1733	benign
P13569	K615R	0.09	benign
P13569	K615S	0.5976	pathogenic
P13569	K615T	0.2935	benign
P13569	K615V	0.499	ambiguous
P13569	K615W	0.8665	pathogenic
P13569	K615Y	0.7237	pathogenic
P13569	I616A	0.8805	pathogenic
P13569	I616C	0.9056	pathogenic
P13569	I616D	0.9938	pathogenic
P13569	I616E	0.9851	pathogenic
P13569	I616F	0.5497	ambiguous
P13569	I616G	0.9676	pathogenic
P13569	I616H	0.9746	pathogenic
P13569	I616K	0.9636	pathogenic
P13569	I616L	0.3083	benign
P13569	I616M	0.27	benign
P13569	I616N	0.8937	pathogenic
P13569	I616P	0.9929	pathogenic
P13569	I616Q	0.9697	pathogenic
P13569	I616R	0.9459	pathogenic
P13569	I616S	0.88	pathogenic
P13569	I616T	0.7962	pathogenic
P13569	I616V	0.1227	benign
P13569	I616W	0.9792	pathogenic
P13569	I616Y	0.9002	pathogenic
P13569	L617A	0.8339	pathogenic
P13569	L617C	0.7962	pathogenic
P13569	L617D	0.9984	pathogenic
P13569	L617E	0.989	pathogenic
P13569	L617F	0.4304	ambiguous
P13569	L617G	0.9716	pathogenic
P13569	L617H	0.9337	pathogenic
P13569	L617I	0.1952	benign
P13569	L617K	0.9787	pathogenic
P13569	L617M	0.2636	benign
P13569	L617N	0.9864	pathogenic
P13569	L617P	0.996	pathogenic
P13569	L617Q	0.9282	pathogenic
P13569	L617R	0.9478	pathogenic
P13569	L617S	0.9499	pathogenic
P13569	L617T	0.9158	pathogenic
P13569	L617V	0.2287	benign
P13569	L617W	0.843	pathogenic
P13569	L617Y	0.895	pathogenic
P13569	I618A	0.9223	pathogenic
P13569	I618C	0.9088	pathogenic
P13569	I618D	0.9934	pathogenic
P13569	I618E	0.9861	pathogenic
P13569	I618F	0.3118	benign
P13569	I618G	0.9813	pathogenic
P13569	I618H	0.9427	pathogenic
P13569	I618K	0.9524	pathogenic
P13569	I618L	0.1198	benign
P13569	I618M	0.2261	benign
P13569	I618N	0.9195	pathogenic
P13569	I618P	0.9881	pathogenic
P13569	I618Q	0.9555	pathogenic
P13569	I618R	0.9212	pathogenic
P13569	I618S	0.9222	pathogenic
P13569	I618T	0.9243	pathogenic
P13569	I618V	0.2025	benign
P13569	I618W	0.9351	pathogenic
P13569	I618Y	0.8002	pathogenic
P13569	L619A	0.9504	pathogenic
P13569	L619C	0.9007	pathogenic
P13569	L619D	0.9984	pathogenic
P13569	L619E	0.9912	pathogenic
P13569	L619F	0.5072	ambiguous
P13569	L619G	0.9869	pathogenic
P13569	L619H	0.9608	pathogenic
P13569	L619I	0.24	benign
P13569	L619K	0.9835	pathogenic
P13569	L619M	0.2779	benign
P13569	L619N	0.9856	pathogenic
P13569	L619P	0.9883	pathogenic
P13569	L619Q	0.9472	pathogenic
P13569	L619R	0.9633	pathogenic
P13569	L619S	0.9715	pathogenic
P13569	L619T	0.9151	pathogenic
P13569	L619V	0.3414	ambiguous
P13569	L619W	0.9211	pathogenic
P13569	L619Y	0.9574	pathogenic
P13569	H620A	0.7321	pathogenic
P13569	H620C	0.3982	ambiguous
P13569	H620D	0.5586	ambiguous
P13569	H620E	0.6389	pathogenic
P13569	H620F	0.6754	pathogenic
P13569	H620G	0.7139	pathogenic
P13569	H620I	0.8283	pathogenic
P13569	H620K	0.5174	ambiguous
P13569	H620L	0.3823	ambiguous
P13569	H620M	0.8411	pathogenic
P13569	H620N	0.2816	benign
P13569	H620P	0.8136	pathogenic
P13569	H620Q	0.4167	ambiguous
P13569	H620R	0.2194	benign
P13569	H620S	0.5262	ambiguous
P13569	H620T	0.7712	pathogenic
P13569	H620V	0.7632	pathogenic
P13569	H620W	0.5683	pathogenic
P13569	H620Y	0.2071	benign
P13569	E621A	0.2243	benign
P13569	E621C	0.8082	pathogenic
P13569	E621D	0.2028	benign
P13569	E621F	0.8571	pathogenic
P13569	E621G	0.1058	benign
P13569	E621H	0.4516	ambiguous
P13569	E621I	0.766	pathogenic
P13569	E621K	0.1096	benign
P13569	E621L	0.5994	pathogenic
P13569	E621M	0.6236	pathogenic
P13569	E621N	0.2472	benign
P13569	E621P	0.923	pathogenic
P13569	E621Q	0.1284	benign
P13569	E621R	0.1798	benign
P13569	E621S	0.2193	benign
P13569	E621T	0.431	ambiguous
P13569	E621V	0.571	pathogenic
P13569	E621W	0.9165	pathogenic
P13569	E621Y	0.69	pathogenic
P13569	G622A	0.5567	ambiguous
P13569	G622C	0.7013	pathogenic
P13569	G622D	0.8162	pathogenic
P13569	G622E	0.8138	pathogenic
P13569	G622F	0.9647	pathogenic
P13569	G622H	0.9406	pathogenic
P13569	G622I	0.9387	pathogenic
P13569	G622K	0.9193	pathogenic
P13569	G622L	0.9567	pathogenic
P13569	G622M	0.9476	pathogenic
P13569	G622N	0.8152	pathogenic
P13569	G622P	0.9942	pathogenic
P13569	G622Q	0.8798	pathogenic
P13569	G622R	0.8461	pathogenic
P13569	G622S	0.4451	ambiguous
P13569	G622T	0.8027	pathogenic
P13569	G622V	0.8665	pathogenic
P13569	G622W	0.9296	pathogenic
P13569	G622Y	0.9258	pathogenic
P13569	S623A	0.0979	benign
P13569	S623C	0.072	benign
P13569	S623D	0.262	benign
P13569	S623E	0.3021	benign
P13569	S623F	0.1441	benign
P13569	S623G	0.1045	benign
P13569	S623H	0.1723	benign
P13569	S623I	0.0986	benign
P13569	S623K	0.2862	benign
P13569	S623L	0.1161	benign
P13569	S623M	0.1784	benign
P13569	S623N	0.0965	benign
P13569	S623P	0.8281	pathogenic
P13569	S623Q	0.2705	benign
P13569	S623R	0.1968	benign
P13569	S623T	0.078	benign
P13569	S623V	0.1318	benign
P13569	S623W	0.2862	benign
P13569	S623Y	0.1258	benign
P13569	S624A	0.095	benign
P13569	S624C	0.0576	benign
P13569	S624D	0.6398	pathogenic
P13569	S624E	0.7284	pathogenic
P13569	S624F	0.3067	benign
P13569	S624G	0.1161	benign
P13569	S624H	0.4864	ambiguous
P13569	S624I	0.1134	benign
P13569	S624K	0.7494	pathogenic
P13569	S624L	0.1239	benign
P13569	S624M	0.2479	benign
P13569	S624N	0.2032	benign
P13569	S624P	0.2497	benign
P13569	S624Q	0.6361	pathogenic
P13569	S624R	0.6147	pathogenic
P13569	S624T	0.0826	benign
P13569	S624V	0.1296	benign
P13569	S624W	0.4916	ambiguous
P13569	S624Y	0.2789	benign
P13569	Y625A	0.7039	pathogenic
P13569	Y625C	0.1827	benign
P13569	Y625D	0.7012	pathogenic
P13569	Y625E	0.8928	pathogenic
P13569	Y625F	0.1343	benign
P13569	Y625G	0.7884	pathogenic
P13569	Y625H	0.3172	benign
P13569	Y625I	0.5776	pathogenic
P13569	Y625K	0.8135	pathogenic
P13569	Y625L	0.5907	pathogenic
P13569	Y625M	0.7885	pathogenic
P13569	Y625N	0.4941	ambiguous
P13569	Y625P	0.9575	pathogenic
P13569	Y625Q	0.7763	pathogenic
P13569	Y625R	0.6277	pathogenic
P13569	Y625S	0.3969	ambiguous
P13569	Y625T	0.6725	pathogenic
P13569	Y625V	0.4811	ambiguous
P13569	Y625W	0.4667	ambiguous
P13569	F626A	0.8836	pathogenic
P13569	F626C	0.5668	pathogenic
P13569	F626D	0.9844	pathogenic
P13569	F626E	0.9785	pathogenic
P13569	F626G	0.9607	pathogenic
P13569	F626H	0.802	pathogenic
P13569	F626I	0.5394	ambiguous
P13569	F626K	0.9612	pathogenic
P13569	F626L	0.9445	pathogenic
P13569	F626M	0.873	pathogenic
P13569	F626N	0.9409	pathogenic
P13569	F626P	0.9986	pathogenic
P13569	F626Q	0.9434	pathogenic
P13569	F626R	0.8936	pathogenic
P13569	F626S	0.8277	pathogenic
P13569	F626T	0.896	pathogenic
P13569	F626V	0.5252	ambiguous
P13569	F626W	0.8099	pathogenic
P13569	F626Y	0.3051	benign
P13569	Y627A	0.779	pathogenic
P13569	Y627C	0.1759	benign
P13569	Y627D	0.7268	pathogenic
P13569	Y627E	0.8579	pathogenic
P13569	Y627F	0.1556	benign
P13569	Y627G	0.76	pathogenic
P13569	Y627H	0.3106	benign
P13569	Y627I	0.7189	pathogenic
P13569	Y627K	0.8531	pathogenic
P13569	Y627L	0.6519	pathogenic
P13569	Y627M	0.8341	pathogenic
P13569	Y627N	0.516	ambiguous
P13569	Y627P	0.9544	pathogenic
P13569	Y627Q	0.7385	pathogenic
P13569	Y627R	0.6489	pathogenic
P13569	Y627S	0.3572	ambiguous
P13569	Y627T	0.6635	pathogenic
P13569	Y627V	0.6056	pathogenic
P13569	Y627W	0.508	ambiguous
P13569	G628A	0.6588	pathogenic
P13569	G628C	0.875	pathogenic
P13569	G628D	0.8685	pathogenic
P13569	G628E	0.9382	pathogenic
P13569	G628F	0.9906	pathogenic
P13569	G628H	0.9683	pathogenic
P13569	G628I	0.9841	pathogenic
P13569	G628K	0.9524	pathogenic
P13569	G628L	0.9771	pathogenic
P13569	G628M	0.9871	pathogenic
P13569	G628N	0.9341	pathogenic
P13569	G628P	0.9963	pathogenic
P13569	G628Q	0.9426	pathogenic
P13569	G628R	0.877	pathogenic
P13569	G628S	0.5307	ambiguous
P13569	G628T	0.9128	pathogenic
P13569	G628V	0.9618	pathogenic
P13569	G628W	0.9757	pathogenic
P13569	G628Y	0.9817	pathogenic
P13569	T629A	0.1049	benign
P13569	T629C	0.4058	ambiguous
P13569	T629D	0.2956	benign
P13569	T629E	0.313	benign
P13569	T629F	0.4055	ambiguous
P13569	T629G	0.2635	benign
P13569	T629H	0.2659	benign
P13569	T629I	0.3615	ambiguous
P13569	T629K	0.1759	benign
P13569	T629L	0.1895	benign
P13569	T629M	0.1434	benign
P13569	T629N	0.1128	benign
P13569	T629P	0.1468	benign
P13569	T629Q	0.2424	benign
P13569	T629R	0.1501	benign
P13569	T629S	0.103	benign
P13569	T629V	0.2751	benign
P13569	T629W	0.7351	pathogenic
P13569	T629Y	0.3802	ambiguous
P13569	F630A	0.7972	pathogenic
P13569	F630C	0.6586	pathogenic
P13569	F630D	0.9525	pathogenic
P13569	F630E	0.9643	pathogenic
P13569	F630G	0.9379	pathogenic
P13569	F630H	0.828	pathogenic
P13569	F630I	0.4081	ambiguous
P13569	F630K	0.968	pathogenic
P13569	F630L	0.9145	pathogenic
P13569	F630M	0.8099	pathogenic
P13569	F630N	0.8766	pathogenic
P13569	F630P	0.9543	pathogenic
P13569	F630Q	0.9516	pathogenic
P13569	F630R	0.9221	pathogenic
P13569	F630S	0.6859	pathogenic
P13569	F630T	0.8369	pathogenic
P13569	F630V	0.411	ambiguous
P13569	F630W	0.6701	pathogenic
P13569	F630Y	0.2188	benign
P13569	S631A	0.0693	benign
P13569	S631C	0.1139	benign
P13569	S631D	0.3263	benign
P13569	S631E	0.3298	benign
P13569	S631F	0.1816	benign
P13569	S631G	0.1255	benign
P13569	S631H	0.2875	benign
P13569	S631I	0.1904	benign
P13569	S631K	0.4547	ambiguous
P13569	S631L	0.0727	benign
P13569	S631M	0.196	benign
P13569	S631N	0.1991	benign
P13569	S631P	0.1305	benign
P13569	S631Q	0.3638	ambiguous
P13569	S631R	0.3935	ambiguous
P13569	S631T	0.0826	benign
P13569	S631V	0.1741	benign
P13569	S631W	0.2251	benign
P13569	S631Y	0.1572	benign
P13569	E632A	0.2225	benign
P13569	E632C	0.8902	pathogenic
P13569	E632D	0.1909	benign
P13569	E632F	0.8419	pathogenic
P13569	E632G	0.2387	benign
P13569	E632H	0.511	ambiguous
P13569	E632I	0.5898	pathogenic
P13569	E632K	0.1667	benign
P13569	E632L	0.5704	pathogenic
P13569	E632M	0.5588	ambiguous
P13569	E632N	0.3504	ambiguous
P13569	E632P	0.9306	pathogenic
P13569	E632Q	0.131	benign
P13569	E632R	0.2963	benign
P13569	E632S	0.2666	benign
P13569	E632T	0.3338	benign
P13569	E632V	0.3687	ambiguous
P13569	E632W	0.942	pathogenic
P13569	E632Y	0.7069	pathogenic
P13569	L633A	0.8409	pathogenic
P13569	L633C	0.8666	pathogenic
P13569	L633D	0.9899	pathogenic
P13569	L633E	0.9434	pathogenic
P13569	L633F	0.3934	ambiguous
P13569	L633G	0.9455	pathogenic
P13569	L633H	0.8616	pathogenic
P13569	L633I	0.231	benign
P13569	L633K	0.8695	pathogenic
P13569	L633M	0.2513	benign
P13569	L633N	0.9563	pathogenic
P13569	L633P	0.9786	pathogenic
P13569	L633Q	0.8229	pathogenic
P13569	L633R	0.8138	pathogenic
P13569	L633S	0.9456	pathogenic
P13569	L633T	0.8931	pathogenic
P13569	L633V	0.3307	benign
P13569	L633W	0.6241	pathogenic
P13569	L633Y	0.7595	pathogenic
P13569	Q634A	0.4079	ambiguous
P13569	Q634C	0.6876	pathogenic
P13569	Q634D	0.7031	pathogenic
P13569	Q634E	0.1086	benign
P13569	Q634F	0.8863	pathogenic
P13569	Q634G	0.3897	ambiguous
P13569	Q634H	0.4235	ambiguous
P13569	Q634I	0.5775	pathogenic
P13569	Q634K	0.1127	benign
P13569	Q634L	0.2283	benign
P13569	Q634M	0.5107	ambiguous
P13569	Q634N	0.5382	ambiguous
P13569	Q634P	0.56	ambiguous
P13569	Q634R	0.1213	benign
P13569	Q634S	0.4876	ambiguous
P13569	Q634T	0.4063	ambiguous
P13569	Q634V	0.4377	ambiguous
P13569	Q634W	0.6644	pathogenic
P13569	Q634Y	0.7246	pathogenic
P13569	N635A	0.1383	benign
P13569	N635C	0.1719	benign
P13569	N635D	0.0952	benign
P13569	N635E	0.213	benign
P13569	N635F	0.3485	ambiguous
P13569	N635G	0.1759	benign
P13569	N635H	0.0803	benign
P13569	N635I	0.132	benign
P13569	N635K	0.1446	benign
P13569	N635L	0.163	benign
P13569	N635M	0.2162	benign
P13569	N635P	0.5969	pathogenic
P13569	N635Q	0.1951	benign
P13569	N635R	0.1747	benign
P13569	N635S	0.0771	benign
P13569	N635T	0.0952	benign
P13569	N635V	0.148	benign
P13569	N635W	0.6011	pathogenic
P13569	N635Y	0.1088	benign
P13569	L636A	0.1517	benign
P13569	L636C	0.2652	benign
P13569	L636D	0.3844	ambiguous
P13569	L636E	0.1574	benign
P13569	L636F	0.1	benign
P13569	L636G	0.3298	benign
P13569	L636H	0.0942	benign
P13569	L636I	0.0746	benign
P13569	L636K	0.1086	benign
P13569	L636M	0.0899	benign
P13569	L636N	0.2109	benign
P13569	L636P	0.4943	ambiguous
P13569	L636Q	0.0644	benign
P13569	L636R	0.0806	benign
P13569	L636S	0.1246	benign
P13569	L636T	0.1245	benign
P13569	L636V	0.0846	benign
P13569	L636W	0.1463	benign
P13569	L636Y	0.2109	benign
P13569	Q637A	0.3557	ambiguous
P13569	Q637C	0.2839	benign
P13569	Q637D	0.5883	pathogenic
P13569	Q637E	0.1453	benign
P13569	Q637F	0.5665	pathogenic
P13569	Q637G	0.2713	benign
P13569	Q637H	0.1506	benign
P13569	Q637I	0.417	ambiguous
P13569	Q637K	0.0828	benign
P13569	Q637L	0.1623	benign
P13569	Q637M	0.3956	ambiguous
P13569	Q637N	0.4212	ambiguous
P13569	Q637P	0.3344	benign
P13569	Q637R	0.0491	benign
P13569	Q637S	0.3656	ambiguous
P13569	Q637T	0.306	benign
P13569	Q637V	0.347	ambiguous
P13569	Q637W	0.229	benign
P13569	Q637Y	0.3223	benign
P13569	P638A	0.1254	benign
P13569	P638C	0.5283	ambiguous
P13569	P638D	0.4912	ambiguous
P13569	P638E	0.3197	benign
P13569	P638F	0.6035	pathogenic
P13569	P638G	0.3498	ambiguous
P13569	P638H	0.2106	benign
P13569	P638I	0.4244	ambiguous
P13569	P638K	0.2584	benign
P13569	P638L	0.1623	benign
P13569	P638M	0.3964	ambiguous
P13569	P638N	0.4112	ambiguous
P13569	P638Q	0.1916	benign
P13569	P638R	0.1737	benign
P13569	P638S	0.1895	benign
P13569	P638T	0.1422	benign
P13569	P638V	0.3102	benign
P13569	P638W	0.6619	pathogenic
P13569	P638Y	0.4932	ambiguous
P13569	D639A	0.1545	benign
P13569	D639C	0.4838	ambiguous
P13569	D639E	0.2075	benign
P13569	D639F	0.4954	ambiguous
P13569	D639G	0.1443	benign
P13569	D639H	0.2138	benign
P13569	D639I	0.3025	benign
P13569	D639K	0.3352	benign
P13569	D639L	0.3068	benign
P13569	D639M	0.609	pathogenic
P13569	D639N	0.0893	benign
P13569	D639P	0.592	pathogenic
P13569	D639Q	0.3172	benign
P13569	D639R	0.308	benign
P13569	D639S	0.1078	benign
P13569	D639T	0.246	benign
P13569	D639V	0.1752	benign
P13569	D639W	0.8502	pathogenic
P13569	D639Y	0.1765	benign
P13569	F640A	0.7641	pathogenic
P13569	F640C	0.5264	ambiguous
P13569	F640D	0.9039	pathogenic
P13569	F640E	0.9333	pathogenic
P13569	F640G	0.8902	pathogenic
P13569	F640H	0.841	pathogenic
P13569	F640I	0.2004	benign
P13569	F640K	0.9301	pathogenic
P13569	F640L	0.8428	pathogenic
P13569	F640M	0.6515	pathogenic
P13569	F640N	0.8386	pathogenic
P13569	F640P	0.9743	pathogenic
P13569	F640Q	0.9189	pathogenic
P13569	F640R	0.8716	pathogenic
P13569	F640S	0.6755	pathogenic
P13569	F640T	0.7131	pathogenic
P13569	F640V	0.2485	benign
P13569	F640W	0.7045	pathogenic
P13569	F640Y	0.3539	ambiguous
P13569	S641A	0.1026	benign
P13569	S641C	0.1086	benign
P13569	S641D	0.5442	ambiguous
P13569	S641E	0.6141	pathogenic
P13569	S641F	0.1963	benign
P13569	S641G	0.1229	benign
P13569	S641H	0.3514	ambiguous
P13569	S641I	0.1701	benign
P13569	S641K	0.7123	pathogenic
P13569	S641L	0.1031	benign
P13569	S641M	0.274	benign
P13569	S641N	0.2288	benign
P13569	S641P	0.1673	benign
P13569	S641Q	0.5673	pathogenic
P13569	S641R	0.5636	ambiguous
P13569	S641T	0.0907	benign
P13569	S641V	0.2019	benign
P13569	S641W	0.2998	benign
P13569	S641Y	0.1808	benign
P13569	S642A	0.0782	benign
P13569	S642C	0.1081	benign
P13569	S642D	0.3764	ambiguous
P13569	S642E	0.4053	ambiguous
P13569	S642F	0.1996	benign
P13569	S642G	0.1007	benign
P13569	S642H	0.3087	benign
P13569	S642I	0.2331	benign
P13569	S642K	0.5116	ambiguous
P13569	S642L	0.1002	benign
P13569	S642M	0.2296	benign
P13569	S642N	0.1798	benign
P13569	S642P	0.2932	benign
P13569	S642Q	0.4166	ambiguous
P13569	S642R	0.41	ambiguous
P13569	S642T	0.1004	benign
P13569	S642V	0.1983	benign
P13569	S642W	0.2664	benign
P13569	S642Y	0.1643	benign
P13569	K643A	0.281	benign
P13569	K643C	0.5773	pathogenic
P13569	K643D	0.4687	ambiguous
P13569	K643E	0.1237	benign
P13569	K643F	0.6361	pathogenic
P13569	K643G	0.3847	ambiguous
P13569	K643H	0.2476	benign
P13569	K643I	0.2844	benign
P13569	K643L	0.2274	benign
P13569	K643M	0.176	benign
P13569	K643N	0.3242	benign
P13569	K643P	0.6676	pathogenic
P13569	K643Q	0.1081	benign
P13569	K643R	0.0787	benign
P13569	K643S	0.3107	benign
P13569	K643T	0.1605	benign
P13569	K643V	0.2635	benign
P13569	K643W	0.659	pathogenic
P13569	K643Y	0.4587	ambiguous
P13569	L644A	0.599	pathogenic
P13569	L644C	0.7507	pathogenic
P13569	L644D	0.9229	pathogenic
P13569	L644E	0.7324	pathogenic
P13569	L644F	0.2485	benign
P13569	L644G	0.8251	pathogenic
P13569	L644H	0.5901	pathogenic
P13569	L644I	0.122	benign
P13569	L644K	0.6338	pathogenic
P13569	L644M	0.1618	benign
P13569	L644N	0.7788	pathogenic
P13569	L644P	0.7345	pathogenic
P13569	L644Q	0.4683	ambiguous
P13569	L644R	0.5188	ambiguous
P13569	L644S	0.7297	pathogenic
P13569	L644T	0.6038	pathogenic
P13569	L644V	0.1577	benign
P13569	L644W	0.3952	ambiguous
P13569	L644Y	0.5879	pathogenic
P13569	M645A	0.3948	ambiguous
P13569	M645C	0.7589	pathogenic
P13569	M645D	0.8399	pathogenic
P13569	M645E	0.5282	ambiguous
P13569	M645F	0.3767	ambiguous
P13569	M645G	0.6198	pathogenic
P13569	M645H	0.535	ambiguous
P13569	M645I	0.4208	ambiguous
P13569	M645K	0.2372	benign
P13569	M645L	0.1113	benign
P13569	M645N	0.6095	pathogenic
P13569	M645P	0.7078	pathogenic
P13569	M645Q	0.2758	benign
P13569	M645R	0.1835	benign
P13569	M645S	0.4357	ambiguous
P13569	M645T	0.2032	benign
P13569	M645V	0.1468	benign
P13569	M645W	0.5741	pathogenic
P13569	M645Y	0.6542	pathogenic
P13569	G646A	0.1891	benign
P13569	G646C	0.2923	benign
P13569	G646D	0.261	benign
P13569	G646E	0.3157	benign
P13569	G646F	0.6616	pathogenic
P13569	G646H	0.5076	ambiguous
P13569	G646I	0.4131	ambiguous
P13569	G646K	0.5896	pathogenic
P13569	G646L	0.5533	ambiguous
P13569	G646M	0.6236	pathogenic
P13569	G646N	0.3861	ambiguous
P13569	G646P	0.8167	pathogenic
P13569	G646Q	0.4684	ambiguous
P13569	G646R	0.4169	ambiguous
P13569	G646S	0.1492	benign
P13569	G646T	0.2939	benign
P13569	G646V	0.2794	benign
P13569	G646W	0.4895	ambiguous
P13569	G646Y	0.5001	ambiguous
P13569	C647A	0.2187	benign
P13569	C647D	0.1928	benign
P13569	C647E	0.3355	benign
P13569	C647F	0.0662	benign
P13569	C647G	0.096	benign
P13569	C647H	0.1362	benign
P13569	C647I	0.2163	benign
P13569	C647K	0.3124	benign
P13569	C647L	0.2171	benign
P13569	C647M	0.3423	ambiguous
P13569	C647N	0.1502	benign
P13569	C647P	0.4137	ambiguous
P13569	C647Q	0.2234	benign
P13569	C647R	0.1365	benign
P13569	C647S	0.1233	benign
P13569	C647T	0.2272	benign
P13569	C647V	0.226	benign
P13569	C647W	0.1332	benign
P13569	C647Y	0.052	benign
P13569	D648A	0.159	benign
P13569	D648C	0.4035	ambiguous
P13569	D648E	0.1586	benign
P13569	D648F	0.4272	ambiguous
P13569	D648G	0.1262	benign
P13569	D648H	0.1811	benign
P13569	D648I	0.2862	benign
P13569	D648K	0.2683	benign
P13569	D648L	0.3034	benign
P13569	D648M	0.5742	pathogenic
P13569	D648N	0.0957	benign
P13569	D648P	0.4578	ambiguous
P13569	D648Q	0.2631	benign
P13569	D648R	0.2487	benign
P13569	D648S	0.1033	benign
P13569	D648T	0.21	benign
P13569	D648V	0.1813	benign
P13569	D648W	0.7666	pathogenic
P13569	D648Y	0.1612	benign
P13569	S649A	0.0721	benign
P13569	S649C	0.0785	benign
P13569	S649D	0.2331	benign
P13569	S649E	0.3528	ambiguous
P13569	S649F	0.1108	benign
P13569	S649G	0.0841	benign
P13569	S649H	0.2061	benign
P13569	S649I	0.1297	benign
P13569	S649K	0.4471	ambiguous
P13569	S649L	0.0898	benign
P13569	S649M	0.1985	benign
P13569	S649N	0.1205	benign
P13569	S649P	0.1519	benign
P13569	S649Q	0.372	ambiguous
P13569	S649R	0.3342	benign
P13569	S649T	0.0788	benign
P13569	S649V	0.1321	benign
P13569	S649W	0.1917	benign
P13569	S649Y	0.0811	benign
P13569	F650A	0.5802	pathogenic
P13569	F650C	0.489	ambiguous
P13569	F650D	0.8024	pathogenic
P13569	F650E	0.8511	pathogenic
P13569	F650G	0.7761	pathogenic
P13569	F650H	0.7227	pathogenic
P13569	F650I	0.3058	benign
P13569	F650K	0.8752	pathogenic
P13569	F650L	0.8455	pathogenic
P13569	F650M	0.6171	pathogenic
P13569	F650N	0.749	pathogenic
P13569	F650P	0.9165	pathogenic
P13569	F650Q	0.8415	pathogenic
P13569	F650R	0.772	pathogenic
P13569	F650S	0.4358	ambiguous
P13569	F650T	0.568	pathogenic
P13569	F650V	0.2966	benign
P13569	F650W	0.4767	ambiguous
P13569	F650Y	0.1958	benign
P13569	D651A	0.4443	ambiguous
P13569	D651C	0.7463	pathogenic
P13569	D651E	0.3731	ambiguous
P13569	D651F	0.7482	pathogenic
P13569	D651G	0.32	benign
P13569	D651H	0.4355	ambiguous
P13569	D651I	0.6707	pathogenic
P13569	D651K	0.6791	pathogenic
P13569	D651L	0.5676	pathogenic
P13569	D651M	0.8697	pathogenic
P13569	D651N	0.2108	benign
P13569	D651P	0.7878	pathogenic
P13569	D651Q	0.5708	pathogenic
P13569	D651R	0.5979	pathogenic
P13569	D651S	0.2141	benign
P13569	D651T	0.5506	ambiguous
P13569	D651V	0.5062	ambiguous
P13569	D651W	0.92	pathogenic
P13569	D651Y	0.3594	ambiguous
P13569	Q652A	0.1512	benign
P13569	Q652C	0.3549	ambiguous
P13569	Q652D	0.1817	benign
P13569	Q652E	0.0757	benign
P13569	Q652F	0.4564	ambiguous
P13569	Q652G	0.1557	benign
P13569	Q652H	0.1085	benign
P13569	Q652I	0.2424	benign
P13569	Q652K	0.0796	benign
P13569	Q652L	0.1078	benign
P13569	Q652M	0.2764	benign
P13569	Q652N	0.1454	benign
P13569	Q652P	0.1144	benign
P13569	Q652R	0.0745	benign
P13569	Q652S	0.141	benign
P13569	Q652T	0.1254	benign
P13569	Q652V	0.1834	benign
P13569	Q652W	0.312	benign
P13569	Q652Y	0.2361	benign
P13569	F653A	0.5019	ambiguous
P13569	F653C	0.2167	benign
P13569	F653D	0.5774	pathogenic
P13569	F653E	0.6755	pathogenic
P13569	F653G	0.6321	pathogenic
P13569	F653H	0.4636	ambiguous
P13569	F653I	0.1498	benign
P13569	F653K	0.6982	pathogenic
P13569	F653L	0.7852	pathogenic
P13569	F653M	0.4988	ambiguous
P13569	F653N	0.4281	ambiguous
P13569	F653P	0.8735	pathogenic
P13569	F653Q	0.6323	pathogenic
P13569	F653R	0.6026	pathogenic
P13569	F653S	0.3506	ambiguous
P13569	F653T	0.4897	ambiguous
P13569	F653V	0.1723	benign
P13569	F653W	0.4099	ambiguous
P13569	F653Y	0.0867	benign
P13569	S654A	0.1206	benign
P13569	S654C	0.1117	benign
P13569	S654D	0.3296	benign
P13569	S654E	0.578	pathogenic
P13569	S654F	0.3321	benign
P13569	S654G	0.097	benign
P13569	S654H	0.3686	ambiguous
P13569	S654I	0.2494	benign
P13569	S654K	0.6753	pathogenic
P13569	S654L	0.1227	benign
P13569	S654M	0.2575	benign
P13569	S654N	0.1304	benign
P13569	S654P	0.1447	benign
P13569	S654Q	0.5801	pathogenic
P13569	S654R	0.577	pathogenic
P13569	S654T	0.0675	benign
P13569	S654V	0.253	benign
P13569	S654W	0.4091	ambiguous
P13569	S654Y	0.2707	benign
P13569	A655C	0.4281	ambiguous
P13569	A655D	0.2146	benign
P13569	A655E	0.1631	benign
P13569	A655F	0.3207	benign
P13569	A655G	0.149	benign
P13569	A655H	0.4068	ambiguous
P13569	A655I	0.2108	benign
P13569	A655K	0.3357	benign
P13569	A655L	0.1629	benign
P13569	A655M	0.2063	benign
P13569	A655N	0.26	benign
P13569	A655P	0.1046	benign
P13569	A655Q	0.2563	benign
P13569	A655R	0.2876	benign
P13569	A655S	0.098	benign
P13569	A655T	0.0888	benign
P13569	A655V	0.1054	benign
P13569	A655W	0.5983	pathogenic
P13569	A655Y	0.4301	ambiguous
P13569	E656A	0.1665	benign
P13569	E656C	0.7723	pathogenic
P13569	E656D	0.1082	benign
P13569	E656F	0.7046	pathogenic
P13569	E656G	0.1249	benign
P13569	E656H	0.4088	ambiguous
P13569	E656I	0.4083	ambiguous
P13569	E656K	0.1293	benign
P13569	E656L	0.3971	ambiguous
P13569	E656M	0.4862	ambiguous
P13569	E656N	0.2388	benign
P13569	E656P	0.4524	ambiguous
P13569	E656Q	0.1383	benign
P13569	E656R	0.212	benign
P13569	E656S	0.187	benign
P13569	E656T	0.2539	benign
P13569	E656V	0.245	benign
P13569	E656W	0.8231	pathogenic
P13569	E656Y	0.5622	ambiguous
P13569	R657A	0.6451	pathogenic
P13569	R657C	0.2366	benign
P13569	R657D	0.7876	pathogenic
P13569	R657E	0.4243	ambiguous
P13569	R657F	0.7396	pathogenic
P13569	R657G	0.3982	ambiguous
P13569	R657H	0.1595	benign
P13569	R657I	0.4585	ambiguous
P13569	R657K	0.1788	benign
P13569	R657L	0.3999	ambiguous
P13569	R657M	0.4381	ambiguous
P13569	R657N	0.7168	pathogenic
P13569	R657P	0.8468	pathogenic
P13569	R657Q	0.1236	benign
P13569	R657S	0.6978	pathogenic
P13569	R657T	0.4714	ambiguous
P13569	R657V	0.5754	pathogenic
P13569	R657W	0.2207	benign
P13569	R657Y	0.4737	ambiguous
P13569	R658A	0.826	pathogenic
P13569	R658C	0.2786	benign
P13569	R658D	0.9482	pathogenic
P13569	R658E	0.6435	pathogenic
P13569	R658F	0.8999	pathogenic
P13569	R658G	0.5946	pathogenic
P13569	R658H	0.2993	benign
P13569	R658I	0.6346	pathogenic
P13569	R658K	0.2445	benign
P13569	R658L	0.601	pathogenic
P13569	R658M	0.6614	pathogenic
P13569	R658N	0.9	pathogenic
P13569	R658P	0.8962	pathogenic
P13569	R658Q	0.161	benign
P13569	R658S	0.8712	pathogenic
P13569	R658T	0.7445	pathogenic
P13569	R658V	0.7642	pathogenic
P13569	R658W	0.3224	benign
P13569	R658Y	0.7149	pathogenic
P13569	N659A	0.219	benign
P13569	N659C	0.1907	benign
P13569	N659D	0.153	benign
P13569	N659E	0.3727	ambiguous
P13569	N659F	0.5112	ambiguous
P13569	N659G	0.2175	benign
P13569	N659H	0.1194	benign
P13569	N659I	0.2009	benign
P13569	N659K	0.278	benign
P13569	N659L	0.2436	benign
P13569	N659M	0.3379	benign
P13569	N659P	0.5953	pathogenic
P13569	N659Q	0.3292	benign
P13569	N659R	0.3153	benign
P13569	N659S	0.076	benign
P13569	N659T	0.1179	benign
P13569	N659V	0.2251	benign
P13569	N659W	0.7367	pathogenic
P13569	N659Y	0.1567	benign
P13569	S660A	0.1412	benign
P13569	S660C	0.2021	benign
P13569	S660D	0.7255	pathogenic
P13569	S660E	0.8219	pathogenic
P13569	S660F	0.4874	ambiguous
P13569	S660G	0.2256	benign
P13569	S660H	0.6809	pathogenic
P13569	S660I	0.4943	ambiguous
P13569	S660K	0.9345	pathogenic
P13569	S660L	0.2614	benign
P13569	S660M	0.4831	ambiguous
P13569	S660N	0.4522	ambiguous
P13569	S660P	0.698	pathogenic
P13569	S660Q	0.8176	pathogenic
P13569	S660R	0.8711	pathogenic
P13569	S660T	0.1742	benign
P13569	S660V	0.456	ambiguous
P13569	S660W	0.5932	pathogenic
P13569	S660Y	0.4067	ambiguous
P13569	I661A	0.6974	pathogenic
P13569	I661C	0.8542	pathogenic
P13569	I661D	0.9329	pathogenic
P13569	I661E	0.8999	pathogenic
P13569	I661F	0.2563	benign
P13569	I661G	0.9184	pathogenic
P13569	I661H	0.7879	pathogenic
P13569	I661K	0.7885	pathogenic
P13569	I661L	0.1662	benign
P13569	I661M	0.1867	benign
P13569	I661N	0.6737	pathogenic
P13569	I661P	0.8999	pathogenic
P13569	I661Q	0.814	pathogenic
P13569	I661R	0.6596	pathogenic
P13569	I661S	0.6624	pathogenic
P13569	I661T	0.687	pathogenic
P13569	I661V	0.1076	benign
P13569	I661W	0.8893	pathogenic
P13569	I661Y	0.6847	pathogenic
P13569	L662A	0.5955	pathogenic
P13569	L662C	0.7129	pathogenic
P13569	L662D	0.9327	pathogenic
P13569	L662E	0.7668	pathogenic
P13569	L662F	0.2079	benign
P13569	L662G	0.8616	pathogenic
P13569	L662H	0.5581	ambiguous
P13569	L662I	0.0781	benign
P13569	L662K	0.6436	pathogenic
P13569	L662M	0.1592	benign
P13569	L662N	0.7818	pathogenic
P13569	L662P	0.6517	pathogenic
P13569	L662Q	0.4915	ambiguous
P13569	L662R	0.5033	ambiguous
P13569	L662S	0.6869	pathogenic
P13569	L662T	0.575	pathogenic
P13569	L662V	0.1269	benign
P13569	L662W	0.4537	ambiguous
P13569	L662Y	0.6304	pathogenic
P13569	T663A	0.1294	benign
P13569	T663C	0.5233	ambiguous
P13569	T663D	0.4577	ambiguous
P13569	T663E	0.3561	ambiguous
P13569	T663F	0.4334	ambiguous
P13569	T663G	0.2962	benign
P13569	T663H	0.3191	benign
P13569	T663I	0.4583	ambiguous
P13569	T663K	0.2345	benign
P13569	T663L	0.1804	benign
P13569	T663M	0.127	benign
P13569	T663N	0.1588	benign
P13569	T663P	0.2749	benign
P13569	T663Q	0.2598	benign
P13569	T663R	0.1648	benign
P13569	T663S	0.1381	benign
P13569	T663V	0.3408	ambiguous
P13569	T663W	0.642	pathogenic
P13569	T663Y	0.4231	ambiguous
P13569	E664A	0.3014	benign
P13569	E664C	0.9495	pathogenic
P13569	E664D	0.3259	benign
P13569	E664F	0.9474	pathogenic
P13569	E664G	0.2588	benign
P13569	E664H	0.7238	pathogenic
P13569	E664I	0.8464	pathogenic
P13569	E664K	0.2469	benign
P13569	E664L	0.8012	pathogenic
P13569	E664M	0.801	pathogenic
P13569	E664N	0.5262	ambiguous
P13569	E664P	0.8978	pathogenic
P13569	E664Q	0.2416	benign
P13569	E664R	0.3886	ambiguous
P13569	E664S	0.3965	ambiguous
P13569	E664T	0.5533	ambiguous
P13569	E664V	0.6128	pathogenic
P13569	E664W	0.972	pathogenic
P13569	E664Y	0.8666	pathogenic
P13569	T665A	0.1293	benign
P13569	T665C	0.5686	pathogenic
P13569	T665D	0.6546	pathogenic
P13569	T665E	0.5339	ambiguous
P13569	T665F	0.4409	ambiguous
P13569	T665G	0.4413	ambiguous
P13569	T665H	0.4108	ambiguous
P13569	T665I	0.3089	benign
P13569	T665K	0.3603	ambiguous
P13569	T665L	0.2139	benign
P13569	T665M	0.1142	benign
P13569	T665N	0.2284	benign
P13569	T665P	0.4099	ambiguous
P13569	T665Q	0.4079	ambiguous
P13569	T665R	0.3015	benign
P13569	T665S	0.2168	benign
P13569	T665V	0.2487	benign
P13569	T665W	0.7705	pathogenic
P13569	T665Y	0.4427	ambiguous
P13569	L666A	0.6241	pathogenic
P13569	L666C	0.7171	pathogenic
P13569	L666D	0.9453	pathogenic
P13569	L666E	0.7955	pathogenic
P13569	L666F	0.1784	benign
P13569	L666G	0.8277	pathogenic
P13569	L666H	0.5905	pathogenic
P13569	L666I	0.1622	benign
P13569	L666K	0.6797	pathogenic
P13569	L666M	0.1888	benign
P13569	L666N	0.834	pathogenic
P13569	L666P	0.7232	pathogenic
P13569	L666Q	0.5111	ambiguous
P13569	L666R	0.5117	ambiguous
P13569	L666S	0.6867	pathogenic
P13569	L666T	0.6315	pathogenic
P13569	L666V	0.2001	benign
P13569	L666W	0.389	ambiguous
P13569	L666Y	0.6185	pathogenic
P13569	H667A	0.2837	benign
P13569	H667C	0.0899	benign
P13569	H667D	0.2785	benign
P13569	H667E	0.2785	benign
P13569	H667F	0.3053	benign
P13569	H667G	0.1783	benign
P13569	H667I	0.363	ambiguous
P13569	H667K	0.1663	benign
P13569	H667L	0.1195	benign
P13569	H667M	0.4877	ambiguous
P13569	H667N	0.1661	benign
P13569	H667P	0.2806	benign
P13569	H667Q	0.1094	benign
P13569	H667R	0.0466	benign
P13569	H667S	0.2211	benign
P13569	H667T	0.2918	benign
P13569	H667V	0.2961	benign
P13569	H667W	0.2025	benign
P13569	H667Y	0.0975	benign
P13569	R668A	0.4075	ambiguous
P13569	R668C	0.104	benign
P13569	R668D	0.5481	ambiguous
P13569	R668E	0.3754	ambiguous
P13569	R668F	0.4752	ambiguous
P13569	R668G	0.1994	benign
P13569	R668H	0.0792	benign
P13569	R668I	0.313	benign
P13569	R668K	0.1784	benign
P13569	R668L	0.2239	benign
P13569	R668M	0.3973	ambiguous
P13569	R668N	0.4473	ambiguous
P13569	R668P	0.5562	ambiguous
P13569	R668Q	0.1033	benign
P13569	R668S	0.3754	ambiguous
P13569	R668T	0.3013	benign
P13569	R668V	0.418	ambiguous
P13569	R668W	0.1568	benign
P13569	R668Y	0.2632	benign
P13569	F669A	0.4186	ambiguous
P13569	F669C	0.1468	benign
P13569	F669D	0.6026	pathogenic
P13569	F669E	0.704	pathogenic
P13569	F669G	0.5618	ambiguous
P13569	F669H	0.4712	ambiguous
P13569	F669I	0.1159	benign
P13569	F669K	0.6748	pathogenic
P13569	F669L	0.6543	pathogenic
P13569	F669M	0.4162	ambiguous
P13569	F669N	0.4501	ambiguous
P13569	F669P	0.8495	pathogenic
P13569	F669Q	0.6171	pathogenic
P13569	F669R	0.5387	ambiguous
P13569	F669S	0.3003	benign
P13569	F669T	0.4206	ambiguous
P13569	F669V	0.1326	benign
P13569	F669W	0.4027	ambiguous
P13569	F669Y	0.1467	benign
P13569	S670A	0.1114	benign
P13569	S670C	0.1202	benign
P13569	S670D	0.6019	pathogenic
P13569	S670E	0.6781	pathogenic
P13569	S670F	0.2224	benign
P13569	S670G	0.1789	benign
P13569	S670H	0.4164	ambiguous
P13569	S670I	0.2816	benign
P13569	S670K	0.7986	pathogenic
P13569	S670L	0.1113	benign
P13569	S670M	0.3518	ambiguous
P13569	S670N	0.3642	ambiguous
P13569	S670P	0.2238	benign
P13569	S670Q	0.6303	pathogenic
P13569	S670R	0.6612	pathogenic
P13569	S670T	0.1291	benign
P13569	S670V	0.2614	benign
P13569	S670W	0.3595	ambiguous
P13569	S670Y	0.1968	benign
P13569	L671A	0.1319	benign
P13569	L671C	0.2623	benign
P13569	L671D	0.3889	ambiguous
P13569	L671E	0.2147	benign
P13569	L671F	0.0792	benign
P13569	L671G	0.254	benign
P13569	L671H	0.1267	benign
P13569	L671I	0.0692	benign
P13569	L671K	0.1573	benign
P13569	L671M	0.0922	benign
P13569	L671N	0.2231	benign
P13569	L671P	0.1548	benign
P13569	L671Q	0.1045	benign
P13569	L671R	0.1086	benign
P13569	L671S	0.1294	benign
P13569	L671T	0.123	benign
P13569	L671V	0.0717	benign
P13569	L671W	0.1173	benign
P13569	L671Y	0.2134	benign
P13569	E672A	0.1239	benign
P13569	E672C	0.6438	pathogenic
P13569	E672D	0.0967	benign
P13569	E672F	0.5869	pathogenic
P13569	E672G	0.0962	benign
P13569	E672H	0.29	benign
P13569	E672I	0.324	benign
P13569	E672K	0.1057	benign
P13569	E672L	0.3022	benign
P13569	E672M	0.4024	ambiguous
P13569	E672N	0.1967	benign
P13569	E672P	0.331	benign
P13569	E672Q	0.1173	benign
P13569	E672R	0.1652	benign
P13569	E672S	0.1471	benign
P13569	E672T	0.1827	benign
P13569	E672V	0.1923	benign
P13569	E672W	0.7324	pathogenic
P13569	E672Y	0.4455	ambiguous
P13569	G673A	0.1086	benign
P13569	G673C	0.162	benign
P13569	G673D	0.1194	benign
P13569	G673E	0.1174	benign
P13569	G673F	0.4168	ambiguous
P13569	G673H	0.2545	benign
P13569	G673I	0.1985	benign
P13569	G673K	0.2028	benign
P13569	G673L	0.3249	benign
P13569	G673M	0.3325	benign
P13569	G673N	0.1806	benign
P13569	G673P	0.5043	ambiguous
P13569	G673Q	0.2164	benign
P13569	G673R	0.1554	benign
P13569	G673S	0.0972	benign
P13569	G673T	0.1259	benign
P13569	G673V	0.134	benign
P13569	G673W	0.2555	benign
P13569	G673Y	0.2577	benign
P13569	D674A	0.0965	benign
P13569	D674C	0.2754	benign
P13569	D674E	0.1114	benign
P13569	D674F	0.2611	benign
P13569	D674G	0.0874	benign
P13569	D674H	0.1321	benign
P13569	D674I	0.1616	benign
P13569	D674K	0.1666	benign
P13569	D674L	0.187	benign
P13569	D674M	0.3445	ambiguous
P13569	D674N	0.0713	benign
P13569	D674P	0.3344	benign
P13569	D674Q	0.1881	benign
P13569	D674R	0.1719	benign
P13569	D674S	0.0819	benign
P13569	D674T	0.1277	benign
P13569	D674V	0.1056	benign
P13569	D674W	0.6236	pathogenic
P13569	D674Y	0.1082	benign
P13569	A675C	0.2228	benign
P13569	A675D	0.1199	benign
P13569	A675E	0.1381	benign
P13569	A675F	0.1294	benign
P13569	A675G	0.0865	benign
P13569	A675H	0.2013	benign
P13569	A675I	0.1072	benign
P13569	A675K	0.1765	benign
P13569	A675L	0.087	benign
P13569	A675M	0.1194	benign
P13569	A675N	0.1142	benign
P13569	A675P	0.1006	benign
P13569	A675Q	0.1777	benign
P13569	A675R	0.1605	benign
P13569	A675S	0.071	benign
P13569	A675T	0.0638	benign
P13569	A675V	0.073	benign
P13569	A675W	0.397	ambiguous
P13569	A675Y	0.1874	benign
P13569	P676A	0.043	benign
P13569	P676C	0.1739	benign
P13569	P676D	0.1734	benign
P13569	P676E	0.142	benign
P13569	P676F	0.1683	benign
P13569	P676G	0.1049	benign
P13569	P676H	0.1008	benign
P13569	P676I	0.1129	benign
P13569	P676K	0.1323	benign
P13569	P676L	0.0723	benign
P13569	P676M	0.1224	benign
P13569	P676N	0.124	benign
P13569	P676Q	0.1017	benign
P13569	P676R	0.1008	benign
P13569	P676S	0.0603	benign
P13569	P676T	0.0521	benign
P13569	P676V	0.0884	benign
P13569	P676W	0.2856	benign
P13569	P676Y	0.1669	benign
P13569	V677A	0.0812	benign
P13569	V677C	0.3664	ambiguous
P13569	V677D	0.1211	benign
P13569	V677E	0.1413	benign
P13569	V677F	0.0792	benign
P13569	V677G	0.0856	benign
P13569	V677H	0.2381	benign
P13569	V677I	0.0726	benign
P13569	V677K	0.1545	benign
P13569	V677L	0.0942	benign
P13569	V677M	0.0971	benign
P13569	V677N	0.1064	benign
P13569	V677P	0.1543	benign
P13569	V677Q	0.1598	benign
P13569	V677R	0.1299	benign
P13569	V677S	0.0871	benign
P13569	V677T	0.1011	benign
P13569	V677W	0.4394	ambiguous
P13569	V677Y	0.2415	benign
P13569	S678A	0.0686	benign
P13569	S678C	0.0756	benign
P13569	S678D	0.2153	benign
P13569	S678E	0.2616	benign
P13569	S678F	0.0998	benign
P13569	S678G	0.085	benign
P13569	S678H	0.1682	benign
P13569	S678I	0.1025	benign
P13569	S678K	0.3069	benign
P13569	S678L	0.0696	benign
P13569	S678M	0.1559	benign
P13569	S678N	0.1117	benign
P13569	S678P	0.0623	benign
P13569	S678Q	0.2453	benign
P13569	S678R	0.2443	benign
P13569	S678T	0.0732	benign
P13569	S678V	0.1045	benign
P13569	S678W	0.1644	benign
P13569	S678Y	0.0959	benign
P13569	W679A	0.1381	benign
P13569	W679C	0.2485	benign
P13569	W679D	0.2362	benign
P13569	W679E	0.2164	benign
P13569	W679F	0.1192	benign
P13569	W679G	0.0726	benign
P13569	W679H	0.2179	benign
P13569	W679I	0.1822	benign
P13569	W679K	0.1726	benign
P13569	W679L	0.1145	benign
P13569	W679M	0.2109	benign
P13569	W679N	0.2312	benign
P13569	W679P	0.2516	benign
P13569	W679Q	0.176	benign
P13569	W679R	0.13	benign
P13569	W679S	0.1112	benign
P13569	W679T	0.1402	benign
P13569	W679V	0.1461	benign
P13569	W679Y	0.1877	benign
P13569	T680A	0.0678	benign
P13569	T680C	0.1805	benign
P13569	T680D	0.1248	benign
P13569	T680E	0.1345	benign
P13569	T680F	0.1524	benign
P13569	T680G	0.1081	benign
P13569	T680H	0.092	benign
P13569	T680I	0.101	benign
P13569	T680K	0.087	benign
P13569	T680L	0.077	benign
P13569	T680M	0.082	benign
P13569	T680N	0.0476	benign
P13569	T680P	0.0765	benign
P13569	T680Q	0.1123	benign
P13569	T680R	0.0751	benign
P13569	T680S	0.0732	benign
P13569	T680V	0.104	benign
P13569	T680W	0.2949	benign
P13569	T680Y	0.118	benign
P13569	E681A	0.1061	benign
P13569	E681C	0.6462	pathogenic
P13569	E681D	0.0944	benign
P13569	E681F	0.5171	ambiguous
P13569	E681G	0.0793	benign
P13569	E681H	0.2827	benign
P13569	E681I	0.2369	benign
P13569	E681K	0.0807	benign
P13569	E681L	0.2535	benign
P13569	E681M	0.3021	benign
P13569	E681N	0.1455	benign
P13569	E681P	0.2588	benign
P13569	E681Q	0.11	benign
P13569	E681R	0.1352	benign
P13569	E681S	0.1254	benign
P13569	E681T	0.14	benign
P13569	E681V	0.1462	benign
P13569	E681W	0.686	pathogenic
P13569	E681Y	0.3774	ambiguous
P13569	T682A	0.0679	benign
P13569	T682C	0.2667	benign
P13569	T682D	0.1812	benign
P13569	T682E	0.1376	benign
P13569	T682F	0.1654	benign
P13569	T682G	0.1213	benign
P13569	T682H	0.1512	benign
P13569	T682I	0.1086	benign
P13569	T682K	0.0985	benign
P13569	T682L	0.0864	benign
P13569	T682M	0.0835	benign
P13569	T682N	0.0789	benign
P13569	T682P	0.0754	benign
P13569	T682Q	0.1192	benign
P13569	T682R	0.0815	benign
P13569	T682S	0.0902	benign
P13569	T682V	0.1046	benign
P13569	T682W	0.321	benign
P13569	T682Y	0.162	benign
P13569	K683A	0.2107	benign
P13569	K683C	0.5253	ambiguous
P13569	K683D	0.3514	ambiguous
P13569	K683E	0.0993	benign
P13569	K683F	0.6009	pathogenic
P13569	K683G	0.1883	benign
P13569	K683H	0.2728	benign
P13569	K683I	0.2648	benign
P13569	K683L	0.2607	benign
P13569	K683M	0.2004	benign
P13569	K683N	0.2561	benign
P13569	K683P	0.3215	benign
P13569	K683Q	0.0969	benign
P13569	K683R	0.0627	benign
P13569	K683S	0.2467	benign
P13569	K683T	0.1468	benign
P13569	K683V	0.2409	benign
P13569	K683W	0.5357	ambiguous
P13569	K683Y	0.4653	ambiguous
P13569	K684A	0.2668	benign
P13569	K684C	0.5317	ambiguous
P13569	K684D	0.4125	ambiguous
P13569	K684E	0.1431	benign
P13569	K684F	0.5171	ambiguous
P13569	K684G	0.2596	benign
P13569	K684H	0.2414	benign
P13569	K684I	0.223	benign
P13569	K684L	0.2303	benign
P13569	K684M	0.1701	benign
P13569	K684N	0.2376	benign
P13569	K684P	0.3698	ambiguous
P13569	K684Q	0.1052	benign
P13569	K684R	0.071	benign
P13569	K684S	0.2823	benign
P13569	K684T	0.1511	benign
P13569	K684V	0.2449	benign
P13569	K684W	0.5435	ambiguous
P13569	K684Y	0.3719	ambiguous
P13569	Q685A	0.1137	benign
P13569	Q685C	0.3702	ambiguous
P13569	Q685D	0.2059	benign
P13569	Q685E	0.0828	benign
P13569	Q685F	0.3923	ambiguous
P13569	Q685G	0.1441	benign
P13569	Q685H	0.1349	benign
P13569	Q685I	0.1806	benign
P13569	Q685K	0.076	benign
P13569	Q685L	0.0864	benign
P13569	Q685M	0.2111	benign
P13569	Q685N	0.1469	benign
P13569	Q685P	0.0621	benign
P13569	Q685R	0.0891	benign
P13569	Q685S	0.1274	benign
P13569	Q685T	0.1078	benign
P13569	Q685V	0.1355	benign
P13569	Q685W	0.3156	benign
P13569	Q685Y	0.2316	benign
P13569	S686A	0.085	benign
P13569	S686C	0.1067	benign
P13569	S686D	0.419	ambiguous
P13569	S686E	0.5217	ambiguous
P13569	S686F	0.1678	benign
P13569	S686G	0.1233	benign
P13569	S686H	0.3349	benign
P13569	S686I	0.1741	benign
P13569	S686K	0.6427	pathogenic
P13569	S686L	0.1028	benign
P13569	S686M	0.244	benign
P13569	S686N	0.1874	benign
P13569	S686P	0.0928	benign
P13569	S686Q	0.5	ambiguous
P13569	S686R	0.5741	pathogenic
P13569	S686T	0.0946	benign
P13569	S686V	0.167	benign
P13569	S686W	0.2803	benign
P13569	S686Y	0.1286	benign
P13569	F687A	0.3561	ambiguous
P13569	F687C	0.2394	benign
P13569	F687D	0.5862	pathogenic
P13569	F687E	0.6461	pathogenic
P13569	F687G	0.484	ambiguous
P13569	F687H	0.4601	ambiguous
P13569	F687I	0.1566	benign
P13569	F687K	0.594	pathogenic
P13569	F687L	0.7084	pathogenic
P13569	F687M	0.4383	ambiguous
P13569	F687N	0.4471	ambiguous
P13569	F687P	0.6905	pathogenic
P13569	F687Q	0.5408	ambiguous
P13569	F687R	0.4281	ambiguous
P13569	F687S	0.2357	benign
P13569	F687T	0.3739	ambiguous
P13569	F687V	0.1578	benign
P13569	F687W	0.3326	benign
P13569	F687Y	0.1377	benign
P13569	K688A	0.423	ambiguous
P13569	K688C	0.6398	pathogenic
P13569	K688D	0.7096	pathogenic
P13569	K688E	0.2426	benign
P13569	K688F	0.7101	pathogenic
P13569	K688G	0.47	ambiguous
P13569	K688H	0.3162	benign
P13569	K688I	0.3556	ambiguous
P13569	K688L	0.3405	ambiguous
P13569	K688M	0.3	benign
P13569	K688N	0.5602	ambiguous
P13569	K688P	0.5297	ambiguous
P13569	K688Q	0.1264	benign
P13569	K688R	0.069	benign
P13569	K688S	0.4682	ambiguous
P13569	K688T	0.2518	benign
P13569	K688V	0.3771	ambiguous
P13569	K688W	0.6941	pathogenic
P13569	K688Y	0.5944	pathogenic
P13569	Q689A	0.2065	benign
P13569	Q689C	0.6319	pathogenic
P13569	Q689D	0.3463	ambiguous
P13569	Q689E	0.0935	benign
P13569	Q689F	0.6808	pathogenic
P13569	Q689G	0.2265	benign
P13569	Q689H	0.235	benign
P13569	Q689I	0.3392	benign
P13569	Q689K	0.1067	benign
P13569	Q689L	0.1631	benign
P13569	Q689M	0.3354	benign
P13569	Q689N	0.2425	benign
P13569	Q689P	0.0953	benign
P13569	Q689R	0.1267	benign
P13569	Q689S	0.2425	benign
P13569	Q689T	0.1981	benign
P13569	Q689V	0.2454	benign
P13569	Q689W	0.5652	pathogenic
P13569	Q689Y	0.4268	ambiguous
P13569	T690A	0.0786	benign
P13569	T690C	0.3163	benign
P13569	T690D	0.2578	benign
P13569	T690E	0.2126	benign
P13569	T690F	0.2057	benign
P13569	T690G	0.1804	benign
P13569	T690H	0.1913	benign
P13569	T690I	0.1428	benign
P13569	T690K	0.1372	benign
P13569	T690L	0.1087	benign
P13569	T690M	0.0983	benign
P13569	T690N	0.0981	benign
P13569	T690P	0.0851	benign
P13569	T690Q	0.1708	benign
P13569	T690R	0.1126	benign
P13569	T690S	0.1012	benign
P13569	T690V	0.1314	benign
P13569	T690W	0.4362	ambiguous
P13569	T690Y	0.2183	benign
P13569	G691A	0.0947	benign
P13569	G691C	0.1649	benign
P13569	G691D	0.1529	benign
P13569	G691E	0.1311	benign
P13569	G691F	0.3861	ambiguous
P13569	G691H	0.2716	benign
P13569	G691I	0.1777	benign
P13569	G691K	0.1903	benign
P13569	G691L	0.2428	benign
P13569	G691M	0.2884	benign
P13569	G691N	0.2128	benign
P13569	G691P	0.3442	ambiguous
P13569	G691Q	0.1936	benign
P13569	G691R	0.1263	benign
P13569	G691S	0.0915	benign
P13569	G691T	0.1113	benign
P13569	G691V	0.1173	benign
P13569	G691W	0.2147	benign
P13569	G691Y	0.2692	benign
P13569	E692A	0.116	benign
P13569	E692C	0.5946	pathogenic
P13569	E692D	0.0744	benign
P13569	E692F	0.4429	ambiguous
P13569	E692G	0.1046	benign
P13569	E692H	0.2871	benign
P13569	E692I	0.1851	benign
P13569	E692K	0.1193	benign
P13569	E692L	0.2354	benign
P13569	E692M	0.2987	benign
P13569	E692N	0.1363	benign
P13569	E692P	0.3177	benign
P13569	E692Q	0.1319	benign
P13569	E692R	0.1902	benign
P13569	E692S	0.1239	benign
P13569	E692T	0.1456	benign
P13569	E692V	0.127	benign
P13569	E692W	0.7019	pathogenic
P13569	E692Y	0.3104	benign
P13569	F693A	0.1145	benign
P13569	F693C	0.1569	benign
P13569	F693D	0.1985	benign
P13569	F693E	0.346	ambiguous
P13569	F693G	0.2381	benign
P13569	F693H	0.2757	benign
P13569	F693I	0.0695	benign
P13569	F693K	0.3574	ambiguous
P13569	F693L	0.4856	ambiguous
P13569	F693M	0.2276	benign
P13569	F693N	0.1623	benign
P13569	F693P	0.3699	ambiguous
P13569	F693Q	0.3481	ambiguous
P13569	F693R	0.2789	benign
P13569	F693S	0.0909	benign
P13569	F693T	0.0955	benign
P13569	F693V	0.0868	benign
P13569	F693W	0.2345	benign
P13569	F693Y	0.0891	benign
P13569	G694A	0.0997	benign
P13569	G694C	0.1335	benign
P13569	G694D	0.1642	benign
P13569	G694E	0.1413	benign
P13569	G694F	0.3518	ambiguous
P13569	G694H	0.2256	benign
P13569	G694I	0.1611	benign
P13569	G694K	0.2043	benign
P13569	G694L	0.2182	benign
P13569	G694M	0.2977	benign
P13569	G694N	0.2162	benign
P13569	G694P	0.3223	benign
P13569	G694Q	0.1801	benign
P13569	G694R	0.12	benign
P13569	G694S	0.091	benign
P13569	G694T	0.1124	benign
P13569	G694V	0.1169	benign
P13569	G694W	0.1837	benign
P13569	G694Y	0.2368	benign
P13569	E695A	0.2154	benign
P13569	E695C	0.8114	pathogenic
P13569	E695D	0.116	benign
P13569	E695F	0.685	pathogenic
P13569	E695G	0.1308	benign
P13569	E695H	0.4735	ambiguous
P13569	E695I	0.3775	ambiguous
P13569	E695K	0.1455	benign
P13569	E695L	0.3876	ambiguous
P13569	E695M	0.4846	ambiguous
P13569	E695N	0.2356	benign
P13569	E695P	0.4871	ambiguous
P13569	E695Q	0.1613	benign
P13569	E695R	0.2336	benign
P13569	E695S	0.2111	benign
P13569	E695T	0.2759	benign
P13569	E695V	0.241	benign
P13569	E695W	0.8206	pathogenic
P13569	E695Y	0.5529	ambiguous
P13569	K696A	0.2893	benign
P13569	K696C	0.5961	pathogenic
P13569	K696D	0.3807	ambiguous
P13569	K696E	0.1412	benign
P13569	K696F	0.6094	pathogenic
P13569	K696G	0.286	benign
P13569	K696H	0.2756	benign
P13569	K696I	0.2563	benign
P13569	K696L	0.2913	benign
P13569	K696M	0.1949	benign
P13569	K696N	0.2263	benign
P13569	K696P	0.4598	ambiguous
P13569	K696Q	0.1233	benign
P13569	K696R	0.0786	benign
P13569	K696S	0.2909	benign
P13569	K696T	0.1606	benign
P13569	K696V	0.2713	benign
P13569	K696W	0.6089	pathogenic
P13569	K696Y	0.4459	ambiguous
P13569	R697A	0.5898	pathogenic
P13569	R697C	0.2779	benign
P13569	R697D	0.7712	pathogenic
P13569	R697E	0.3962	ambiguous
P13569	R697F	0.6931	pathogenic
P13569	R697G	0.2853	benign
P13569	R697H	0.1886	benign
P13569	R697I	0.3816	ambiguous
P13569	R697K	0.1407	benign
P13569	R697L	0.4165	ambiguous
P13569	R697M	0.3583	ambiguous
P13569	R697N	0.6777	pathogenic
P13569	R697P	0.5713	pathogenic
P13569	R697Q	0.1234	benign
P13569	R697S	0.6697	pathogenic
P13569	R697T	0.4452	ambiguous
P13569	R697V	0.5352	ambiguous
P13569	R697W	0.1919	benign
P13569	R697Y	0.4919	ambiguous
P13569	K698A	0.5746	pathogenic
P13569	K698C	0.8161	pathogenic
P13569	K698D	0.7207	pathogenic
P13569	K698E	0.2707	benign
P13569	K698F	0.8742	pathogenic
P13569	K698G	0.5148	ambiguous
P13569	K698H	0.5179	ambiguous
P13569	K698I	0.5583	ambiguous
P13569	K698L	0.5649	pathogenic
P13569	K698M	0.4002	ambiguous
P13569	K698N	0.5402	ambiguous
P13569	K698P	0.6529	pathogenic
P13569	K698Q	0.195	benign
P13569	K698R	0.0968	benign
P13569	K698S	0.5728	pathogenic
P13569	K698T	0.372	ambiguous
P13569	K698V	0.5722	pathogenic
P13569	K698W	0.8135	pathogenic
P13569	K698Y	0.7622	pathogenic
P13569	N699A	0.1666	benign
P13569	N699C	0.1889	benign
P13569	N699D	0.1461	benign
P13569	N699E	0.3427	ambiguous
P13569	N699F	0.3576	ambiguous
P13569	N699G	0.1981	benign
P13569	N699H	0.1072	benign
P13569	N699I	0.1345	benign
P13569	N699K	0.2222	benign
P13569	N699L	0.1855	benign
P13569	N699M	0.2471	benign
P13569	N699P	0.2477	benign
P13569	N699Q	0.2851	benign
P13569	N699R	0.2747	benign
P13569	N699S	0.0829	benign
P13569	N699T	0.0993	benign
P13569	N699V	0.1548	benign
P13569	N699W	0.633	pathogenic
P13569	N699Y	0.102	benign
P13569	S700A	0.1103	benign
P13569	S700C	0.1541	benign
P13569	S700D	0.64	pathogenic
P13569	S700E	0.7507	pathogenic
P13569	S700F	0.2779	benign
P13569	S700G	0.168	benign
P13569	S700H	0.5372	ambiguous
P13569	S700I	0.2784	benign
P13569	S700K	0.8396	pathogenic
P13569	S700L	0.147	benign
P13569	S700M	0.3256	benign
P13569	S700N	0.3174	benign
P13569	S700P	0.2265	benign
P13569	S700Q	0.7205	pathogenic
P13569	S700R	0.7752	pathogenic
P13569	S700T	0.1126	benign
P13569	S700V	0.2499	benign
P13569	S700W	0.4216	ambiguous
P13569	S700Y	0.217	benign
P13569	I701A	0.3818	ambiguous
P13569	I701C	0.6519	pathogenic
P13569	I701D	0.7335	pathogenic
P13569	I701E	0.7205	pathogenic
P13569	I701F	0.1208	benign
P13569	I701G	0.6486	pathogenic
P13569	I701H	0.5215	ambiguous
P13569	I701K	0.5269	ambiguous
P13569	I701L	0.1105	benign
P13569	I701M	0.1269	benign
P13569	I701N	0.3246	benign
P13569	I701P	0.5892	pathogenic
P13569	I701Q	0.5513	ambiguous
P13569	I701R	0.3796	ambiguous
P13569	I701S	0.3386	benign
P13569	I701T	0.3697	ambiguous
P13569	I701V	0.0707	benign
P13569	I701W	0.7606	pathogenic
P13569	I701Y	0.4153	ambiguous
P13569	L702A	0.2607	benign
P13569	L702C	0.3707	ambiguous
P13569	L702D	0.6575	pathogenic
P13569	L702E	0.4074	ambiguous
P13569	L702F	0.092	benign
P13569	L702G	0.4405	ambiguous
P13569	L702H	0.2014	benign
P13569	L702I	0.0762	benign
P13569	L702K	0.2878	benign
P13569	L702M	0.1043	benign
P13569	L702N	0.3787	ambiguous
P13569	L702P	0.2783	benign
P13569	L702Q	0.1693	benign
P13569	L702R	0.1898	benign
P13569	L702S	0.2352	benign
P13569	L702T	0.2244	benign
P13569	L702V	0.0947	benign
P13569	L702W	0.138	benign
P13569	L702Y	0.2636	benign
P13569	N703A	0.196	benign
P13569	N703C	0.2099	benign
P13569	N703D	0.1725	benign
P13569	N703E	0.4095	ambiguous
P13569	N703F	0.3588	ambiguous
P13569	N703G	0.2253	benign
P13569	N703H	0.0909	benign
P13569	N703I	0.1583	benign
P13569	N703K	0.2701	benign
P13569	N703L	0.1544	benign
P13569	N703M	0.2609	benign
P13569	N703P	0.2806	benign
P13569	N703Q	0.2942	benign
P13569	N703R	0.3173	benign
P13569	N703S	0.0727	benign
P13569	N703T	0.1059	benign
P13569	N703V	0.1887	benign
P13569	N703W	0.6467	pathogenic
P13569	N703Y	0.1149	benign
P13569	P704A	0.0727	benign
P13569	P704C	0.2338	benign
P13569	P704D	0.2855	benign
P13569	P704E	0.2658	benign
P13569	P704F	0.3198	benign
P13569	P704G	0.1793	benign
P13569	P704H	0.1126	benign
P13569	P704I	0.2409	benign
P13569	P704K	0.2266	benign
P13569	P704L	0.1335	benign
P13569	P704M	0.2471	benign
P13569	P704N	0.1648	benign
P13569	P704Q	0.1325	benign
P13569	P704R	0.1512	benign
P13569	P704S	0.0684	benign
P13569	P704T	0.069	benign
P13569	P704V	0.1814	benign
P13569	P704W	0.4464	ambiguous
P13569	P704Y	0.2355	benign
P13569	I705A	0.1499	benign
P13569	I705C	0.375	ambiguous
P13569	I705D	0.3477	ambiguous
P13569	I705E	0.2638	benign
P13569	I705F	0.084	benign
P13569	I705G	0.2697	benign
P13569	I705H	0.251	benign
P13569	I705K	0.1509	benign
P13569	I705L	0.068	benign
P13569	I705M	0.0719	benign
P13569	I705N	0.1361	benign
P13569	I705P	0.3041	benign
P13569	I705Q	0.1768	benign
P13569	I705R	0.1022	benign
P13569	I705S	0.1492	benign
P13569	I705T	0.1516	benign
P13569	I705V	0.0647	benign
P13569	I705W	0.3678	ambiguous
P13569	I705Y	0.2384	benign
P13569	N706A	0.1379	benign
P13569	N706C	0.1543	benign
P13569	N706D	0.1114	benign
P13569	N706E	0.29	benign
P13569	N706F	0.3164	benign
P13569	N706G	0.161	benign
P13569	N706H	0.0786	benign
P13569	N706I	0.1374	benign
P13569	N706K	0.17	benign
P13569	N706L	0.1558	benign
P13569	N706M	0.2599	benign
P13569	N706P	0.2283	benign
P13569	N706Q	0.227	benign
P13569	N706R	0.1821	benign
P13569	N706S	0.0638	benign
P13569	N706T	0.0878	benign
P13569	N706V	0.149	benign
P13569	N706W	0.5915	pathogenic
P13569	N706Y	0.1025	benign
P13569	S707A	0.0686	benign
P13569	S707C	0.102	benign
P13569	S707D	0.3579	ambiguous
P13569	S707E	0.4711	ambiguous
P13569	S707F	0.1896	benign
P13569	S707G	0.1039	benign
P13569	S707H	0.3116	benign
P13569	S707I	0.1878	benign
P13569	S707K	0.5798	pathogenic
P13569	S707L	0.1049	benign
P13569	S707M	0.2268	benign
P13569	S707N	0.1735	benign
P13569	S707P	0.1195	benign
P13569	S707Q	0.4728	ambiguous
P13569	S707R	0.5181	ambiguous
P13569	S707T	0.0821	benign
P13569	S707V	0.1632	benign
P13569	S707W	0.3175	benign
P13569	S707Y	0.1409	benign
P13569	I708A	0.1182	benign
P13569	I708C	0.3165	benign
P13569	I708D	0.2704	benign
P13569	I708E	0.2266	benign
P13569	I708F	0.0774	benign
P13569	I708G	0.2179	benign
P13569	I708H	0.1955	benign
P13569	I708K	0.1262	benign
P13569	I708L	0.0667	benign
P13569	I708M	0.0649	benign
P13569	I708N	0.0977	benign
P13569	I708P	0.2032	benign
P13569	I708Q	0.1543	benign
P13569	I708R	0.0889	benign
P13569	I708S	0.1032	benign
P13569	I708T	0.1017	benign
P13569	I708V	0.0628	benign
P13569	I708W	0.3625	ambiguous
P13569	I708Y	0.2176	benign
P13569	R709A	0.3342	benign
P13569	R709C	0.2365	benign
P13569	R709D	0.5871	pathogenic
P13569	R709E	0.2572	benign
P13569	R709F	0.5501	ambiguous
P13569	R709G	0.1521	benign
P13569	R709H	0.1517	benign
P13569	R709I	0.307	benign
P13569	R709K	0.0792	benign
P13569	R709L	0.2879	benign
P13569	R709M	0.2641	benign
P13569	R709N	0.4534	ambiguous
P13569	R709P	0.3909	ambiguous
P13569	R709Q	0.0962	benign
P13569	R709S	0.3711	ambiguous
P13569	R709T	0.2336	benign
P13569	R709V	0.3725	ambiguous
P13569	R709W	0.1777	benign
P13569	R709Y	0.4216	ambiguous
P13569	K710A	0.4256	ambiguous
P13569	K710C	0.7073	pathogenic
P13569	K710D	0.5203	ambiguous
P13569	K710E	0.2344	benign
P13569	K710F	0.7613	pathogenic
P13569	K710G	0.4123	ambiguous
P13569	K710H	0.3077	benign
P13569	K710I	0.3893	ambiguous
P13569	K710L	0.4117	ambiguous
P13569	K710M	0.2802	benign
P13569	K710N	0.3211	benign
P13569	K710P	0.5256	ambiguous
P13569	K710Q	0.1664	benign
P13569	K710R	0.0923	benign
P13569	K710S	0.3936	ambiguous
P13569	K710T	0.2224	benign
P13569	K710V	0.4148	ambiguous
P13569	K710W	0.7613	pathogenic
P13569	K710Y	0.5505	ambiguous
P13569	F711A	0.3024	benign
P13569	F711C	0.1781	benign
P13569	F711D	0.5506	ambiguous
P13569	F711E	0.6511	pathogenic
P13569	F711G	0.4733	ambiguous
P13569	F711H	0.4356	ambiguous
P13569	F711I	0.066	benign
P13569	F711K	0.5917	pathogenic
P13569	F711L	0.5213	ambiguous
P13569	F711M	0.2673	benign
P13569	F711N	0.3412	ambiguous
P13569	F711P	0.6366	pathogenic
P13569	F711Q	0.5668	pathogenic
P13569	F711R	0.4835	ambiguous
P13569	F711S	0.248	benign
P13569	F711T	0.3082	benign
P13569	F711V	0.0959	benign
P13569	F711W	0.3388	benign
P13569	F711Y	0.1167	benign
P13569	S712A	0.0874	benign
P13569	S712C	0.1208	benign
P13569	S712D	0.5288	ambiguous
P13569	S712E	0.6206	pathogenic
P13569	S712F	0.226	benign
P13569	S712G	0.1512	benign
P13569	S712H	0.3891	ambiguous
P13569	S712I	0.2917	benign
P13569	S712K	0.73	pathogenic
P13569	S712L	0.1229	benign
P13569	S712M	0.3171	benign
P13569	S712N	0.2875	benign
P13569	S712P	0.1036	benign
P13569	S712Q	0.5666	pathogenic
P13569	S712R	0.6335	pathogenic
P13569	S712T	0.1046	benign
P13569	S712V	0.2444	benign
P13569	S712W	0.3394	benign
P13569	S712Y	0.2034	benign
P13569	I713A	0.0995	benign
P13569	I713C	0.3384	benign
P13569	I713D	0.3135	benign
P13569	I713E	0.3052	benign
P13569	I713F	0.07	benign
P13569	I713G	0.2254	benign
P13569	I713H	0.267	benign
P13569	I713K	0.222	benign
P13569	I713L	0.0726	benign
P13569	I713M	0.0725	benign
P13569	I713N	0.1545	benign
P13569	I713P	0.2123	benign
P13569	I713Q	0.2575	benign
P13569	I713R	0.1515	benign
P13569	I713S	0.1339	benign
P13569	I713T	0.0911	benign
P13569	I713V	0.0546	benign
P13569	I713W	0.3674	ambiguous
P13569	I713Y	0.2264	benign
P13569	V714A	0.0758	benign
P13569	V714C	0.3617	ambiguous
P13569	V714D	0.1487	benign
P13569	V714E	0.1403	benign
P13569	V714F	0.0774	benign
P13569	V714G	0.0886	benign
P13569	V714H	0.2353	benign
P13569	V714I	0.0652	benign
P13569	V714K	0.1482	benign
P13569	V714L	0.0906	benign
P13569	V714M	0.0836	benign
P13569	V714N	0.1184	benign
P13569	V714P	0.1372	benign
P13569	V714Q	0.1458	benign
P13569	V714R	0.1327	benign
P13569	V714S	0.0871	benign
P13569	V714T	0.088	benign
P13569	V714W	0.3953	ambiguous
P13569	V714Y	0.2207	benign
P13569	Q715A	0.158	benign
P13569	Q715C	0.4296	ambiguous
P13569	Q715D	0.2426	benign
P13569	Q715E	0.0743	benign
P13569	Q715F	0.5479	ambiguous
P13569	Q715G	0.1303	benign
P13569	Q715H	0.161	benign
P13569	Q715I	0.3292	benign
P13569	Q715K	0.0749	benign
P13569	Q715L	0.1409	benign
P13569	Q715M	0.3054	benign
P13569	Q715N	0.1886	benign
P13569	Q715P	0.0711	benign
P13569	Q715R	0.0758	benign
P13569	Q715S	0.1493	benign
P13569	Q715T	0.1527	benign
P13569	Q715V	0.226	benign
P13569	Q715W	0.3253	benign
P13569	Q715Y	0.3091	benign
P13569	K716A	0.2239	benign
P13569	K716C	0.5819	pathogenic
P13569	K716D	0.2686	benign
P13569	K716E	0.0946	benign
P13569	K716F	0.5954	pathogenic
P13569	K716G	0.234	benign
P13569	K716H	0.2355	benign
P13569	K716I	0.2535	benign
P13569	K716L	0.2756	benign
P13569	K716M	0.1767	benign
P13569	K716N	0.1755	benign
P13569	K716P	0.3241	benign
P13569	K716Q	0.1054	benign
P13569	K716R	0.085	benign
P13569	K716S	0.228	benign
P13569	K716T	0.1302	benign
P13569	K716V	0.2562	benign
P13569	K716W	0.6428	pathogenic
P13569	K716Y	0.4117	ambiguous
P13569	T717A	0.069	benign
P13569	T717C	0.2575	benign
P13569	T717D	0.1602	benign
P13569	T717E	0.1358	benign
P13569	T717F	0.1253	benign
P13569	T717G	0.1292	benign
P13569	T717H	0.1287	benign
P13569	T717I	0.0875	benign
P13569	T717K	0.1027	benign
P13569	T717L	0.0758	benign
P13569	T717M	0.0776	benign
P13569	T717N	0.0703	benign
P13569	T717P	0.072	benign
P13569	T717Q	0.1205	benign
P13569	T717R	0.0988	benign
P13569	T717S	0.0809	benign
P13569	T717V	0.0903	benign
P13569	T717W	0.3371	benign
P13569	T717Y	0.1318	benign
P13569	P718A	0.0657	benign
P13569	P718C	0.221	benign
P13569	P718D	0.1828	benign
P13569	P718E	0.1449	benign
P13569	P718F	0.2061	benign
P13569	P718G	0.1508	benign
P13569	P718H	0.0872	benign
P13569	P718I	0.1478	benign
P13569	P718K	0.1495	benign
P13569	P718L	0.0886	benign
P13569	P718M	0.1857	benign
P13569	P718N	0.1342	benign
P13569	P718Q	0.0921	benign
P13569	P718R	0.1012	benign
P13569	P718S	0.0677	benign
P13569	P718T	0.0641	benign
P13569	P718V	0.1179	benign
P13569	P718W	0.2946	benign
P13569	P718Y	0.1665	benign
P13569	L719A	0.0927	benign
P13569	L719C	0.2279	benign
P13569	L719D	0.2253	benign
P13569	L719E	0.1317	benign
P13569	L719F	0.0652	benign
P13569	L719G	0.1648	benign
P13569	L719H	0.098	benign
P13569	L719I	0.0669	benign
P13569	L719K	0.1177	benign
P13569	L719M	0.0832	benign
P13569	L719N	0.1374	benign
P13569	L719P	0.0749	benign
P13569	L719Q	0.0782	benign
P13569	L719R	0.0908	benign
P13569	L719S	0.0798	benign
P13569	L719T	0.095	benign
P13569	L719V	0.0674	benign
P13569	L719W	0.1076	benign
P13569	L719Y	0.1424	benign
P13569	Q720A	0.1185	benign
P13569	Q720C	0.3092	benign
P13569	Q720D	0.1957	benign
P13569	Q720E	0.0776	benign
P13569	Q720F	0.3306	benign
P13569	Q720G	0.1459	benign
P13569	Q720H	0.1079	benign
P13569	Q720I	0.1757	benign
P13569	Q720K	0.0811	benign
P13569	Q720L	0.0846	benign
P13569	Q720M	0.202	benign
P13569	Q720N	0.1535	benign
P13569	Q720P	0.0651	benign
P13569	Q720R	0.0844	benign
P13569	Q720S	0.1225	benign
P13569	Q720T	0.1202	benign
P13569	Q720V	0.1347	benign
P13569	Q720W	0.246	benign
P13569	Q720Y	0.2105	benign
P13569	M721A	0.1722	benign
P13569	M721C	0.5	ambiguous
P13569	M721D	0.3666	ambiguous
P13569	M721E	0.1787	benign
P13569	M721F	0.1614	benign
P13569	M721G	0.2352	benign
P13569	M721H	0.2607	benign
P13569	M721I	0.1042	benign
P13569	M721K	0.0959	benign
P13569	M721L	0.0815	benign
P13569	M721N	0.1882	benign
P13569	M721P	0.2094	benign
P13569	M721Q	0.1317	benign
P13569	M721R	0.0877	benign
P13569	M721S	0.1855	benign
P13569	M721T	0.1341	benign
P13569	M721V	0.0696	benign
P13569	M721W	0.3236	benign
P13569	M721Y	0.2915	benign
P13569	N722A	0.1114	benign
P13569	N722C	0.1795	benign
P13569	N722D	0.0827	benign
P13569	N722E	0.1603	benign
P13569	N722F	0.2728	benign
P13569	N722G	0.1357	benign
P13569	N722H	0.0862	benign
P13569	N722I	0.113	benign
P13569	N722K	0.1269	benign
P13569	N722L	0.1452	benign
P13569	N722M	0.1841	benign
P13569	N722P	0.2159	benign
P13569	N722Q	0.1798	benign
P13569	N722R	0.1472	benign
P13569	N722S	0.0687	benign
P13569	N722T	0.0809	benign
P13569	N722V	0.1212	benign
P13569	N722W	0.4692	ambiguous
P13569	N722Y	0.095	benign
P13569	G723A	0.0928	benign
P13569	G723C	0.1277	benign
P13569	G723D	0.1028	benign
P13569	G723E	0.1175	benign
P13569	G723F	0.2729	benign
P13569	G723H	0.1763	benign
P13569	G723I	0.1202	benign
P13569	G723K	0.1832	benign
P13569	G723L	0.2072	benign
P13569	G723M	0.2465	benign
P13569	G723N	0.1451	benign
P13569	G723P	0.3945	ambiguous
P13569	G723Q	0.1708	benign
P13569	G723R	0.1202	benign
P13569	G723S	0.0771	benign
P13569	G723T	0.1022	benign
P13569	G723V	0.0961	benign
P13569	G723W	0.2201	benign
P13569	G723Y	0.181	benign
P13569	I724A	0.108	benign
P13569	I724C	0.4247	ambiguous
P13569	I724D	0.2256	benign
P13569	I724E	0.1579	benign
P13569	I724F	0.0846	benign
P13569	I724G	0.233	benign
P13569	I724H	0.2097	benign
P13569	I724K	0.1074	benign
P13569	I724L	0.0803	benign
P13569	I724M	0.064	benign
P13569	I724N	0.1008	benign
P13569	I724P	0.215	benign
P13569	I724Q	0.1527	benign
P13569	I724R	0.0813	benign
P13569	I724S	0.108	benign
P13569	I724T	0.0738	benign
P13569	I724V	0.0744	benign
P13569	I724W	0.3595	ambiguous
P13569	I724Y	0.2459	benign
P13569	E725A	0.122	benign
P13569	E725C	0.6399	pathogenic
P13569	E725D	0.1033	benign
P13569	E725F	0.4882	ambiguous
P13569	E725G	0.0994	benign
P13569	E725H	0.2812	benign
P13569	E725I	0.2368	benign
P13569	E725K	0.0905	benign
P13569	E725L	0.2403	benign
P13569	E725M	0.3136	benign
P13569	E725N	0.1813	benign
P13569	E725P	0.3428	ambiguous
P13569	E725Q	0.1154	benign
P13569	E725R	0.1407	benign
P13569	E725S	0.1428	benign
P13569	E725T	0.1568	benign
P13569	E725V	0.1519	benign
P13569	E725W	0.6771	pathogenic
P13569	E725Y	0.3939	ambiguous
P13569	E726A	0.0923	benign
P13569	E726C	0.5147	ambiguous
P13569	E726D	0.0778	benign
P13569	E726F	0.3871	ambiguous
P13569	E726G	0.0628	benign
P13569	E726H	0.2577	benign
P13569	E726I	0.176	benign
P13569	E726K	0.0834	benign
P13569	E726L	0.2013	benign
P13569	E726M	0.2392	benign
P13569	E726N	0.1259	benign
P13569	E726P	0.2878	benign
P13569	E726Q	0.1167	benign
P13569	E726R	0.1382	benign
P13569	E726S	0.1132	benign
P13569	E726T	0.1151	benign
P13569	E726V	0.1142	benign
P13569	E726W	0.5473	ambiguous
P13569	E726Y	0.2805	benign
P13569	D727A	0.0788	benign
P13569	D727C	0.2075	benign
P13569	D727E	0.0979	benign
P13569	D727F	0.1916	benign
P13569	D727G	0.0695	benign
P13569	D727H	0.1214	benign
P13569	D727I	0.0993	benign
P13569	D727K	0.133	benign
P13569	D727L	0.137	benign
P13569	D727M	0.2417	benign
P13569	D727N	0.0669	benign
P13569	D727P	0.2517	benign
P13569	D727Q	0.1525	benign
P13569	D727R	0.1463	benign
P13569	D727S	0.076	benign
P13569	D727T	0.0974	benign
P13569	D727V	0.0738	benign
P13569	D727W	0.524	ambiguous
P13569	D727Y	0.0825	benign
P13569	S728A	0.0628	benign
P13569	S728C	0.0813	benign
P13569	S728D	0.1159	benign
P13569	S728E	0.1618	benign
P13569	S728F	0.1005	benign
P13569	S728G	0.0679	benign
P13569	S728H	0.144	benign
P13569	S728I	0.0843	benign
P13569	S728K	0.2022	benign
P13569	S728L	0.0712	benign
P13569	S728M	0.1312	benign
P13569	S728N	0.0869	benign
P13569	S728P	0.0878	benign
P13569	S728Q	0.2101	benign
P13569	S728R	0.168	benign
P13569	S728T	0.0633	benign
P13569	S728V	0.0918	benign
P13569	S728W	0.1528	benign
P13569	S728Y	0.0856	benign
P13569	D729A	0.0758	benign
P13569	D729C	0.1933	benign
P13569	D729E	0.0782	benign
P13569	D729F	0.2021	benign
P13569	D729G	0.0701	benign
P13569	D729H	0.1053	benign
P13569	D729I	0.1122	benign
P13569	D729K	0.1038	benign
P13569	D729L	0.1292	benign
P13569	D729M	0.2344	benign
P13569	D729N	0.0711	benign
P13569	D729P	0.2213	benign
P13569	D729Q	0.1203	benign
P13569	D729R	0.1118	benign
P13569	D729S	0.0679	benign
P13569	D729T	0.0886	benign
P13569	D729V	0.0797	benign
P13569	D729W	0.4786	ambiguous
P13569	D729Y	0.1023	benign
P13569	E730A	0.0803	benign
P13569	E730C	0.397	ambiguous
P13569	E730D	0.0758	benign
P13569	E730F	0.2467	benign
P13569	E730G	0.0718	benign
P13569	E730H	0.1773	benign
P13569	E730I	0.1141	benign
P13569	E730K	0.0669	benign
P13569	E730L	0.1295	benign
P13569	E730M	0.1718	benign
P13569	E730N	0.1056	benign
P13569	E730P	0.2581	benign
P13569	E730Q	0.0885	benign
P13569	E730R	0.1073	benign
P13569	E730S	0.0925	benign
P13569	E730T	0.0932	benign
P13569	E730V	0.0862	benign
P13569	E730W	0.4739	ambiguous
P13569	E730Y	0.1996	benign
P13569	P731A	0.071	benign
P13569	P731C	0.1899	benign
P13569	P731D	0.1615	benign
P13569	P731E	0.1433	benign
P13569	P731F	0.1627	benign
P13569	P731G	0.1465	benign
P13569	P731H	0.0862	benign
P13569	P731I	0.115	benign
P13569	P731K	0.133	benign
P13569	P731L	0.075	benign
P13569	P731M	0.1498	benign
P13569	P731N	0.1143	benign
P13569	P731Q	0.095	benign
P13569	P731R	0.1004	benign
P13569	P731S	0.0709	benign
P13569	P731T	0.0646	benign
P13569	P731V	0.1037	benign
P13569	P731W	0.2525	benign
P13569	P731Y	0.1434	benign
P13569	L732A	0.0692	benign
P13569	L732C	0.1936	benign
P13569	L732D	0.1865	benign
P13569	L732E	0.1116	benign
P13569	L732F	0.0781	benign
P13569	L732G	0.1308	benign
P13569	L732H	0.0988	benign
P13569	L732I	0.0708	benign
P13569	L732K	0.1034	benign
P13569	L732M	0.0813	benign
P13569	L732N	0.123	benign
P13569	L732P	0.0661	benign
P13569	L732Q	0.0743	benign
P13569	L732R	0.0841	benign
P13569	L732S	0.0644	benign
P13569	L732T	0.0713	benign
P13569	L732V	0.065	benign
P13569	L732W	0.104	benign
P13569	L732Y	0.144	benign
P13569	E733A	0.1387	benign
P13569	E733C	0.6966	pathogenic
P13569	E733D	0.1045	benign
P13569	E733F	0.5559	ambiguous
P13569	E733G	0.1036	benign
P13569	E733H	0.3116	benign
P13569	E733I	0.299	benign
P13569	E733K	0.1284	benign
P13569	E733L	0.277	benign
P13569	E733M	0.3821	ambiguous
P13569	E733N	0.2	benign
P13569	E733P	0.2819	benign
P13569	E733Q	0.1128	benign
P13569	E733R	0.1876	benign
P13569	E733S	0.1571	benign
P13569	E733T	0.2039	benign
P13569	E733V	0.1794	benign
P13569	E733W	0.7271	pathogenic
P13569	E733Y	0.4313	ambiguous
P13569	R734A	0.4639	ambiguous
P13569	R734C	0.2997	benign
P13569	R734D	0.5877	pathogenic
P13569	R734E	0.2766	benign
P13569	R734F	0.6491	pathogenic
P13569	R734G	0.217	benign
P13569	R734H	0.1566	benign
P13569	R734I	0.3507	ambiguous
P13569	R734K	0.1112	benign
P13569	R734L	0.3704	ambiguous
P13569	R734M	0.3193	benign
P13569	R734N	0.5158	ambiguous
P13569	R734P	0.5375	ambiguous
P13569	R734Q	0.1212	benign
P13569	R734S	0.5186	ambiguous
P13569	R734T	0.3184	benign
P13569	R734V	0.4632	ambiguous
P13569	R734W	0.2213	benign
P13569	R734Y	0.4403	ambiguous
P13569	R735A	0.3325	benign
P13569	R735C	0.2024	benign
P13569	R735D	0.5073	ambiguous
P13569	R735E	0.2495	benign
P13569	R735F	0.4388	ambiguous
P13569	R735G	0.1828	benign
P13569	R735H	0.1216	benign
P13569	R735I	0.187	benign
P13569	R735K	0.086	benign
P13569	R735L	0.2254	benign
P13569	R735M	0.2086	benign
P13569	R735N	0.403	ambiguous
P13569	R735P	0.4136	ambiguous
P13569	R735Q	0.1043	benign
P13569	R735S	0.3613	ambiguous
P13569	R735T	0.2132	benign
P13569	R735V	0.2849	benign
P13569	R735W	0.1819	benign
P13569	R735Y	0.317	benign
P13569	L736A	0.3998	ambiguous
P13569	L736C	0.5103	ambiguous
P13569	L736D	0.6869	pathogenic
P13569	L736E	0.4892	ambiguous
P13569	L736F	0.0954	benign
P13569	L736G	0.574	pathogenic
P13569	L736H	0.2735	benign
P13569	L736I	0.0974	benign
P13569	L736K	0.386	ambiguous
P13569	L736M	0.1531	benign
P13569	L736N	0.4668	ambiguous
P13569	L736P	0.2929	benign
P13569	L736Q	0.2635	benign
P13569	L736R	0.2548	benign
P13569	L736S	0.4293	ambiguous
P13569	L736T	0.396	ambiguous
P13569	L736V	0.1319	benign
P13569	L736W	0.212	benign
P13569	L736Y	0.2816	benign
P13569	S737A	0.1427	benign
P13569	S737C	0.2256	benign
P13569	S737D	0.6942	pathogenic
P13569	S737E	0.7659	pathogenic
P13569	S737F	0.3079	benign
P13569	S737G	0.2778	benign
P13569	S737H	0.5847	pathogenic
P13569	S737I	0.4473	ambiguous
P13569	S737K	0.9094	pathogenic
P13569	S737L	0.1912	benign
P13569	S737M	0.4414	ambiguous
P13569	S737N	0.4705	ambiguous
P13569	S737P	0.2853	benign
P13569	S737Q	0.7469	pathogenic
P13569	S737R	0.8647	pathogenic
P13569	S737T	0.1747	benign
P13569	S737V	0.3973	ambiguous
P13569	S737W	0.493	ambiguous
P13569	S737Y	0.2978	benign
P13569	L738A	0.3097	benign
P13569	L738C	0.5684	pathogenic
P13569	L738D	0.7588	pathogenic
P13569	L738E	0.511	ambiguous
P13569	L738F	0.1184	benign
P13569	L738G	0.6094	pathogenic
P13569	L738H	0.3349	benign
P13569	L738I	0.0932	benign
P13569	L738K	0.4631	ambiguous
P13569	L738M	0.1314	benign
P13569	L738N	0.5599	ambiguous
P13569	L738P	0.3749	ambiguous
P13569	L738Q	0.298	benign
P13569	L738R	0.3007	benign
P13569	L738S	0.3733	ambiguous
P13569	L738T	0.3015	benign
P13569	L738V	0.0974	benign
P13569	L738W	0.2541	benign
P13569	L738Y	0.4038	ambiguous
P13569	V739A	0.3059	benign
P13569	V739C	0.7411	pathogenic
P13569	V739D	0.4936	ambiguous
P13569	V739E	0.4252	ambiguous
P13569	V739F	0.1389	benign
P13569	V739G	0.3292	benign
P13569	V739H	0.6043	pathogenic
P13569	V739I	0.083	benign
P13569	V739K	0.526	ambiguous
P13569	V739L	0.1879	benign
P13569	V739M	0.2073	benign
P13569	V739N	0.4211	ambiguous
P13569	V739P	0.4842	ambiguous
P13569	V739Q	0.407	ambiguous
P13569	V739R	0.3911	ambiguous
P13569	V739S	0.3193	benign
P13569	V739T	0.3899	ambiguous
P13569	V739W	0.7665	pathogenic
P13569	V739Y	0.4892	ambiguous
P13569	P740A	0.1441	benign
P13569	P740C	0.684	pathogenic
P13569	P740D	0.6569	pathogenic
P13569	P740E	0.445	ambiguous
P13569	P740F	0.6936	pathogenic
P13569	P740G	0.4891	ambiguous
P13569	P740H	0.3185	benign
P13569	P740I	0.5926	pathogenic
P13569	P740K	0.5096	ambiguous
P13569	P740L	0.2228	benign
P13569	P740M	0.5552	ambiguous
P13569	P740N	0.5979	pathogenic
P13569	P740Q	0.2872	benign
P13569	P740R	0.2844	benign
P13569	P740S	0.2337	benign
P13569	P740T	0.2067	benign
P13569	P740V	0.4353	ambiguous
P13569	P740W	0.7674	pathogenic
P13569	P740Y	0.6679	pathogenic
P13569	D741A	0.1531	benign
P13569	D741C	0.5166	ambiguous
P13569	D741E	0.141	benign
P13569	D741F	0.4661	ambiguous
P13569	D741G	0.1573	benign
P13569	D741H	0.2512	benign
P13569	D741I	0.2995	benign
P13569	D741K	0.3595	ambiguous
P13569	D741L	0.3252	benign
P13569	D741M	0.5998	pathogenic
P13569	D741N	0.116	benign
P13569	D741P	0.5201	ambiguous
P13569	D741Q	0.3161	benign
P13569	D741R	0.3515	ambiguous
P13569	D741S	0.1336	benign
P13569	D741T	0.2439	benign
P13569	D741V	0.1815	benign
P13569	D741W	0.8363	pathogenic
P13569	D741Y	0.193	benign
P13569	S742A	0.0743	benign
P13569	S742C	0.1067	benign
P13569	S742D	0.2674	benign
P13569	S742E	0.3458	ambiguous
P13569	S742F	0.1526	benign
P13569	S742G	0.1004	benign
P13569	S742H	0.3156	benign
P13569	S742I	0.1511	benign
P13569	S742K	0.5337	ambiguous
P13569	S742L	0.0866	benign
P13569	S742M	0.1832	benign
P13569	S742N	0.1486	benign
P13569	S742P	0.1692	benign
P13569	S742Q	0.4489	ambiguous
P13569	S742R	0.4618	ambiguous
P13569	S742T	0.0754	benign
P13569	S742V	0.1449	benign
P13569	S742W	0.2563	benign
P13569	S742Y	0.1438	benign
P13569	E743A	0.2243	benign
P13569	E743C	0.853	pathogenic
P13569	E743D	0.1729	benign
P13569	E743F	0.7219	pathogenic
P13569	E743G	0.1854	benign
P13569	E743H	0.4978	ambiguous
P13569	E743I	0.4427	ambiguous
P13569	E743K	0.1807	benign
P13569	E743L	0.4362	ambiguous
P13569	E743M	0.5471	ambiguous
P13569	E743N	0.3558	ambiguous
P13569	E743P	0.5066	ambiguous
P13569	E743Q	0.1764	benign
P13569	E743R	0.268	benign
P13569	E743S	0.2535	benign
P13569	E743T	0.3249	benign
P13569	E743V	0.2759	benign
P13569	E743W	0.8926	pathogenic
P13569	E743Y	0.6366	pathogenic
P13569	Q744A	0.1283	benign
P13569	Q744C	0.4755	ambiguous
P13569	Q744D	0.2027	benign
P13569	Q744E	0.0716	benign
P13569	Q744F	0.4656	ambiguous
P13569	Q744G	0.1667	benign
P13569	Q744H	0.159	benign
P13569	Q744I	0.2221	benign
P13569	Q744K	0.0867	benign
P13569	Q744L	0.1005	benign
P13569	Q744M	0.2437	benign
P13569	Q744N	0.1783	benign
P13569	Q744P	0.0726	benign
P13569	Q744R	0.0971	benign
P13569	Q744S	0.1575	benign
P13569	Q744T	0.1319	benign
P13569	Q744V	0.1613	benign
P13569	Q744W	0.3573	ambiguous
P13569	Q744Y	0.3041	benign
P13569	G745A	0.1385	benign
P13569	G745C	0.2368	benign
P13569	G745D	0.1803	benign
P13569	G745E	0.1522	benign
P13569	G745F	0.5601	ambiguous
P13569	G745H	0.3884	ambiguous
P13569	G745I	0.2632	benign
P13569	G745K	0.3222	benign
P13569	G745L	0.4084	ambiguous
P13569	G745M	0.431	ambiguous
P13569	G745N	0.2773	benign
P13569	G745P	0.5975	pathogenic
P13569	G745Q	0.2953	benign
P13569	G745R	0.2387	benign
P13569	G745S	0.1226	benign
P13569	G745T	0.1694	benign
P13569	G745V	0.1654	benign
P13569	G745W	0.3284	benign
P13569	G745Y	0.3804	ambiguous
P13569	E746A	0.1948	benign
P13569	E746C	0.8447	pathogenic
P13569	E746D	0.1011	benign
P13569	E746F	0.6835	pathogenic
P13569	E746G	0.1665	benign
P13569	E746H	0.4468	ambiguous
P13569	E746I	0.4143	ambiguous
P13569	E746K	0.1419	benign
P13569	E746L	0.4454	ambiguous
P13569	E746M	0.4946	ambiguous
P13569	E746N	0.2286	benign
P13569	E746P	0.5452	ambiguous
P13569	E746Q	0.1838	benign
P13569	E746R	0.2481	benign
P13569	E746S	0.2177	benign
P13569	E746T	0.2671	benign
P13569	E746V	0.2561	benign
P13569	E746W	0.8696	pathogenic
P13569	E746Y	0.5692	pathogenic
P13569	A747C	0.3937	ambiguous
P13569	A747D	0.144	benign
P13569	A747E	0.1541	benign
P13569	A747F	0.2501	benign
P13569	A747G	0.0875	benign
P13569	A747H	0.3776	ambiguous
P13569	A747I	0.1981	benign
P13569	A747K	0.3163	benign
P13569	A747L	0.1597	benign
P13569	A747M	0.1808	benign
P13569	A747N	0.1496	benign
P13569	A747P	0.136	benign
P13569	A747Q	0.2691	benign
P13569	A747R	0.2792	benign
P13569	A747S	0.0887	benign
P13569	A747T	0.0792	benign
P13569	A747V	0.101	benign
P13569	A747W	0.5681	pathogenic
P13569	A747Y	0.3266	benign
P13569	I748A	0.1356	benign
P13569	I748C	0.4202	ambiguous
P13569	I748D	0.2833	benign
P13569	I748E	0.305	benign
P13569	I748F	0.0877	benign
P13569	I748G	0.2738	benign
P13569	I748H	0.2606	benign
P13569	I748K	0.2321	benign
P13569	I748L	0.0845	benign
P13569	I748M	0.0881	benign
P13569	I748N	0.1074	benign
P13569	I748P	0.2611	benign
P13569	I748Q	0.2546	benign
P13569	I748R	0.1546	benign
P13569	I748S	0.115	benign
P13569	I748T	0.1228	benign
P13569	I748V	0.0689	benign
P13569	I748W	0.582	pathogenic
P13569	I748Y	0.2947	benign
P13569	L749A	0.2443	benign
P13569	L749C	0.5038	ambiguous
P13569	L749D	0.5777	pathogenic
P13569	L749E	0.321	benign
P13569	L749F	0.1062	benign
P13569	L749G	0.426	ambiguous
P13569	L749H	0.1818	benign
P13569	L749I	0.093	benign
P13569	L749K	0.2793	benign
P13569	L749M	0.1285	benign
P13569	L749N	0.3188	benign
P13569	L749P	0.1955	benign
P13569	L749Q	0.1545	benign
P13569	L749R	0.1959	benign
P13569	L749S	0.1923	benign
P13569	L749T	0.2057	benign
P13569	L749V	0.1135	benign
P13569	L749W	0.228	benign
P13569	L749Y	0.3051	benign
P13569	P750A	0.2037	benign
P13569	P750C	0.6627	pathogenic
P13569	P750D	0.5265	ambiguous
P13569	P750E	0.3911	ambiguous
P13569	P750F	0.7357	pathogenic
P13569	P750G	0.3729	ambiguous
P13569	P750H	0.2556	benign
P13569	P750I	0.6814	pathogenic
P13569	P750K	0.4721	ambiguous
P13569	P750L	0.2477	benign
P13569	P750M	0.6154	pathogenic
P13569	P750N	0.4217	ambiguous
P13569	P750Q	0.2358	benign
P13569	P750R	0.2843	benign
P13569	P750S	0.1793	benign
P13569	P750T	0.2246	benign
P13569	P750V	0.5215	ambiguous
P13569	P750W	0.7331	pathogenic
P13569	P750Y	0.6275	pathogenic
P13569	R751A	0.2824	benign
P13569	R751C	0.1761	benign
P13569	R751D	0.4235	ambiguous
P13569	R751E	0.2646	benign
P13569	R751F	0.4946	ambiguous
P13569	R751G	0.1329	benign
P13569	R751H	0.112	benign
P13569	R751I	0.3075	benign
P13569	R751K	0.1271	benign
P13569	R751L	0.2522	benign
P13569	R751M	0.3012	benign
P13569	R751N	0.3674	ambiguous
P13569	R751P	0.2509	benign
P13569	R751Q	0.105	benign
P13569	R751S	0.3079	benign
P13569	R751T	0.2225	benign
P13569	R751V	0.3619	ambiguous
P13569	R751W	0.1926	benign
P13569	R751Y	0.3457	ambiguous
P13569	I752A	0.114	benign
P13569	I752C	0.236	benign
P13569	I752D	0.2434	benign
P13569	I752E	0.2828	benign
P13569	I752F	0.0998	benign
P13569	I752G	0.1651	benign
P13569	I752H	0.1893	benign
P13569	I752K	0.2233	benign
P13569	I752L	0.0991	benign
P13569	I752M	0.0852	benign
P13569	I752N	0.0674	benign
P13569	I752P	0.2262	benign
P13569	I752Q	0.2067	benign
P13569	I752R	0.1417	benign
P13569	I752S	0.0566	benign
P13569	I752T	0.0917	benign
P13569	I752V	0.0864	benign
P13569	I752W	0.4572	ambiguous
P13569	I752Y	0.1887	benign
P13569	S753A	0.1053	benign
P13569	S753C	0.1221	benign
P13569	S753D	0.1503	benign
P13569	S753E	0.2997	benign
P13569	S753F	0.3314	benign
P13569	S753G	0.0756	benign
P13569	S753H	0.1728	benign
P13569	S753I	0.2007	benign
P13569	S753K	0.3434	ambiguous
P13569	S753L	0.1976	benign
P13569	S753M	0.2725	benign
P13569	S753N	0.0606	benign
P13569	S753P	0.1412	benign
P13569	S753Q	0.319	benign
P13569	S753R	0.2747	benign
P13569	S753T	0.0851	benign
P13569	S753V	0.2305	benign
P13569	S753W	0.394	ambiguous
P13569	S753Y	0.1842	benign
P13569	V754A	0.1145	benign
P13569	V754C	0.5076	ambiguous
P13569	V754D	0.1904	benign
P13569	V754E	0.1676	benign
P13569	V754F	0.0959	benign
P13569	V754G	0.1155	benign
P13569	V754H	0.3193	benign
P13569	V754I	0.0801	benign
P13569	V754K	0.1805	benign
P13569	V754L	0.1031	benign
P13569	V754M	0.0728	benign
P13569	V754N	0.1544	benign
P13569	V754P	0.2463	benign
P13569	V754Q	0.1811	benign
P13569	V754R	0.1513	benign
P13569	V754S	0.1285	benign
P13569	V754T	0.1241	benign
P13569	V754W	0.4666	ambiguous
P13569	V754Y	0.3026	benign
P13569	I755A	0.1913	benign
P13569	I755C	0.4033	ambiguous
P13569	I755D	0.3283	benign
P13569	I755E	0.3233	benign
P13569	I755F	0.065	benign
P13569	I755G	0.3259	benign
P13569	I755H	0.2345	benign
P13569	I755K	0.2214	benign
P13569	I755L	0.0714	benign
P13569	I755M	0.0728	benign
P13569	I755N	0.1147	benign
P13569	I755P	0.2616	benign
P13569	I755Q	0.2243	benign
P13569	I755R	0.1396	benign
P13569	I755S	0.1519	benign
P13569	I755T	0.1664	benign
P13569	I755V	0.0846	benign
P13569	I755W	0.4145	ambiguous
P13569	I755Y	0.2134	benign
P13569	S756A	0.0894	benign
P13569	S756C	0.0958	benign
P13569	S756D	0.1063	benign
P13569	S756E	0.202	benign
P13569	S756F	0.2207	benign
P13569	S756G	0.0681	benign
P13569	S756H	0.1107	benign
P13569	S756I	0.1384	benign
P13569	S756K	0.2091	benign
P13569	S756L	0.1411	benign
P13569	S756M	0.2163	benign
P13569	S756N	0.0559	benign
P13569	S756P	0.0966	benign
P13569	S756Q	0.2031	benign
P13569	S756R	0.1725	benign
P13569	S756T	0.0776	benign
P13569	S756V	0.1673	benign
P13569	S756W	0.2868	benign
P13569	S756Y	0.1273	benign
P13569	T757A	0.0701	benign
P13569	T757C	0.3078	benign
P13569	T757D	0.2006	benign
P13569	T757E	0.1886	benign
P13569	T757F	0.1898	benign
P13569	T757G	0.1499	benign
P13569	T757H	0.1453	benign
P13569	T757I	0.1556	benign
P13569	T757K	0.1322	benign
P13569	T757L	0.1061	benign
P13569	T757M	0.1078	benign
P13569	T757N	0.0943	benign
P13569	T757P	0.0806	benign
P13569	T757Q	0.1562	benign
P13569	T757R	0.0967	benign
P13569	T757S	0.0855	benign
P13569	T757V	0.1316	benign
P13569	T757W	0.398	ambiguous
P13569	T757Y	0.1964	benign
P13569	G758A	0.1049	benign
P13569	G758C	0.1683	benign
P13569	G758D	0.13	benign
P13569	G758E	0.126	benign
P13569	G758F	0.3221	benign
P13569	G758H	0.2129	benign
P13569	G758I	0.1722	benign
P13569	G758K	0.2315	benign
P13569	G758L	0.2553	benign
P13569	G758M	0.309	benign
P13569	G758N	0.1963	benign
P13569	G758P	0.4011	ambiguous
P13569	G758Q	0.1879	benign
P13569	G758R	0.1526	benign
P13569	G758S	0.0891	benign
P13569	G758T	0.1253	benign
P13569	G758V	0.1225	benign
P13569	G758W	0.2417	benign
P13569	G758Y	0.2433	benign
P13569	P759A	0.0919	benign
P13569	P759C	0.3288	benign
P13569	P759D	0.244	benign
P13569	P759E	0.1822	benign
P13569	P759F	0.2698	benign
P13569	P759G	0.2215	benign
P13569	P759H	0.1115	benign
P13569	P759I	0.2224	benign
P13569	P759K	0.1861	benign
P13569	P759L	0.1075	benign
P13569	P759M	0.2316	benign
P13569	P759N	0.1864	benign
P13569	P759Q	0.1103	benign
P13569	P759R	0.1161	benign
P13569	P759S	0.1025	benign
P13569	P759T	0.0915	benign
P13569	P759V	0.1735	benign
P13569	P759W	0.3821	ambiguous
P13569	P759Y	0.2483	benign
P13569	T760A	0.0689	benign
P13569	T760C	0.2792	benign
P13569	T760D	0.1918	benign
P13569	T760E	0.16	benign
P13569	T760F	0.1185	benign
P13569	T760G	0.1562	benign
P13569	T760H	0.1197	benign
P13569	T760I	0.0971	benign
P13569	T760K	0.112	benign
P13569	T760L	0.0702	benign
P13569	T760M	0.0781	benign
P13569	T760N	0.0838	benign
P13569	T760P	0.0715	benign
P13569	T760Q	0.122	benign
P13569	T760R	0.0871	benign
P13569	T760S	0.0821	benign
P13569	T760V	0.0866	benign
P13569	T760W	0.3375	benign
P13569	T760Y	0.1463	benign
P13569	L761A	0.1468	benign
P13569	L761C	0.2398	benign
P13569	L761D	0.3287	benign
P13569	L761E	0.2049	benign
P13569	L761F	0.0508	benign
P13569	L761G	0.2199	benign
P13569	L761H	0.098	benign
P13569	L761I	0.073	benign
P13569	L761K	0.1735	benign
P13569	L761M	0.0928	benign
P13569	L761N	0.1757	benign
P13569	L761P	0.1025	benign
P13569	L761Q	0.0934	benign
P13569	L761R	0.1034	benign
P13569	L761S	0.1329	benign
P13569	L761T	0.1442	benign
P13569	L761V	0.074	benign
P13569	L761W	0.088	benign
P13569	L761Y	0.1289	benign
P13569	Q762A	0.1229	benign
P13569	Q762C	0.3709	ambiguous
P13569	Q762D	0.1783	benign
P13569	Q762E	0.0736	benign
P13569	Q762F	0.3667	ambiguous
P13569	Q762G	0.1261	benign
P13569	Q762H	0.1042	benign
P13569	Q762I	0.2598	benign
P13569	Q762K	0.0763	benign
P13569	Q762L	0.0987	benign
P13569	Q762M	0.2611	benign
P13569	Q762N	0.1501	benign
P13569	Q762P	0.0601	benign
P13569	Q762R	0.0721	benign
P13569	Q762S	0.1293	benign
P13569	Q762T	0.1292	benign
P13569	Q762V	0.1687	benign
P13569	Q762W	0.2626	benign
P13569	Q762Y	0.2192	benign
P13569	A763C	0.2788	benign
P13569	A763D	0.145	benign
P13569	A763E	0.1083	benign
P13569	A763F	0.215	benign
P13569	A763G	0.0512	benign
P13569	A763H	0.2131	benign
P13569	A763I	0.1792	benign
P13569	A763K	0.1611	benign
P13569	A763L	0.1298	benign
P13569	A763M	0.178	benign
P13569	A763N	0.1274	benign
P13569	A763P	0.0983	benign
P13569	A763Q	0.1255	benign
P13569	A763R	0.1135	benign
P13569	A763S	0.0759	benign
P13569	A763T	0.0765	benign
P13569	A763V	0.0983	benign
P13569	A763W	0.3153	benign
P13569	A763Y	0.2352	benign
P13569	R764A	0.1632	benign
P13569	R764C	0.1222	benign
P13569	R764D	0.2898	benign
P13569	R764E	0.1656	benign
P13569	R764F	0.3099	benign
P13569	R764G	0.085	benign
P13569	R764H	0.0895	benign
P13569	R764I	0.1827	benign
P13569	R764K	0.0863	benign
P13569	R764L	0.1516	benign
P13569	R764M	0.191	benign
P13569	R764N	0.2248	benign
P13569	R764P	0.1608	benign
P13569	R764Q	0.0709	benign
P13569	R764S	0.1739	benign
P13569	R764T	0.1249	benign
P13569	R764V	0.2076	benign
P13569	R764W	0.1205	benign
P13569	R764Y	0.2247	benign
P13569	R765A	0.7622	pathogenic
P13569	R765C	0.4046	ambiguous
P13569	R765D	0.8617	pathogenic
P13569	R765E	0.5732	pathogenic
P13569	R765F	0.8403	pathogenic
P13569	R765G	0.4174	ambiguous
P13569	R765H	0.2202	benign
P13569	R765I	0.6623	pathogenic
P13569	R765K	0.2039	benign
P13569	R765L	0.555	ambiguous
P13569	R765M	0.6653	pathogenic
P13569	R765N	0.7948	pathogenic
P13569	R765P	0.5617	ambiguous
P13569	R765Q	0.1623	benign
P13569	R765S	0.7821	pathogenic
P13569	R765T	0.6432	pathogenic
P13569	R765V	0.7331	pathogenic
P13569	R765W	0.3381	benign
P13569	R765Y	0.657	pathogenic
P13569	R766A	0.8789	pathogenic
P13569	R766C	0.4974	ambiguous
P13569	R766D	0.9302	pathogenic
P13569	R766E	0.7065	pathogenic
P13569	R766F	0.901	pathogenic
P13569	R766G	0.5913	pathogenic
P13569	R766H	0.2945	benign
P13569	R766I	0.7784	pathogenic
P13569	R766K	0.2907	benign
P13569	R766L	0.6735	pathogenic
P13569	R766M	0.7923	pathogenic
P13569	R766N	0.8852	pathogenic
P13569	R766P	0.7412	pathogenic
P13569	R766Q	0.2205	benign
P13569	R766S	0.8756	pathogenic
P13569	R766T	0.7884	pathogenic
P13569	R766V	0.8335	pathogenic
P13569	R766W	0.4153	ambiguous
P13569	R766Y	0.7519	pathogenic
P13569	Q767A	0.4132	ambiguous
P13569	Q767C	0.8768	pathogenic
P13569	Q767D	0.6024	pathogenic
P13569	Q767E	0.121	benign
P13569	Q767F	0.8791	pathogenic
P13569	Q767G	0.4257	ambiguous
P13569	Q767H	0.4329	ambiguous
P13569	Q767I	0.6611	pathogenic
P13569	Q767K	0.1336	benign
P13569	Q767L	0.3153	benign
P13569	Q767M	0.5895	pathogenic
P13569	Q767N	0.4496	ambiguous
P13569	Q767P	0.2398	benign
P13569	Q767R	0.1661	benign
P13569	Q767S	0.4457	ambiguous
P13569	Q767T	0.4065	ambiguous
P13569	Q767V	0.4911	ambiguous
P13569	Q767W	0.8166	pathogenic
P13569	Q767Y	0.7276	pathogenic
P13569	S768A	0.2422	benign
P13569	S768C	0.4728	ambiguous
P13569	S768D	0.7604	pathogenic
P13569	S768E	0.8812	pathogenic
P13569	S768F	0.7837	pathogenic
P13569	S768G	0.2866	benign
P13569	S768H	0.7898	pathogenic
P13569	S768I	0.7991	pathogenic
P13569	S768K	0.9475	pathogenic
P13569	S768L	0.5115	ambiguous
P13569	S768M	0.6587	pathogenic
P13569	S768N	0.5125	ambiguous
P13569	S768P	0.576	pathogenic
P13569	S768Q	0.8841	pathogenic
P13569	S768R	0.9311	pathogenic
P13569	S768T	0.2273	benign
P13569	S768V	0.7076	pathogenic
P13569	S768W	0.7829	pathogenic
P13569	S768Y	0.6462	pathogenic
P13569	V769A	0.6975	pathogenic
P13569	V769C	0.9558	pathogenic
P13569	V769D	0.9489	pathogenic
P13569	V769E	0.9154	pathogenic
P13569	V769F	0.4334	ambiguous
P13569	V769G	0.8151	pathogenic
P13569	V769H	0.9579	pathogenic
P13569	V769I	0.1455	benign
P13569	V769K	0.9271	pathogenic
P13569	V769L	0.5562	ambiguous
P13569	V769M	0.4541	ambiguous
P13569	V769N	0.9206	pathogenic
P13569	V769P	0.9004	pathogenic
P13569	V769Q	0.9087	pathogenic
P13569	V769R	0.8587	pathogenic
P13569	V769S	0.8258	pathogenic
P13569	V769T	0.7766	pathogenic
P13569	V769W	0.9795	pathogenic
P13569	V769Y	0.9199	pathogenic
P13569	L770A	0.8285	pathogenic
P13569	L770C	0.9236	pathogenic
P13569	L770D	0.9815	pathogenic
P13569	L770E	0.9072	pathogenic
P13569	L770F	0.4751	ambiguous
P13569	L770G	0.9294	pathogenic
P13569	L770H	0.8328	pathogenic
P13569	L770I	0.2994	benign
P13569	L770K	0.8139	pathogenic
P13569	L770M	0.3435	ambiguous
P13569	L770N	0.9384	pathogenic
P13569	L770P	0.9154	pathogenic
P13569	L770Q	0.7481	pathogenic
P13569	L770R	0.6808	pathogenic
P13569	L770S	0.8964	pathogenic
P13569	L770T	0.828	pathogenic
P13569	L770V	0.3668	ambiguous
P13569	L770W	0.6314	pathogenic
P13569	L770Y	0.8425	pathogenic
P13569	N771A	0.2072	benign
P13569	N771C	0.2832	benign
P13569	N771D	0.1056	benign
P13569	N771E	0.3453	ambiguous
P13569	N771F	0.5157	ambiguous
P13569	N771G	0.2416	benign
P13569	N771H	0.0778	benign
P13569	N771I	0.3626	ambiguous
P13569	N771K	0.2881	benign
P13569	N771L	0.281	benign
P13569	N771M	0.4071	ambiguous
P13569	N771P	0.646	pathogenic
P13569	N771Q	0.2694	benign
P13569	N771R	0.279	benign
P13569	N771S	0.0829	benign
P13569	N771T	0.1542	benign
P13569	N771V	0.3408	ambiguous
P13569	N771W	0.7302	pathogenic
P13569	N771Y	0.1532	benign
P13569	L772A	0.495	ambiguous
P13569	L772C	0.667	pathogenic
P13569	L772D	0.8842	pathogenic
P13569	L772E	0.6694	pathogenic
P13569	L772F	0.138	benign
P13569	L772G	0.7654	pathogenic
P13569	L772H	0.3822	ambiguous
P13569	L772I	0.1338	benign
P13569	L772K	0.4885	ambiguous
P13569	L772M	0.1192	benign
P13569	L772N	0.7123	pathogenic
P13569	L772P	0.8448	pathogenic
P13569	L772Q	0.3361	benign
P13569	L772R	0.3371	benign
P13569	L772S	0.5817	pathogenic
P13569	L772T	0.4637	ambiguous
P13569	L772V	0.1472	benign
P13569	L772W	0.2879	benign
P13569	L772Y	0.4324	ambiguous
P13569	M773A	0.8286	pathogenic
P13569	M773C	0.9122	pathogenic
P13569	M773D	0.9907	pathogenic
P13569	M773E	0.9345	pathogenic
P13569	M773F	0.5174	ambiguous
P13569	M773G	0.9551	pathogenic
P13569	M773H	0.8864	pathogenic
P13569	M773I	0.5276	ambiguous
P13569	M773K	0.671	pathogenic
P13569	M773L	0.2344	benign
P13569	M773N	0.9505	pathogenic
P13569	M773P	0.946	pathogenic
P13569	M773Q	0.662	pathogenic
P13569	M773R	0.6422	pathogenic
P13569	M773S	0.8913	pathogenic
P13569	M773T	0.7937	pathogenic
P13569	M773V	0.208	benign
P13569	M773W	0.8601	pathogenic
P13569	M773Y	0.8694	pathogenic
P13569	T774A	0.2057	benign
P13569	T774C	0.6749	pathogenic
P13569	T774D	0.689	pathogenic
P13569	T774E	0.6103	pathogenic
P13569	T774F	0.5231	ambiguous
P13569	T774G	0.417	ambiguous
P13569	T774H	0.4598	ambiguous
P13569	T774I	0.4634	ambiguous
P13569	T774K	0.3531	ambiguous
P13569	T774L	0.216	benign
P13569	T774M	0.1643	benign
P13569	T774N	0.257	benign
P13569	T774P	0.2937	benign
P13569	T774Q	0.3883	ambiguous
P13569	T774R	0.2595	benign
P13569	T774S	0.2412	benign
P13569	T774V	0.3838	ambiguous
P13569	T774W	0.8247	pathogenic
P13569	T774Y	0.5945	pathogenic
P13569	H775A	0.1147	benign
P13569	H775C	0.0832	benign
P13569	H775D	0.0946	benign
P13569	H775E	0.1528	benign
P13569	H775F	0.1909	benign
P13569	H775G	0.0885	benign
P13569	H775I	0.1949	benign
P13569	H775K	0.1372	benign
P13569	H775L	0.0854	benign
P13569	H775M	0.3138	benign
P13569	H775N	0.0657	benign
P13569	H775P	0.09	benign
P13569	H775Q	0.0947	benign
P13569	H775R	0.0582	benign
P13569	H775S	0.0976	benign
P13569	H775T	0.1265	benign
P13569	H775V	0.1453	benign
P13569	H775W	0.2248	benign
P13569	H775Y	0.0714	benign
P13569	S776A	0.0827	benign
P13569	S776C	0.1143	benign
P13569	S776D	0.3318	benign
P13569	S776E	0.4594	ambiguous
P13569	S776F	0.2066	benign
P13569	S776G	0.1072	benign
P13569	S776H	0.2869	benign
P13569	S776I	0.2273	benign
P13569	S776K	0.5581	ambiguous
P13569	S776L	0.1303	benign
P13569	S776M	0.2586	benign
P13569	S776N	0.175	benign
P13569	S776P	0.1173	benign
P13569	S776Q	0.4563	ambiguous
P13569	S776R	0.4435	ambiguous
P13569	S776T	0.0836	benign
P13569	S776V	0.1986	benign
P13569	S776W	0.3048	benign
P13569	S776Y	0.1719	benign
P13569	V777A	0.0834	benign
P13569	V777C	0.3904	ambiguous
P13569	V777D	0.1232	benign
P13569	V777E	0.1333	benign
P13569	V777F	0.0925	benign
P13569	V777G	0.0873	benign
P13569	V777H	0.2415	benign
P13569	V777I	0.0752	benign
P13569	V777K	0.1492	benign
P13569	V777L	0.1058	benign
P13569	V777M	0.0911	benign
P13569	V777N	0.1112	benign
P13569	V777P	0.1328	benign
P13569	V777Q	0.1404	benign
P13569	V777R	0.1152	benign
P13569	V777S	0.0892	benign
P13569	V777T	0.0987	benign
P13569	V777W	0.4008	ambiguous
P13569	V777Y	0.25	benign
P13569	N778A	0.1248	benign
P13569	N778C	0.1393	benign
P13569	N778D	0.0931	benign
P13569	N778E	0.1991	benign
P13569	N778F	0.2345	benign
P13569	N778G	0.1477	benign
P13569	N778H	0.0665	benign
P13569	N778I	0.1039	benign
P13569	N778K	0.1429	benign
P13569	N778L	0.1192	benign
P13569	N778M	0.2055	benign
P13569	N778P	0.1715	benign
P13569	N778Q	0.1661	benign
P13569	N778R	0.1363	benign
P13569	N778S	0.0654	benign
P13569	N778T	0.0818	benign
P13569	N778V	0.1225	benign
P13569	N778W	0.4429	ambiguous
P13569	N778Y	0.0894	benign
P13569	Q779A	0.1233	benign
P13569	Q779C	0.3172	benign
P13569	Q779D	0.1576	benign
P13569	Q779E	0.0715	benign
P13569	Q779F	0.3782	ambiguous
P13569	Q779G	0.1283	benign
P13569	Q779H	0.1074	benign
P13569	Q779I	0.2139	benign
P13569	Q779K	0.0783	benign
P13569	Q779L	0.1041	benign
P13569	Q779M	0.2357	benign
P13569	Q779N	0.1461	benign
P13569	Q779P	0.0682	benign
P13569	Q779R	0.0709	benign
P13569	Q779S	0.1169	benign
P13569	Q779T	0.111	benign
P13569	Q779V	0.159	benign
P13569	Q779W	0.237	benign
P13569	Q779Y	0.2184	benign
P13569	G780A	0.1057	benign
P13569	G780C	0.1203	benign
P13569	G780D	0.1052	benign
P13569	G780E	0.1084	benign
P13569	G780F	0.2883	benign
P13569	G780H	0.1658	benign
P13569	G780I	0.1406	benign
P13569	G780K	0.1829	benign
P13569	G780L	0.2275	benign
P13569	G780M	0.2567	benign
P13569	G780N	0.1419	benign
P13569	G780P	0.3165	benign
P13569	G780Q	0.1504	benign
P13569	G780R	0.1267	benign
P13569	G780S	0.0822	benign
P13569	G780T	0.11	benign
P13569	G780V	0.1024	benign
P13569	G780W	0.1814	benign
P13569	G780Y	0.1754	benign
P13569	Q781A	0.1267	benign
P13569	Q781C	0.2938	benign
P13569	Q781D	0.1683	benign
P13569	Q781E	0.08	benign
P13569	Q781F	0.3669	ambiguous
P13569	Q781G	0.1233	benign
P13569	Q781H	0.1199	benign
P13569	Q781I	0.2114	benign
P13569	Q781K	0.0798	benign
P13569	Q781L	0.101	benign
P13569	Q781M	0.2127	benign
P13569	Q781N	0.132	benign
P13569	Q781P	0.0616	benign
P13569	Q781R	0.0734	benign
P13569	Q781S	0.1027	benign
P13569	Q781T	0.114	benign
P13569	Q781V	0.1509	benign
P13569	Q781W	0.2329	benign
P13569	Q781Y	0.2286	benign
P13569	N782A	0.1033	benign
P13569	N782C	0.1206	benign
P13569	N782D	0.0861	benign
P13569	N782E	0.1726	benign
P13569	N782F	0.2203	benign
P13569	N782G	0.1287	benign
P13569	N782H	0.0711	benign
P13569	N782I	0.0858	benign
P13569	N782K	0.1264	benign
P13569	N782L	0.1091	benign
P13569	N782M	0.1604	benign
P13569	N782P	0.1701	benign
P13569	N782Q	0.1571	benign
P13569	N782R	0.1252	benign
P13569	N782S	0.0681	benign
P13569	N782T	0.0788	benign
P13569	N782V	0.0953	benign
P13569	N782W	0.3846	ambiguous
P13569	N782Y	0.0774	benign
P13569	I783A	0.1246	benign
P13569	I783C	0.248	benign
P13569	I783D	0.1897	benign
P13569	I783E	0.2102	benign
P13569	I783F	0.063	benign
P13569	I783G	0.2072	benign
P13569	I783H	0.1403	benign
P13569	I783K	0.1419	benign
P13569	I783L	0.0724	benign
P13569	I783M	0.0742	benign
P13569	I783N	0.0754	benign
P13569	I783P	0.1699	benign
P13569	I783Q	0.1504	benign
P13569	I783R	0.0892	benign
P13569	I783S	0.0909	benign
P13569	I783T	0.0978	benign
P13569	I783V	0.0677	benign
P13569	I783W	0.2924	benign
P13569	I783Y	0.1633	benign
P13569	H784A	0.1211	benign
P13569	H784C	0.0842	benign
P13569	H784D	0.1032	benign
P13569	H784E	0.1304	benign
P13569	H784F	0.1543	benign
P13569	H784G	0.1191	benign
P13569	H784I	0.1356	benign
P13569	H784K	0.1309	benign
P13569	H784L	0.0769	benign
P13569	H784M	0.2518	benign
P13569	H784N	0.0734	benign
P13569	H784P	0.0676	benign
P13569	H784Q	0.0833	benign
P13569	H784R	0.0631	benign
P13569	H784S	0.0971	benign
P13569	H784T	0.1191	benign
P13569	H784V	0.1201	benign
P13569	H784W	0.1817	benign
P13569	H784Y	0.0645	benign
P13569	R785A	0.1398	benign
P13569	R785C	0.1139	benign
P13569	R785D	0.2766	benign
P13569	R785E	0.1426	benign
P13569	R785F	0.2691	benign
P13569	R785G	0.0751	benign
P13569	R785H	0.0913	benign
P13569	R785I	0.1332	benign
P13569	R785K	0.0745	benign
P13569	R785L	0.1235	benign
P13569	R785M	0.137	benign
P13569	R785N	0.2299	benign
P13569	R785P	0.1683	benign
P13569	R785Q	0.0706	benign
P13569	R785S	0.1671	benign
P13569	R785T	0.1018	benign
P13569	R785V	0.1682	benign
P13569	R785W	0.094	benign
P13569	R785Y	0.1938	benign
P13569	K786A	0.1442	benign
P13569	K786C	0.3699	ambiguous
P13569	K786D	0.2339	benign
P13569	K786E	0.0958	benign
P13569	K786F	0.3677	ambiguous
P13569	K786G	0.1536	benign
P13569	K786H	0.1705	benign
P13569	K786I	0.1528	benign
P13569	K786L	0.1589	benign
P13569	K786M	0.1084	benign
P13569	K786N	0.1355	benign
P13569	K786P	0.2467	benign
P13569	K786Q	0.0852	benign
P13569	K786R	0.0625	benign
P13569	K786S	0.1552	benign
P13569	K786T	0.0874	benign
P13569	K786V	0.1575	benign
P13569	K786W	0.3801	ambiguous
P13569	K786Y	0.2795	benign
P13569	T787A	0.0653	benign
P13569	T787C	0.2398	benign
P13569	T787D	0.1774	benign
P13569	T787E	0.1487	benign
P13569	T787F	0.1359	benign
P13569	T787G	0.1198	benign
P13569	T787H	0.1392	benign
P13569	T787I	0.1008	benign
P13569	T787K	0.1089	benign
P13569	T787L	0.0802	benign
P13569	T787M	0.0754	benign
P13569	T787N	0.0759	benign
P13569	T787P	0.0719	benign
P13569	T787Q	0.1281	benign
P13569	T787R	0.0872	benign
P13569	T787S	0.0834	benign
P13569	T787V	0.0913	benign
P13569	T787W	0.3098	benign
P13569	T787Y	0.1402	benign
P13569	T788A	0.0579	benign
P13569	T788C	0.2413	benign
P13569	T788D	0.1819	benign
P13569	T788E	0.1559	benign
P13569	T788F	0.1236	benign
P13569	T788G	0.1165	benign
P13569	T788H	0.1378	benign
P13569	T788I	0.0889	benign
P13569	T788K	0.1109	benign
P13569	T788L	0.0756	benign
P13569	T788M	0.0791	benign
P13569	T788N	0.091	benign
P13569	T788P	0.0771	benign
P13569	T788Q	0.134	benign
P13569	T788R	0.0832	benign
P13569	T788S	0.0815	benign
P13569	T788V	0.0788	benign
P13569	T788W	0.2986	benign
P13569	T788Y	0.1474	benign
P13569	A789C	0.2181	benign
P13569	A789D	0.131	benign
P13569	A789E	0.1351	benign
P13569	A789F	0.1245	benign
P13569	A789G	0.0829	benign
P13569	A789H	0.2044	benign
P13569	A789I	0.0991	benign
P13569	A789K	0.1867	benign
P13569	A789L	0.0874	benign
P13569	A789M	0.114	benign
P13569	A789N	0.1145	benign
P13569	A789P	0.0803	benign
P13569	A789Q	0.1679	benign
P13569	A789R	0.155	benign
P13569	A789S	0.0732	benign
P13569	A789T	0.0658	benign
P13569	A789V	0.0722	benign
P13569	A789W	0.3141	benign
P13569	A789Y	0.1713	benign
P13569	S790A	0.061	benign
P13569	S790C	0.0857	benign
P13569	S790D	0.2415	benign
P13569	S790E	0.305	benign
P13569	S790F	0.1064	benign
P13569	S790G	0.091	benign
P13569	S790H	0.2086	benign
P13569	S790I	0.1123	benign
P13569	S790K	0.378	ambiguous
P13569	S790L	0.0793	benign
P13569	S790M	0.1463	benign
P13569	S790N	0.1256	benign
P13569	S790P	0.0693	benign
P13569	S790Q	0.2822	benign
P13569	S790R	0.3234	benign
P13569	S790T	0.0709	benign
P13569	S790V	0.101	benign
P13569	S790W	0.1845	benign
P13569	S790Y	0.1035	benign
P13569	T791A	0.0616	benign
P13569	T791C	0.1906	benign
P13569	T791D	0.1932	benign
P13569	T791E	0.1709	benign
P13569	T791F	0.1072	benign
P13569	T791G	0.1145	benign
P13569	T791H	0.1278	benign
P13569	T791I	0.0816	benign
P13569	T791K	0.117	benign
P13569	T791L	0.0688	benign
P13569	T791M	0.0783	benign
P13569	T791N	0.0821	benign
P13569	T791P	0.0618	benign
P13569	T791Q	0.1263	benign
P13569	T791R	0.0922	benign
P13569	T791S	0.0761	benign
P13569	T791V	0.0781	benign
P13569	T791W	0.2742	benign
P13569	T791Y	0.1296	benign
P13569	R792A	0.2292	benign
P13569	R792C	0.1571	benign
P13569	R792D	0.4372	ambiguous
P13569	R792E	0.2185	benign
P13569	R792F	0.3908	ambiguous
P13569	R792G	0.1184	benign
P13569	R792H	0.121	benign
P13569	R792I	0.2205	benign
P13569	R792K	0.0925	benign
P13569	R792L	0.1963	benign
P13569	R792M	0.211	benign
P13569	R792N	0.3707	ambiguous
P13569	R792P	0.2721	benign
P13569	R792Q	0.0916	benign
P13569	R792S	0.2962	benign
P13569	R792T	0.1788	benign
P13569	R792V	0.266	benign
P13569	R792W	0.1275	benign
P13569	R792Y	0.2938	benign
P13569	K793A	0.26	benign
P13569	K793C	0.6276	pathogenic
P13569	K793D	0.4047	ambiguous
P13569	K793E	0.1471	benign
P13569	K793F	0.6356	pathogenic
P13569	K793G	0.3139	benign
P13569	K793H	0.2733	benign
P13569	K793I	0.2891	benign
P13569	K793L	0.3015	benign
P13569	K793M	0.1957	benign
P13569	K793N	0.279	benign
P13569	K793P	0.4076	ambiguous
P13569	K793Q	0.133	benign
P13569	K793R	0.0813	benign
P13569	K793S	0.3134	benign
P13569	K793T	0.1499	benign
P13569	K793V	0.2901	benign
P13569	K793W	0.6695	pathogenic
P13569	K793Y	0.4997	ambiguous
P13569	V794A	0.1325	benign
P13569	V794C	0.5228	ambiguous
P13569	V794D	0.2008	benign
P13569	V794E	0.1683	benign
P13569	V794F	0.0787	benign
P13569	V794G	0.1068	benign
P13569	V794H	0.313	benign
P13569	V794I	0.0762	benign
P13569	V794K	0.174	benign
P13569	V794L	0.0855	benign
P13569	V794M	0.0631	benign
P13569	V794N	0.1504	benign
P13569	V794P	0.1971	benign
P13569	V794Q	0.1704	benign
P13569	V794R	0.1395	benign
P13569	V794S	0.1264	benign
P13569	V794T	0.1365	benign
P13569	V794W	0.3541	ambiguous
P13569	V794Y	0.247	benign
P13569	S795A	0.0966	benign
P13569	S795C	0.1283	benign
P13569	S795D	0.5006	ambiguous
P13569	S795E	0.6255	pathogenic
P13569	S795F	0.1571	benign
P13569	S795G	0.1559	benign
P13569	S795H	0.4108	ambiguous
P13569	S795I	0.2159	benign
P13569	S795K	0.7565	pathogenic
P13569	S795L	0.1011	benign
P13569	S795M	0.2501	benign
P13569	S795N	0.2516	benign
P13569	S795P	0.1308	benign
P13569	S795Q	0.5926	pathogenic
P13569	S795R	0.6648	pathogenic
P13569	S795T	0.1027	benign
P13569	S795V	0.2029	benign
P13569	S795W	0.3246	benign
P13569	S795Y	0.1683	benign
P13569	L796A	0.1397	benign
P13569	L796C	0.3273	benign
P13569	L796D	0.4444	ambiguous
P13569	L796E	0.2607	benign
P13569	L796F	0.0786	benign
P13569	L796G	0.2856	benign
P13569	L796H	0.1502	benign
P13569	L796I	0.0728	benign
P13569	L796K	0.2075	benign
P13569	L796M	0.0874	benign
P13569	L796N	0.2535	benign
P13569	L796P	0.1469	benign
P13569	L796Q	0.1331	benign
P13569	L796R	0.1394	benign
P13569	L796S	0.149	benign
P13569	L796T	0.1323	benign
P13569	L796V	0.0755	benign
P13569	L796W	0.1434	benign
P13569	L796Y	0.2195	benign
P13569	A797C	0.3089	benign
P13569	A797D	0.1953	benign
P13569	A797E	0.1725	benign
P13569	A797F	0.1553	benign
P13569	A797G	0.1095	benign
P13569	A797H	0.2682	benign
P13569	A797I	0.1234	benign
P13569	A797K	0.2766	benign
P13569	A797L	0.0935	benign
P13569	A797M	0.141	benign
P13569	A797N	0.1714	benign
P13569	A797P	0.1103	benign
P13569	A797Q	0.2055	benign
P13569	A797R	0.2244	benign
P13569	A797S	0.0806	benign
P13569	A797T	0.0755	benign
P13569	A797V	0.0749	benign
P13569	A797W	0.4586	ambiguous
P13569	A797Y	0.2462	benign
P13569	P798A	0.0941	benign
P13569	P798C	0.3758	ambiguous
P13569	P798D	0.3683	ambiguous
P13569	P798E	0.2598	benign
P13569	P798F	0.3612	ambiguous
P13569	P798G	0.26	benign
P13569	P798H	0.1332	benign
P13569	P798I	0.2831	benign
P13569	P798K	0.2508	benign
P13569	P798L	0.1177	benign
P13569	P798M	0.2982	benign
P13569	P798N	0.2568	benign
P13569	P798Q	0.1361	benign
P13569	P798R	0.1433	benign
P13569	P798S	0.0981	benign
P13569	P798T	0.0911	benign
P13569	P798V	0.2107	benign
P13569	P798W	0.4809	ambiguous
P13569	P798Y	0.3204	benign
P13569	Q799A	0.1277	benign
P13569	Q799C	0.431	ambiguous
P13569	Q799D	0.2262	benign
P13569	Q799E	0.0794	benign
P13569	Q799F	0.4526	ambiguous
P13569	Q799G	0.1659	benign
P13569	Q799H	0.1373	benign
P13569	Q799I	0.2595	benign
P13569	Q799K	0.0853	benign
P13569	Q799L	0.1068	benign
P13569	Q799M	0.265	benign
P13569	Q799N	0.1947	benign
P13569	Q799P	0.0778	benign
P13569	Q799R	0.0846	benign
P13569	Q799S	0.1336	benign
P13569	Q799T	0.1329	benign
P13569	Q799V	0.1687	benign
P13569	Q799W	0.3249	benign
P13569	Q799Y	0.2835	benign
P13569	A800C	0.2863	benign
P13569	A800D	0.136	benign
P13569	A800E	0.1246	benign
P13569	A800F	0.1958	benign
P13569	A800G	0.0795	benign
P13569	A800H	0.2643	benign
P13569	A800I	0.1567	benign
P13569	A800K	0.2066	benign
P13569	A800L	0.1223	benign
P13569	A800M	0.1457	benign
P13569	A800N	0.1331	benign
P13569	A800P	0.1236	benign
P13569	A800Q	0.1826	benign
P13569	A800R	0.1806	benign
P13569	A800S	0.0791	benign
P13569	A800T	0.0674	benign
P13569	A800V	0.0915	benign
P13569	A800W	0.3889	ambiguous
P13569	A800Y	0.237	benign
P13569	N801A	0.1158	benign
P13569	N801C	0.1549	benign
P13569	N801D	0.0803	benign
P13569	N801E	0.1836	benign
P13569	N801F	0.2879	benign
P13569	N801G	0.1549	benign
P13569	N801H	0.0804	benign
P13569	N801I	0.1217	benign
P13569	N801K	0.1363	benign
P13569	N801L	0.1403	benign
P13569	N801M	0.2217	benign
P13569	N801P	0.202	benign
P13569	N801Q	0.1828	benign
P13569	N801R	0.1484	benign
P13569	N801S	0.0647	benign
P13569	N801T	0.0846	benign
P13569	N801V	0.1208	benign
P13569	N801W	0.5514	ambiguous
P13569	N801Y	0.1111	benign
P13569	L802A	0.1354	benign
P13569	L802C	0.2093	benign
P13569	L802D	0.2791	benign
P13569	L802E	0.1913	benign
P13569	L802F	0.0647	benign
P13569	L802G	0.215	benign
P13569	L802H	0.1031	benign
P13569	L802I	0.0718	benign
P13569	L802K	0.1624	benign
P13569	L802M	0.0895	benign
P13569	L802N	0.163	benign
P13569	L802P	0.1261	benign
P13569	L802Q	0.101	benign
P13569	L802R	0.1109	benign
P13569	L802S	0.1155	benign
P13569	L802T	0.1177	benign
P13569	L802V	0.0736	benign
P13569	L802W	0.1083	benign
P13569	L802Y	0.1441	benign
P13569	T803A	0.0741	benign
P13569	T803C	0.3077	benign
P13569	T803D	0.2123	benign
P13569	T803E	0.178	benign
P13569	T803F	0.1804	benign
P13569	T803G	0.155	benign
P13569	T803H	0.1513	benign
P13569	T803I	0.167	benign
P13569	T803K	0.1315	benign
P13569	T803L	0.0908	benign
P13569	T803M	0.0895	benign
P13569	T803N	0.0976	benign
P13569	T803P	0.0867	benign
P13569	T803Q	0.148	benign
P13569	T803R	0.0985	benign
P13569	T803S	0.0845	benign
P13569	T803V	0.1389	benign
P13569	T803W	0.3691	ambiguous
P13569	T803Y	0.201	benign
P13569	E804A	0.1687	benign
P13569	E804C	0.7982	pathogenic
P13569	E804D	0.0941	benign
P13569	E804F	0.696	pathogenic
P13569	E804G	0.1441	benign
P13569	E804H	0.3827	ambiguous
P13569	E804I	0.432	ambiguous
P13569	E804K	0.1554	benign
P13569	E804L	0.4388	ambiguous
P13569	E804M	0.4985	ambiguous
P13569	E804N	0.2232	benign
P13569	E804P	0.4082	ambiguous
P13569	E804Q	0.1582	benign
P13569	E804R	0.2429	benign
P13569	E804S	0.1786	benign
P13569	E804T	0.2455	benign
P13569	E804V	0.2514	benign
P13569	E804W	0.8612	pathogenic
P13569	E804Y	0.5302	ambiguous
P13569	L805A	0.1081	benign
P13569	L805C	0.3426	ambiguous
P13569	L805D	0.325	benign
P13569	L805E	0.1572	benign
P13569	L805F	0.1138	benign
P13569	L805G	0.191	benign
P13569	L805H	0.1634	benign
P13569	L805I	0.0725	benign
P13569	L805K	0.1068	benign
P13569	L805M	0.0526	benign
P13569	L805N	0.1642	benign
P13569	L805P	0.1576	benign
P13569	L805Q	0.1014	benign
P13569	L805R	0.0982	benign
P13569	L805S	0.1244	benign
P13569	L805T	0.0829	benign
P13569	L805V	0.0698	benign
P13569	L805W	0.1353	benign
P13569	L805Y	0.2217	benign
P13569	D806A	0.4112	ambiguous
P13569	D806C	0.8114	pathogenic
P13569	D806E	0.3824	ambiguous
P13569	D806F	0.8476	pathogenic
P13569	D806G	0.341	ambiguous
P13569	D806H	0.4931	ambiguous
P13569	D806I	0.7703	pathogenic
P13569	D806K	0.7278	pathogenic
P13569	D806L	0.6977	pathogenic
P13569	D806M	0.8811	pathogenic
P13569	D806N	0.2151	benign
P13569	D806P	0.7955	pathogenic
P13569	D806Q	0.6059	pathogenic
P13569	D806R	0.6864	pathogenic
P13569	D806S	0.2981	benign
P13569	D806T	0.5808	pathogenic
P13569	D806V	0.5312	ambiguous
P13569	D806W	0.9538	pathogenic
P13569	D806Y	0.4549	ambiguous
P13569	I807A	0.5252	ambiguous
P13569	I807C	0.7671	pathogenic
P13569	I807D	0.7713	pathogenic
P13569	I807E	0.7748	pathogenic
P13569	I807F	0.2211	benign
P13569	I807G	0.7575	pathogenic
P13569	I807H	0.6889	pathogenic
P13569	I807K	0.6277	pathogenic
P13569	I807L	0.1718	benign
P13569	I807M	0.1612	benign
P13569	I807N	0.3832	ambiguous
P13569	I807P	0.7486	pathogenic
P13569	I807Q	0.7124	pathogenic
P13569	I807R	0.4751	ambiguous
P13569	I807S	0.4253	ambiguous
P13569	I807T	0.3967	ambiguous
P13569	I807V	0.0996	benign
P13569	I807W	0.8413	pathogenic
P13569	I807Y	0.5668	pathogenic
P13569	Y808A	0.7066	pathogenic
P13569	Y808C	0.2308	benign
P13569	Y808D	0.6035	pathogenic
P13569	Y808E	0.8556	pathogenic
P13569	Y808F	0.1698	benign
P13569	Y808G	0.6439	pathogenic
P13569	Y808H	0.4206	ambiguous
P13569	Y808I	0.6733	pathogenic
P13569	Y808K	0.8706	pathogenic
P13569	Y808L	0.5692	pathogenic
P13569	Y808M	0.8285	pathogenic
P13569	Y808N	0.4114	ambiguous
P13569	Y808P	0.7631	pathogenic
P13569	Y808Q	0.7876	pathogenic
P13569	Y808R	0.6953	pathogenic
P13569	Y808S	0.3457	ambiguous
P13569	Y808T	0.6595	pathogenic
P13569	Y808V	0.551	ambiguous
P13569	Y808W	0.6517	pathogenic
P13569	S809A	0.0795	benign
P13569	S809C	0.1036	benign
P13569	S809D	0.4657	ambiguous
P13569	S809E	0.5319	ambiguous
P13569	S809F	0.2448	benign
P13569	S809G	0.1007	benign
P13569	S809H	0.3669	ambiguous
P13569	S809I	0.2747	benign
P13569	S809K	0.6708	pathogenic
P13569	S809L	0.1126	benign
P13569	S809M	0.2675	benign
P13569	S809N	0.1846	benign
P13569	S809P	0.2574	benign
P13569	S809Q	0.5154	ambiguous
P13569	S809R	0.5681	pathogenic
P13569	S809T	0.0884	benign
P13569	S809V	0.2291	benign
P13569	S809W	0.3669	ambiguous
P13569	S809Y	0.1914	benign
P13569	R810A	0.7517	pathogenic
P13569	R810C	0.304	benign
P13569	R810D	0.8797	pathogenic
P13569	R810E	0.5977	pathogenic
P13569	R810F	0.8475	pathogenic
P13569	R810G	0.4842	ambiguous
P13569	R810H	0.1988	benign
P13569	R810I	0.6794	pathogenic
P13569	R810K	0.2399	benign
P13569	R810L	0.5203	ambiguous
P13569	R810M	0.6505	pathogenic
P13569	R810N	0.8386	pathogenic
P13569	R810P	0.7892	pathogenic
P13569	R810Q	0.1599	benign
P13569	R810S	0.7785	pathogenic
P13569	R810T	0.6438	pathogenic
P13569	R810V	0.7361	pathogenic
P13569	R810W	0.3228	benign
P13569	R810Y	0.6649	pathogenic
P13569	R811A	0.7713	pathogenic
P13569	R811C	0.3096	benign
P13569	R811D	0.8479	pathogenic
P13569	R811E	0.6028	pathogenic
P13569	R811F	0.7756	pathogenic
P13569	R811G	0.545	ambiguous
P13569	R811H	0.1949	benign
P13569	R811I	0.5242	ambiguous
P13569	R811K	0.2596	benign
P13569	R811L	0.4681	ambiguous
P13569	R811M	0.5898	pathogenic
P13569	R811N	0.7899	pathogenic
P13569	R811P	0.7383	pathogenic
P13569	R811Q	0.1928	benign
P13569	R811S	0.7878	pathogenic
P13569	R811T	0.6431	pathogenic
P13569	R811V	0.6685	pathogenic
P13569	R811W	0.3044	benign
P13569	R811Y	0.568	pathogenic
P13569	L812A	0.3997	ambiguous
P13569	L812C	0.5882	pathogenic
P13569	L812D	0.7478	pathogenic
P13569	L812E	0.5002	ambiguous
P13569	L812F	0.1744	benign
P13569	L812G	0.5754	pathogenic
P13569	L812H	0.3192	benign
P13569	L812I	0.1178	benign
P13569	L812K	0.3639	ambiguous
P13569	L812M	0.1509	benign
P13569	L812N	0.4785	ambiguous
P13569	L812P	0.3688	ambiguous
P13569	L812Q	0.2519	benign
P13569	L812R	0.2771	benign
P13569	L812S	0.4095	ambiguous
P13569	L812T	0.3807	ambiguous
P13569	L812V	0.1376	benign
P13569	L812W	0.3149	benign
P13569	L812Y	0.4095	ambiguous
P13569	S813A	0.1105	benign
P13569	S813C	0.1247	benign
P13569	S813D	0.5368	ambiguous
P13569	S813E	0.6258	pathogenic
P13569	S813F	0.2335	benign
P13569	S813G	0.1488	benign
P13569	S813H	0.4391	ambiguous
P13569	S813I	0.2961	benign
P13569	S813K	0.7844	pathogenic
P13569	S813L	0.1172	benign
P13569	S813M	0.3109	benign
P13569	S813N	0.2782	benign
P13569	S813P	0.1881	benign
P13569	S813Q	0.6182	pathogenic
P13569	S813R	0.7008	pathogenic
P13569	S813T	0.1147	benign
P13569	S813V	0.2759	benign
P13569	S813W	0.3827	ambiguous
P13569	S813Y	0.2075	benign
P13569	Q814A	0.1252	benign
P13569	Q814C	0.3193	benign
P13569	Q814D	0.1688	benign
P13569	Q814E	0.0638	benign
P13569	Q814F	0.4155	ambiguous
P13569	Q814G	0.1093	benign
P13569	Q814H	0.115	benign
P13569	Q814I	0.2482	benign
P13569	Q814K	0.0606	benign
P13569	Q814L	0.0991	benign
P13569	Q814M	0.2394	benign
P13569	Q814N	0.1543	benign
P13569	Q814P	0.0848	benign
P13569	Q814R	0.0628	benign
P13569	Q814S	0.1332	benign
P13569	Q814T	0.1217	benign
P13569	Q814V	0.1621	benign
P13569	Q814W	0.2405	benign
P13569	Q814Y	0.2379	benign
P13569	E815A	0.1122	benign
P13569	E815C	0.4833	ambiguous
P13569	E815D	0.0561	benign
P13569	E815F	0.446	ambiguous
P13569	E815G	0.0675	benign
P13569	E815H	0.2441	benign
P13569	E815I	0.2272	benign
P13569	E815K	0.1146	benign
P13569	E815L	0.2609	benign
P13569	E815M	0.32	benign
P13569	E815N	0.1043	benign
P13569	E815P	0.3356	benign
P13569	E815Q	0.1204	benign
P13569	E815R	0.1792	benign
P13569	E815S	0.1093	benign
P13569	E815T	0.1379	benign
P13569	E815V	0.1389	benign
P13569	E815W	0.6566	pathogenic
P13569	E815Y	0.2931	benign
P13569	T816A	0.067	benign
P13569	T816C	0.172	benign
P13569	T816D	0.1528	benign
P13569	T816E	0.1788	benign
P13569	T816F	0.1541	benign
P13569	T816G	0.0985	benign
P13569	T816H	0.1416	benign
P13569	T816I	0.1166	benign
P13569	T816K	0.1405	benign
P13569	T816L	0.0932	benign
P13569	T816M	0.0966	benign
P13569	T816N	0.0673	benign
P13569	T816P	0.0917	benign
P13569	T816Q	0.1679	benign
P13569	T816R	0.1134	benign
P13569	T816S	0.0676	benign
P13569	T816V	0.1124	benign
P13569	T816W	0.3071	benign
P13569	T816Y	0.1311	benign
P13569	G817A	0.0754	benign
P13569	G817C	0.0828	benign
P13569	G817D	0.0968	benign
P13569	G817E	0.1129	benign
P13569	G817F	0.1959	benign
P13569	G817H	0.1449	benign
P13569	G817I	0.0904	benign
P13569	G817K	0.1826	benign
P13569	G817L	0.1535	benign
P13569	G817M	0.1877	benign
P13569	G817N	0.1182	benign
P13569	G817P	0.2858	benign
P13569	G817Q	0.1589	benign
P13569	G817R	0.1239	benign
P13569	G817S	0.0645	benign
P13569	G817T	0.0821	benign
P13569	G817V	0.0751	benign
P13569	G817W	0.1906	benign
P13569	G817Y	0.1345	benign
P13569	L818A	0.1173	benign
P13569	L818C	0.2471	benign
P13569	L818D	0.2911	benign
P13569	L818E	0.1679	benign
P13569	L818F	0.0721	benign
P13569	L818G	0.1979	benign
P13569	L818H	0.1239	benign
P13569	L818I	0.07	benign
P13569	L818K	0.1441	benign
P13569	L818M	0.0719	benign
P13569	L818N	0.1729	benign
P13569	L818P	0.1318	benign
P13569	L818Q	0.1011	benign
P13569	L818R	0.1141	benign
P13569	L818S	0.109	benign
P13569	L818T	0.1039	benign
P13569	L818V	0.0773	benign
P13569	L818W	0.1032	benign
P13569	L818Y	0.1653	benign
P13569	E819A	0.1081	benign
P13569	E819C	0.4944	ambiguous
P13569	E819D	0.0663	benign
P13569	E819F	0.3954	ambiguous
P13569	E819G	0.0899	benign
P13569	E819H	0.2191	benign
P13569	E819I	0.1898	benign
P13569	E819K	0.1108	benign
P13569	E819L	0.1986	benign
P13569	E819M	0.2689	benign
P13569	E819N	0.1154	benign
P13569	E819P	0.2918	benign
P13569	E819Q	0.1064	benign
P13569	E819R	0.1632	benign
P13569	E819S	0.1137	benign
P13569	E819T	0.1311	benign
P13569	E819V	0.1215	benign
P13569	E819W	0.6139	pathogenic
P13569	E819Y	0.289	benign
P13569	I820A	0.2462	benign
P13569	I820C	0.4467	ambiguous
P13569	I820D	0.3398	benign
P13569	I820E	0.3531	ambiguous
P13569	I820F	0.082	benign
P13569	I820G	0.3804	ambiguous
P13569	I820H	0.3316	benign
P13569	I820K	0.3033	benign
P13569	I820L	0.0917	benign
P13569	I820M	0.0865	benign
P13569	I820N	0.1323	benign
P13569	I820P	0.4111	ambiguous
P13569	I820Q	0.3374	benign
P13569	I820R	0.2275	benign
P13569	I820S	0.1926	benign
P13569	I820T	0.1985	benign
P13569	I820V	0.0824	benign
P13569	I820W	0.4895	ambiguous
P13569	I820Y	0.2472	benign
P13569	S821A	0.0974	benign
P13569	S821C	0.1096	benign
P13569	S821D	0.247	benign
P13569	S821E	0.3762	ambiguous
P13569	S821F	0.2413	benign
P13569	S821G	0.0806	benign
P13569	S821H	0.3063	benign
P13569	S821I	0.1819	benign
P13569	S821K	0.4877	ambiguous
P13569	S821L	0.1122	benign
P13569	S821M	0.2033	benign
P13569	S821N	0.1124	benign
P13569	S821P	0.1771	benign
P13569	S821Q	0.4464	ambiguous
P13569	S821R	0.4088	ambiguous
P13569	S821T	0.0641	benign
P13569	S821V	0.1932	benign
P13569	S821W	0.3346	benign
P13569	S821Y	0.19	benign
P13569	E822A	0.1835	benign
P13569	E822C	0.7927	pathogenic
P13569	E822D	0.0979	benign
P13569	E822F	0.7325	pathogenic
P13569	E822G	0.1155	benign
P13569	E822H	0.4321	ambiguous
P13569	E822I	0.4738	ambiguous
P13569	E822K	0.1221	benign
P13569	E822L	0.4189	ambiguous
P13569	E822M	0.4972	ambiguous
P13569	E822N	0.2404	benign
P13569	E822P	0.5189	ambiguous
P13569	E822Q	0.1691	benign
P13569	E822R	0.2102	benign
P13569	E822S	0.1892	benign
P13569	E822T	0.2396	benign
P13569	E822V	0.2781	benign
P13569	E822W	0.8241	pathogenic
P13569	E822Y	0.5813	pathogenic
P13569	E823A	0.1764	benign
P13569	E823C	0.7805	pathogenic
P13569	E823D	0.0889	benign
P13569	E823F	0.6392	pathogenic
P13569	E823G	0.1462	benign
P13569	E823H	0.4866	ambiguous
P13569	E823I	0.2844	benign
P13569	E823K	0.1843	benign
P13569	E823L	0.3865	ambiguous
P13569	E823M	0.3973	ambiguous
P13569	E823N	0.2066	benign
P13569	E823P	0.6375	pathogenic
P13569	E823Q	0.2082	benign
P13569	E823R	0.317	benign
P13569	E823S	0.2312	benign
P13569	E823T	0.2243	benign
P13569	E823V	0.1758	benign
P13569	E823W	0.8423	pathogenic
P13569	E823Y	0.472	ambiguous
P13569	I824A	0.4434	ambiguous
P13569	I824C	0.6479	pathogenic
P13569	I824D	0.5947	pathogenic
P13569	I824E	0.5068	ambiguous
P13569	I824F	0.1498	benign
P13569	I824G	0.6033	pathogenic
P13569	I824H	0.6015	pathogenic
P13569	I824K	0.4679	ambiguous
P13569	I824L	0.1011	benign
P13569	I824M	0.0877	benign
P13569	I824N	0.2583	benign
P13569	I824P	0.7428	pathogenic
P13569	I824Q	0.5029	ambiguous
P13569	I824R	0.3734	ambiguous
P13569	I824S	0.3783	ambiguous
P13569	I824T	0.3563	ambiguous
P13569	I824V	0.0941	benign
P13569	I824W	0.6449	pathogenic
P13569	I824Y	0.4281	ambiguous
P13569	N825A	0.1812	benign
P13569	N825C	0.1905	benign
P13569	N825D	0.0854	benign
P13569	N825E	0.2452	benign
P13569	N825F	0.4472	ambiguous
P13569	N825G	0.2165	benign
P13569	N825H	0.0942	benign
P13569	N825I	0.1834	benign
P13569	N825K	0.2135	benign
P13569	N825L	0.1919	benign
P13569	N825M	0.2929	benign
P13569	N825P	0.3876	ambiguous
P13569	N825Q	0.2606	benign
P13569	N825R	0.229	benign
P13569	N825S	0.0661	benign
P13569	N825T	0.101	benign
P13569	N825V	0.1954	benign
P13569	N825W	0.6554	pathogenic
P13569	N825Y	0.1514	benign
P13569	E826A	0.2438	benign
P13569	E826C	0.9008	pathogenic
P13569	E826D	0.2126	benign
P13569	E826F	0.8628	pathogenic
P13569	E826G	0.1995	benign
P13569	E826H	0.6198	pathogenic
P13569	E826I	0.5135	ambiguous
P13569	E826K	0.1389	benign
P13569	E826L	0.5492	ambiguous
P13569	E826M	0.5632	ambiguous
P13569	E826N	0.4375	ambiguous
P13569	E826P	0.6745	pathogenic
P13569	E826Q	0.2097	benign
P13569	E826R	0.2814	benign
P13569	E826S	0.3303	benign
P13569	E826T	0.3174	benign
P13569	E826V	0.3223	benign
P13569	E826W	0.9325	pathogenic
P13569	E826Y	0.7258	pathogenic
P13569	E827A	0.1419	benign
P13569	E827C	0.7806	pathogenic
P13569	E827D	0.0958	benign
P13569	E827F	0.6918	pathogenic
P13569	E827G	0.1249	benign
P13569	E827H	0.4475	ambiguous
P13569	E827I	0.3288	benign
P13569	E827K	0.1268	benign
P13569	E827L	0.3834	ambiguous
P13569	E827M	0.3931	ambiguous
P13569	E827N	0.1965	benign
P13569	E827P	0.683	pathogenic
P13569	E827Q	0.1606	benign
P13569	E827R	0.2438	benign
P13569	E827S	0.1934	benign
P13569	E827T	0.2089	benign
P13569	E827V	0.1954	benign
P13569	E827W	0.8219	pathogenic
P13569	E827Y	0.5037	ambiguous
P13569	D828A	0.3136	benign
P13569	D828C	0.7406	pathogenic
P13569	D828E	0.3211	benign
P13569	D828F	0.5542	ambiguous
P13569	D828G	0.2948	benign
P13569	D828H	0.4292	ambiguous
P13569	D828I	0.4123	ambiguous
P13569	D828K	0.6213	pathogenic
P13569	D828L	0.4922	ambiguous
P13569	D828M	0.6909	pathogenic
P13569	D828N	0.1593	benign
P13569	D828P	0.9112	pathogenic
P13569	D828Q	0.5876	pathogenic
P13569	D828R	0.6616	pathogenic
P13569	D828S	0.2689	benign
P13569	D828T	0.4417	ambiguous
P13569	D828V	0.2647	benign
P13569	D828W	0.8912	pathogenic
P13569	D828Y	0.1606	benign
P13569	L829A	0.5719	pathogenic
P13569	L829C	0.7615	pathogenic
P13569	L829D	0.901	pathogenic
P13569	L829E	0.656	pathogenic
P13569	L829F	0.2265	benign
P13569	L829G	0.8168	pathogenic
P13569	L829H	0.5946	pathogenic
P13569	L829I	0.1139	benign
P13569	L829K	0.6334	pathogenic
P13569	L829M	0.1251	benign
P13569	L829N	0.7851	pathogenic
P13569	L829P	0.8198	pathogenic
P13569	L829Q	0.4689	ambiguous
P13569	L829R	0.5336	ambiguous
P13569	L829S	0.6466	pathogenic
P13569	L829T	0.4873	ambiguous
P13569	L829V	0.146	benign
P13569	L829W	0.4032	ambiguous
P13569	L829Y	0.6019	pathogenic
P13569	K830A	0.3563	ambiguous
P13569	K830C	0.7457	pathogenic
P13569	K830D	0.5667	pathogenic
P13569	K830E	0.113	benign
P13569	K830F	0.8136	pathogenic
P13569	K830G	0.4129	ambiguous
P13569	K830H	0.3926	ambiguous
P13569	K830I	0.4113	ambiguous
P13569	K830L	0.355	ambiguous
P13569	K830M	0.2521	benign
P13569	K830N	0.4413	ambiguous
P13569	K830P	0.7877	pathogenic
P13569	K830Q	0.1222	benign
P13569	K830R	0.0835	benign
P13569	K830S	0.4245	ambiguous
P13569	K830T	0.2146	benign
P13569	K830V	0.3823	ambiguous
P13569	K830W	0.7582	pathogenic
P13569	K830Y	0.6608	pathogenic
P13569	E831A	0.1141	benign
P13569	E831C	0.6643	pathogenic
P13569	E831D	0.0786	benign
P13569	E831F	0.5292	ambiguous
P13569	E831G	0.1045	benign
P13569	E831H	0.3431	ambiguous
P13569	E831I	0.2494	benign
P13569	E831K	0.1491	benign
P13569	E831L	0.2737	benign
P13569	E831M	0.3482	ambiguous
P13569	E831N	0.1523	benign
P13569	E831P	0.5836	pathogenic
P13569	E831Q	0.1398	benign
P13569	E831R	0.2384	benign
P13569	E831S	0.1506	benign
P13569	E831T	0.1832	benign
P13569	E831V	0.1469	benign
P13569	E831W	0.7509	pathogenic
P13569	E831Y	0.3509	ambiguous
P13569	C832A	0.355	ambiguous
P13569	C832D	0.539	ambiguous
P13569	C832E	0.7119	pathogenic
P13569	C832F	0.1746	benign
P13569	C832G	0.1894	benign
P13569	C832H	0.4439	ambiguous
P13569	C832I	0.3377	benign
P13569	C832K	0.7914	pathogenic
P13569	C832L	0.4172	ambiguous
P13569	C832M	0.5424	ambiguous
P13569	C832N	0.3452	ambiguous
P13569	C832P	0.8431	pathogenic
P13569	C832Q	0.6249	pathogenic
P13569	C832R	0.5047	ambiguous
P13569	C832S	0.2473	benign
P13569	C832T	0.4013	ambiguous
P13569	C832V	0.333	benign
P13569	C832W	0.3806	ambiguous
P13569	C832Y	0.1506	benign
P13569	F833A	0.5346	ambiguous
P13569	F833C	0.3048	benign
P13569	F833D	0.7429	pathogenic
P13569	F833E	0.818	pathogenic
P13569	F833G	0.7486	pathogenic
P13569	F833H	0.6605	pathogenic
P13569	F833I	0.1397	benign
P13569	F833K	0.8733	pathogenic
P13569	F833L	0.5894	pathogenic
P13569	F833M	0.4397	ambiguous
P13569	F833N	0.6075	pathogenic
P13569	F833P	0.9381	pathogenic
P13569	F833Q	0.789	pathogenic
P13569	F833R	0.744	pathogenic
P13569	F833S	0.409	ambiguous
P13569	F833T	0.5121	ambiguous
P13569	F833V	0.1576	benign
P13569	F833W	0.6058	pathogenic
P13569	F833Y	0.1906	benign
P13569	F834A	0.0892	benign
P13569	F834C	0.0839	benign
P13569	F834D	0.1787	benign
P13569	F834E	0.2571	benign
P13569	F834G	0.1886	benign
P13569	F834H	0.1856	benign
P13569	F834I	0.0508	benign
P13569	F834K	0.2713	benign
P13569	F834L	0.2167	benign
P13569	F834M	0.1499	benign
P13569	F834N	0.1503	benign
P13569	F834P	0.3764	ambiguous
P13569	F834Q	0.2362	benign
P13569	F834R	0.1893	benign
P13569	F834S	0.0655	benign
P13569	F834T	0.0809	benign
P13569	F834V	0.0573	benign
P13569	F834W	0.2137	benign
P13569	F834Y	0.0912	benign
P13569	D835A	0.1663	benign
P13569	D835C	0.4641	ambiguous
P13569	D835E	0.1359	benign
P13569	D835F	0.5182	ambiguous
P13569	D835G	0.1198	benign
P13569	D835H	0.2192	benign
P13569	D835I	0.3212	benign
P13569	D835K	0.3171	benign
P13569	D835L	0.3287	benign
P13569	D835M	0.5763	pathogenic
P13569	D835N	0.1077	benign
P13569	D835P	0.5555	ambiguous
P13569	D835Q	0.2936	benign
P13569	D835R	0.296	benign
P13569	D835S	0.1073	benign
P13569	D835T	0.212	benign
P13569	D835V	0.1974	benign
P13569	D835W	0.7912	pathogenic
P13569	D835Y	0.2044	benign
P13569	D836A	0.1594	benign
P13569	D836C	0.4408	ambiguous
P13569	D836E	0.1141	benign
P13569	D836F	0.4505	ambiguous
P13569	D836G	0.1176	benign
P13569	D836H	0.2036	benign
P13569	D836I	0.2488	benign
P13569	D836K	0.2417	benign
P13569	D836L	0.3416	ambiguous
P13569	D836M	0.4924	ambiguous
P13569	D836N	0.0851	benign
P13569	D836P	0.6052	pathogenic
P13569	D836Q	0.2623	benign
P13569	D836R	0.2672	benign
P13569	D836S	0.1103	benign
P13569	D836T	0.1802	benign
P13569	D836V	0.1625	benign
P13569	D836W	0.8085	pathogenic
P13569	D836Y	0.1673	benign
P13569	M837A	0.0928	benign
P13569	M837C	0.3819	ambiguous
P13569	M837D	0.1969	benign
P13569	M837E	0.1117	benign
P13569	M837F	0.1446	benign
P13569	M837G	0.1427	benign
P13569	M837H	0.1939	benign
P13569	M837I	0.0808	benign
P13569	M837K	0.0697	benign
P13569	M837L	0.0848	benign
P13569	M837N	0.1276	benign
P13569	M837P	0.2085	benign
P13569	M837Q	0.1132	benign
P13569	M837R	0.0731	benign
P13569	M837S	0.1108	benign
P13569	M837T	0.061	benign
P13569	M837V	0.0491	benign
P13569	M837W	0.3043	benign
P13569	M837Y	0.2575	benign
P13569	E838A	0.0981	benign
P13569	E838C	0.5029	ambiguous
P13569	E838D	0.065	benign
P13569	E838F	0.3864	ambiguous
P13569	E838G	0.0739	benign
P13569	E838H	0.2159	benign
P13569	E838I	0.1697	benign
P13569	E838K	0.0905	benign
P13569	E838L	0.1921	benign
P13569	E838M	0.2613	benign
P13569	E838N	0.1061	benign
P13569	E838P	0.258	benign
P13569	E838Q	0.1065	benign
P13569	E838R	0.1456	benign
P13569	E838S	0.1084	benign
P13569	E838T	0.1264	benign
P13569	E838V	0.1104	benign
P13569	E838W	0.5924	pathogenic
P13569	E838Y	0.268	benign
P13569	S839A	0.0814	benign
P13569	S839C	0.0785	benign
P13569	S839D	0.0821	benign
P13569	S839E	0.1361	benign
P13569	S839F	0.1765	benign
P13569	S839G	0.0612	benign
P13569	S839H	0.1039	benign
P13569	S839I	0.0792	benign
P13569	S839K	0.1379	benign
P13569	S839L	0.1143	benign
P13569	S839M	0.1416	benign
P13569	S839N	0.0545	benign
P13569	S839P	0.1626	benign
P13569	S839Q	0.159	benign
P13569	S839R	0.1223	benign
P13569	S839T	0.0708	benign
P13569	S839V	0.0963	benign
P13569	S839W	0.2413	benign
P13569	S839Y	0.1018	benign
P13569	I840A	0.1689	benign
P13569	I840C	0.4156	ambiguous
P13569	I840D	0.2932	benign
P13569	I840E	0.2571	benign
P13569	I840F	0.0725	benign
P13569	I840G	0.3019	benign
P13569	I840H	0.206	benign
P13569	I840K	0.1612	benign
P13569	I840L	0.0741	benign
P13569	I840M	0.0767	benign
P13569	I840N	0.1071	benign
P13569	I840P	0.291	benign
P13569	I840Q	0.1947	benign
P13569	I840R	0.1249	benign
P13569	I840S	0.1279	benign
P13569	I840T	0.1272	benign
P13569	I840V	0.0695	benign
P13569	I840W	0.4534	ambiguous
P13569	I840Y	0.2378	benign
P13569	P841A	0.0835	benign
P13569	P841C	0.3	benign
P13569	P841D	0.268	benign
P13569	P841E	0.2009	benign
P13569	P841F	0.2868	benign
P13569	P841G	0.219	benign
P13569	P841H	0.1098	benign
P13569	P841I	0.2268	benign
P13569	P841K	0.2002	benign
P13569	P841L	0.1102	benign
P13569	P841M	0.2559	benign
P13569	P841N	0.1846	benign
P13569	P841Q	0.1283	benign
P13569	P841R	0.1325	benign
P13569	P841S	0.0908	benign
P13569	P841T	0.0762	benign
P13569	P841V	0.1732	benign
P13569	P841W	0.4215	ambiguous
P13569	P841Y	0.2369	benign
P13569	A842C	0.295	benign
P13569	A842D	0.1455	benign
P13569	A842E	0.1307	benign
P13569	A842F	0.184	benign
P13569	A842G	0.1061	benign
P13569	A842H	0.2213	benign
P13569	A842I	0.1237	benign
P13569	A842K	0.1785	benign
P13569	A842L	0.1058	benign
P13569	A842M	0.1267	benign
P13569	A842N	0.1366	benign
P13569	A842P	0.086	benign
P13569	A842Q	0.1643	benign
P13569	A842R	0.165	benign
P13569	A842S	0.0805	benign
P13569	A842T	0.0665	benign
P13569	A842V	0.082	benign
P13569	A842W	0.43	ambiguous
P13569	A842Y	0.2399	benign
P13569	V843A	0.1588	benign
P13569	V843C	0.7217	pathogenic
P13569	V843D	0.2934	benign
P13569	V843E	0.2342	benign
P13569	V843F	0.1279	benign
P13569	V843G	0.1928	benign
P13569	V843H	0.4569	ambiguous
P13569	V843I	0.079	benign
P13569	V843K	0.2309	benign
P13569	V843L	0.1931	benign
P13569	V843M	0.1223	benign
P13569	V843N	0.2181	benign
P13569	V843P	0.4888	ambiguous
P13569	V843Q	0.2703	benign
P13569	V843R	0.22	benign
P13569	V843S	0.197	benign
P13569	V843T	0.15	benign
P13569	V843W	0.7593	pathogenic
P13569	V843Y	0.4623	ambiguous
P13569	T844A	0.3181	benign
P13569	T844C	0.889	pathogenic
P13569	T844D	0.956	pathogenic
P13569	T844E	0.9144	pathogenic
P13569	T844F	0.8845	pathogenic
P13569	T844G	0.7997	pathogenic
P13569	T844H	0.8646	pathogenic
P13569	T844I	0.714	pathogenic
P13569	T844K	0.864	pathogenic
P13569	T844L	0.5632	ambiguous
P13569	T844M	0.3401	ambiguous
P13569	T844N	0.7015	pathogenic
P13569	T844P	0.5219	ambiguous
P13569	T844Q	0.8359	pathogenic
P13569	T844R	0.809	pathogenic
P13569	T844S	0.4863	ambiguous
P13569	T844V	0.5384	ambiguous
P13569	T844W	0.9744	pathogenic
P13569	T844Y	0.9174	pathogenic
P13569	T845A	0.0927	benign
P13569	T845C	0.581	pathogenic
P13569	T845D	0.3613	ambiguous
P13569	T845E	0.3177	benign
P13569	T845F	0.4346	ambiguous
P13569	T845G	0.2251	benign
P13569	T845H	0.2799	benign
P13569	T845I	0.3954	ambiguous
P13569	T845K	0.1871	benign
P13569	T845L	0.1944	benign
P13569	T845M	0.1546	benign
P13569	T845N	0.1571	benign
P13569	T845P	0.1505	benign
P13569	T845Q	0.2481	benign
P13569	T845R	0.1519	benign
P13569	T845S	0.0965	benign
P13569	T845V	0.2695	benign
P13569	T845W	0.7525	pathogenic
P13569	T845Y	0.4496	ambiguous
P13569	W846A	0.5785	pathogenic
P13569	W846C	0.8439	pathogenic
P13569	W846D	0.9639	pathogenic
P13569	W846E	0.9419	pathogenic
P13569	W846F	0.4388	ambiguous
P13569	W846G	0.3752	ambiguous
P13569	W846H	0.9228	pathogenic
P13569	W846I	0.6995	pathogenic
P13569	W846K	0.8826	pathogenic
P13569	W846L	0.4323	ambiguous
P13569	W846M	0.7047	pathogenic
P13569	W846N	0.9359	pathogenic
P13569	W846P	0.8318	pathogenic
P13569	W846Q	0.9052	pathogenic
P13569	W846R	0.8349	pathogenic
P13569	W846S	0.532	ambiguous
P13569	W846T	0.666	pathogenic
P13569	W846V	0.6248	pathogenic
P13569	W846Y	0.6561	pathogenic
P13569	N847A	0.3325	benign
P13569	N847C	0.4548	ambiguous
P13569	N847D	0.1323	benign
P13569	N847E	0.3648	ambiguous
P13569	N847F	0.6737	pathogenic
P13569	N847G	0.3027	benign
P13569	N847H	0.1178	benign
P13569	N847I	0.3262	benign
P13569	N847K	0.2434	benign
P13569	N847L	0.4077	ambiguous
P13569	N847M	0.4448	ambiguous
P13569	N847P	0.5819	pathogenic
P13569	N847Q	0.3501	ambiguous
P13569	N847R	0.3219	benign
P13569	N847S	0.0997	benign
P13569	N847T	0.1779	benign
P13569	N847V	0.3598	ambiguous
P13569	N847W	0.8151	pathogenic
P13569	N847Y	0.2029	benign
P13569	T848A	0.2976	benign
P13569	T848C	0.8207	pathogenic
P13569	T848D	0.8822	pathogenic
P13569	T848E	0.882	pathogenic
P13569	T848F	0.8647	pathogenic
P13569	T848G	0.784	pathogenic
P13569	T848H	0.7621	pathogenic
P13569	T848I	0.4782	ambiguous
P13569	T848K	0.8307	pathogenic
P13569	T848L	0.4021	ambiguous
P13569	T848M	0.3018	benign
P13569	T848N	0.5248	ambiguous
P13569	T848P	0.6669	pathogenic
P13569	T848Q	0.7998	pathogenic
P13569	T848R	0.7366	pathogenic
P13569	T848S	0.386	ambiguous
P13569	T848V	0.3597	ambiguous
P13569	T848W	0.9645	pathogenic
P13569	T848Y	0.8496	pathogenic
P13569	Y849A	0.9218	pathogenic
P13569	Y849C	0.5721	pathogenic
P13569	Y849D	0.9562	pathogenic
P13569	Y849E	0.9876	pathogenic
P13569	Y849F	0.311	benign
P13569	Y849G	0.8945	pathogenic
P13569	Y849H	0.8377	pathogenic
P13569	Y849I	0.8822	pathogenic
P13569	Y849K	0.9892	pathogenic
P13569	Y849L	0.7394	pathogenic
P13569	Y849M	0.9225	pathogenic
P13569	Y849N	0.8203	pathogenic
P13569	Y849P	0.9676	pathogenic
P13569	Y849Q	0.9758	pathogenic
P13569	Y849R	0.9649	pathogenic
P13569	Y849S	0.6952	pathogenic
P13569	Y849T	0.9081	pathogenic
P13569	Y849V	0.7724	pathogenic
P13569	Y849W	0.602	pathogenic
P13569	L850A	0.2822	benign
P13569	L850C	0.4039	ambiguous
P13569	L850D	0.8776	pathogenic
P13569	L850E	0.5211	ambiguous
P13569	L850F	0.0804	benign
P13569	L850G	0.4927	ambiguous
P13569	L850H	0.2527	benign
P13569	L850I	0.0865	benign
P13569	L850K	0.2609	benign
P13569	L850M	0.1088	benign
P13569	L850N	0.5763	pathogenic
P13569	L850P	0.8505	pathogenic
P13569	L850Q	0.175	benign
P13569	L850R	0.1566	benign
P13569	L850S	0.2868	benign
P13569	L850T	0.2785	benign
P13569	L850V	0.0907	benign
P13569	L850W	0.1253	benign
P13569	L850Y	0.257	benign
P13569	R851A	0.8892	pathogenic
P13569	R851C	0.3839	ambiguous
P13569	R851D	0.9407	pathogenic
P13569	R851E	0.7608	pathogenic
P13569	R851F	0.9492	pathogenic
P13569	R851G	0.7675	pathogenic
P13569	R851H	0.2437	benign
P13569	R851I	0.8409	pathogenic
P13569	R851K	0.3554	ambiguous
P13569	R851L	0.6989	pathogenic
P13569	R851M	0.8449	pathogenic
P13569	R851N	0.904	pathogenic
P13569	R851P	0.974	pathogenic
P13569	R851Q	0.2238	benign
P13569	R851S	0.8859	pathogenic
P13569	R851T	0.8148	pathogenic
P13569	R851V	0.8874	pathogenic
P13569	R851W	0.5063	ambiguous
P13569	R851Y	0.787	pathogenic
P13569	Y852A	0.9638	pathogenic
P13569	Y852C	0.6947	pathogenic
P13569	Y852D	0.9714	pathogenic
P13569	Y852E	0.9923	pathogenic
P13569	Y852F	0.1834	benign
P13569	Y852G	0.927	pathogenic
P13569	Y852H	0.9129	pathogenic
P13569	Y852I	0.8904	pathogenic
P13569	Y852K	0.9942	pathogenic
P13569	Y852L	0.7591	pathogenic
P13569	Y852M	0.9077	pathogenic
P13569	Y852N	0.8845	pathogenic
P13569	Y852P	0.9932	pathogenic
P13569	Y852Q	0.9904	pathogenic
P13569	Y852R	0.9866	pathogenic
P13569	Y852S	0.8962	pathogenic
P13569	Y852T	0.957	pathogenic
P13569	Y852V	0.8146	pathogenic
P13569	Y852W	0.79	pathogenic
P13569	I853A	0.2606	benign
P13569	I853C	0.4848	ambiguous
P13569	I853D	0.9137	pathogenic
P13569	I853E	0.8523	pathogenic
P13569	I853F	0.0738	benign
P13569	I853G	0.5261	ambiguous
P13569	I853H	0.7513	pathogenic
P13569	I853K	0.7608	pathogenic
P13569	I853L	0.0862	benign
P13569	I853M	0.0838	benign
P13569	I853N	0.5514	ambiguous
P13569	I853P	0.8867	pathogenic
P13569	I853Q	0.7271	pathogenic
P13569	I853R	0.6272	pathogenic
P13569	I853S	0.3696	ambiguous
P13569	I853T	0.2674	benign
P13569	I853V	0.0597	benign
P13569	I853W	0.6996	pathogenic
P13569	I853Y	0.486	ambiguous
P13569	T854A	0.0935	benign
P13569	T854C	0.4184	ambiguous
P13569	T854D	0.4881	ambiguous
P13569	T854E	0.402	ambiguous
P13569	T854F	0.1914	benign
P13569	T854G	0.2325	benign
P13569	T854H	0.2396	benign
P13569	T854I	0.2286	benign
P13569	T854K	0.1995	benign
P13569	T854L	0.1271	benign
P13569	T854M	0.1038	benign
P13569	T854N	0.1516	benign
P13569	T854P	0.3061	benign
P13569	T854Q	0.2484	benign
P13569	T854R	0.1356	benign
P13569	T854S	0.1043	benign
P13569	T854V	0.1961	benign
P13569	T854W	0.5031	ambiguous
P13569	T854Y	0.2731	benign
P13569	V855A	0.1161	benign
P13569	V855C	0.5515	ambiguous
P13569	V855D	0.258	benign
P13569	V855E	0.2181	benign
P13569	V855F	0.1066	benign
P13569	V855G	0.1594	benign
P13569	V855H	0.4027	ambiguous
P13569	V855I	0.0634	benign
P13569	V855K	0.2937	benign
P13569	V855L	0.1044	benign
P13569	V855M	0.0983	benign
P13569	V855N	0.1449	benign
P13569	V855P	0.5667	pathogenic
P13569	V855Q	0.2638	benign
P13569	V855R	0.2453	benign
P13569	V855S	0.1169	benign
P13569	V855T	0.1077	benign
P13569	V855W	0.6407	pathogenic
P13569	V855Y	0.3805	ambiguous
P13569	H856A	0.5095	ambiguous
P13569	H856C	0.2587	benign
P13569	H856D	0.261	benign
P13569	H856E	0.339	benign
P13569	H856F	0.5695	pathogenic
P13569	H856G	0.4155	ambiguous
P13569	H856I	0.6147	pathogenic
P13569	H856K	0.3494	ambiguous
P13569	H856L	0.3223	benign
P13569	H856M	0.7393	pathogenic
P13569	H856N	0.0999	benign
P13569	H856P	0.2683	benign
P13569	H856Q	0.2289	benign
P13569	H856R	0.1482	benign
P13569	H856S	0.2557	benign
P13569	H856T	0.4223	ambiguous
P13569	H856V	0.5483	ambiguous
P13569	H856W	0.5522	ambiguous
P13569	H856Y	0.1511	benign
P13569	K857A	0.3726	ambiguous
P13569	K857C	0.7189	pathogenic
P13569	K857D	0.5227	ambiguous
P13569	K857E	0.1727	benign
P13569	K857F	0.7203	pathogenic
P13569	K857G	0.3247	benign
P13569	K857H	0.2975	benign
P13569	K857I	0.4203	ambiguous
P13569	K857L	0.4532	ambiguous
P13569	K857M	0.3562	ambiguous
P13569	K857N	0.3494	ambiguous
P13569	K857P	0.428	ambiguous
P13569	K857Q	0.1319	benign
P13569	K857R	0.0723	benign
P13569	K857S	0.3212	benign
P13569	K857T	0.1902	benign
P13569	K857V	0.4096	ambiguous
P13569	K857W	0.6313	pathogenic
P13569	K857Y	0.5501	ambiguous
P13569	S858A	0.1307	benign
P13569	S858C	0.1394	benign
P13569	S858D	0.2001	benign
P13569	S858E	0.349	ambiguous
P13569	S858F	0.3016	benign
P13569	S858G	0.079	benign
P13569	S858H	0.1624	benign
P13569	S858I	0.159	benign
P13569	S858K	0.2562	benign
P13569	S858L	0.2093	benign
P13569	S858M	0.245	benign
P13569	S858N	0.0753	benign
P13569	S858P	0.2143	benign
P13569	S858Q	0.2912	benign
P13569	S858R	0.2397	benign
P13569	S858T	0.0942	benign
P13569	S858V	0.1956	benign
P13569	S858W	0.3128	benign
P13569	S858Y	0.1515	benign
P13569	L859A	0.4019	ambiguous
P13569	L859C	0.5976	pathogenic
P13569	L859D	0.9592	pathogenic
P13569	L859E	0.839	pathogenic
P13569	L859F	0.1323	benign
P13569	L859G	0.6919	pathogenic
P13569	L859H	0.666	pathogenic
P13569	L859I	0.1193	benign
P13569	L859K	0.8295	pathogenic
P13569	L859M	0.1154	benign
P13569	L859N	0.7872	pathogenic
P13569	L859P	0.7493	pathogenic
P13569	L859Q	0.5692	pathogenic
P13569	L859R	0.7204	pathogenic
P13569	L859S	0.514	ambiguous
P13569	L859T	0.3647	ambiguous
P13569	L859V	0.1122	benign
P13569	L859W	0.4173	ambiguous
P13569	L859Y	0.6113	pathogenic
P13569	I860A	0.1438	benign
P13569	I860C	0.3356	benign
P13569	I860D	0.5138	ambiguous
P13569	I860E	0.4837	ambiguous
P13569	I860F	0.0701	benign
P13569	I860G	0.2138	benign
P13569	I860H	0.2914	benign
P13569	I860K	0.2539	benign
P13569	I860L	0.0652	benign
P13569	I860M	0.0905	benign
P13569	I860N	0.1578	benign
P13569	I860P	0.2068	benign
P13569	I860Q	0.2974	benign
P13569	I860R	0.1837	benign
P13569	I860S	0.1229	benign
P13569	I860T	0.121	benign
P13569	I860V	0.0678	benign
P13569	I860W	0.4037	ambiguous
P13569	I860Y	0.2413	benign
P13569	F861A	0.1223	benign
P13569	F861C	0.1401	benign
P13569	F861D	0.5812	pathogenic
P13569	F861E	0.6539	pathogenic
P13569	F861G	0.2539	benign
P13569	F861H	0.4389	ambiguous
P13569	F861I	0.0658	benign
P13569	F861K	0.5397	ambiguous
P13569	F861L	0.2632	benign
P13569	F861M	0.2077	benign
P13569	F861N	0.3965	ambiguous
P13569	F861P	0.335	benign
P13569	F861Q	0.5455	ambiguous
P13569	F861R	0.4092	ambiguous
P13569	F861S	0.1261	benign
P13569	F861T	0.1341	benign
P13569	F861V	0.0679	benign
P13569	F861W	0.2289	benign
P13569	F861Y	0.1426	benign
P13569	V862A	0.3786	ambiguous
P13569	V862C	0.8314	pathogenic
P13569	V862D	0.8382	pathogenic
P13569	V862E	0.8108	pathogenic
P13569	V862F	0.3346	benign
P13569	V862G	0.4362	ambiguous
P13569	V862H	0.8886	pathogenic
P13569	V862I	0.0965	benign
P13569	V862K	0.8852	pathogenic
P13569	V862L	0.3955	ambiguous
P13569	V862M	0.346	ambiguous
P13569	V862N	0.6758	pathogenic
P13569	V862P	0.7838	pathogenic
P13569	V862Q	0.7688	pathogenic
P13569	V862R	0.829	pathogenic
P13569	V862S	0.3759	ambiguous
P13569	V862T	0.328	benign
P13569	V862W	0.9379	pathogenic
P13569	V862Y	0.8428	pathogenic
P13569	L863A	0.3152	benign
P13569	L863C	0.5506	ambiguous
P13569	L863D	0.9631	pathogenic
P13569	L863E	0.8489	pathogenic
P13569	L863F	0.1185	benign
P13569	L863G	0.5301	ambiguous
P13569	L863H	0.8074	pathogenic
P13569	L863I	0.1158	benign
P13569	L863K	0.9065	pathogenic
P13569	L863M	0.1224	benign
P13569	L863N	0.8009	pathogenic
P13569	L863P	0.8068	pathogenic
P13569	L863Q	0.6709	pathogenic
P13569	L863R	0.8553	pathogenic
P13569	L863S	0.416	ambiguous
P13569	L863T	0.3387	benign
P13569	L863V	0.1202	benign
P13569	L863W	0.4896	ambiguous
P13569	L863Y	0.6717	pathogenic
P13569	I864A	0.2098	benign
P13569	I864C	0.4592	ambiguous
P13569	I864D	0.9061	pathogenic
P13569	I864E	0.8454	pathogenic
P13569	I864F	0.0933	benign
P13569	I864G	0.3331	benign
P13569	I864H	0.7577	pathogenic
P13569	I864K	0.7272	pathogenic
P13569	I864L	0.0821	benign
P13569	I864M	0.1069	benign
P13569	I864N	0.5021	ambiguous
P13569	I864P	0.7007	pathogenic
P13569	I864Q	0.7062	pathogenic
P13569	I864R	0.6275	pathogenic
P13569	I864S	0.2438	benign
P13569	I864T	0.1979	benign
P13569	I864V	0.0823	benign
P13569	I864W	0.7282	pathogenic
P13569	I864Y	0.548	ambiguous
P13569	W865A	0.1573	benign
P13569	W865C	0.238	benign
P13569	W865D	0.9108	pathogenic
P13569	W865E	0.876	pathogenic
P13569	W865F	0.0746	benign
P13569	W865G	0.1056	benign
P13569	W865H	0.8548	pathogenic
P13569	W865I	0.1317	benign
P13569	W865K	0.9384	pathogenic
P13569	W865L	0.0674	benign
P13569	W865M	0.2335	benign
P13569	W865N	0.7759	pathogenic
P13569	W865P	0.7385	pathogenic
P13569	W865Q	0.8546	pathogenic
P13569	W865R	0.8854	pathogenic
P13569	W865S	0.1514	benign
P13569	W865T	0.18	benign
P13569	W865V	0.1232	benign
P13569	W865Y	0.2996	benign
P13569	C866A	0.5596	ambiguous
P13569	C866D	0.9541	pathogenic
P13569	C866E	0.9799	pathogenic
P13569	C866F	0.4514	ambiguous
P13569	C866G	0.3243	benign
P13569	C866H	0.958	pathogenic
P13569	C866I	0.4147	ambiguous
P13569	C866K	0.9951	pathogenic
P13569	C866L	0.4872	ambiguous
P13569	C866M	0.6499	pathogenic
P13569	C866N	0.8086	pathogenic
P13569	C866P	0.9591	pathogenic
P13569	C866Q	0.9677	pathogenic
P13569	C866R	0.9779	pathogenic
P13569	C866S	0.4015	ambiguous
P13569	C866T	0.5625	ambiguous
P13569	C866V	0.3709	ambiguous
P13569	C866W	0.8884	pathogenic
P13569	C866Y	0.771	pathogenic
P13569	L867A	0.1208	benign
P13569	L867C	0.3118	benign
P13569	L867D	0.9115	pathogenic
P13569	L867E	0.8007	pathogenic
P13569	L867F	0.0692	benign
P13569	L867G	0.2491	benign
P13569	L867H	0.6974	pathogenic
P13569	L867I	0.0786	benign
P13569	L867K	0.8792	pathogenic
P13569	L867M	0.0967	benign
P13569	L867N	0.681	pathogenic
P13569	L867P	0.629	pathogenic
P13569	L867Q	0.6381	pathogenic
P13569	L867R	0.8046	pathogenic
P13569	L867S	0.1859	benign
P13569	L867T	0.1422	benign
P13569	L867V	0.0746	benign
P13569	L867W	0.3491	ambiguous
P13569	L867Y	0.5325	ambiguous
P13569	V868A	0.1034	benign
P13569	V868C	0.4643	ambiguous
P13569	V868D	0.7463	pathogenic
P13569	V868E	0.7483	pathogenic
P13569	V868F	0.094	benign
P13569	V868G	0.1237	benign
P13569	V868H	0.8455	pathogenic
P13569	V868I	0.0779	benign
P13569	V868K	0.8388	pathogenic
P13569	V868L	0.099	benign
P13569	V868M	0.1303	benign
P13569	V868N	0.5384	ambiguous
P13569	V868P	0.5999	pathogenic
P13569	V868Q	0.7326	pathogenic
P13569	V868R	0.7888	pathogenic
P13569	V868S	0.2156	benign
P13569	V868T	0.1876	benign
P13569	V868W	0.7362	pathogenic
P13569	V868Y	0.5706	pathogenic
P13569	I869A	0.5067	ambiguous
P13569	I869C	0.7422	pathogenic
P13569	I869D	0.962	pathogenic
P13569	I869E	0.95	pathogenic
P13569	I869F	0.2196	benign
P13569	I869G	0.7815	pathogenic
P13569	I869H	0.9279	pathogenic
P13569	I869K	0.9383	pathogenic
P13569	I869L	0.1336	benign
P13569	I869M	0.2017	benign
P13569	I869N	0.7073	pathogenic
P13569	I869P	0.8777	pathogenic
P13569	I869Q	0.9188	pathogenic
P13569	I869R	0.9	pathogenic
P13569	I869S	0.5552	ambiguous
P13569	I869T	0.4226	ambiguous
P13569	I869V	0.0711	benign
P13569	I869W	0.9037	pathogenic
P13569	I869Y	0.7741	pathogenic
P13569	F870A	0.7555	pathogenic
P13569	F870C	0.6793	pathogenic
P13569	F870D	0.9893	pathogenic
P13569	F870E	0.9912	pathogenic
P13569	F870G	0.8666	pathogenic
P13569	F870H	0.9598	pathogenic
P13569	F870I	0.6556	pathogenic
P13569	F870K	0.9961	pathogenic
P13569	F870L	0.9319	pathogenic
P13569	F870M	0.8487	pathogenic
P13569	F870N	0.9466	pathogenic
P13569	F870P	0.9949	pathogenic
P13569	F870Q	0.9813	pathogenic
P13569	F870R	0.989	pathogenic
P13569	F870S	0.6803	pathogenic
P13569	F870T	0.8114	pathogenic
P13569	F870V	0.5782	pathogenic
P13569	F870W	0.8855	pathogenic
P13569	F870Y	0.4658	ambiguous
P13569	L871A	0.1409	benign
P13569	L871C	0.3972	ambiguous
P13569	L871D	0.9543	pathogenic
P13569	L871E	0.848	pathogenic
P13569	L871F	0.0846	benign
P13569	L871G	0.3433	ambiguous
P13569	L871H	0.7824	pathogenic
P13569	L871I	0.1028	benign
P13569	L871K	0.9194	pathogenic
P13569	L871M	0.1231	benign
P13569	L871N	0.8081	pathogenic
P13569	L871P	0.7679	pathogenic
P13569	L871Q	0.6913	pathogenic
P13569	L871R	0.8543	pathogenic
P13569	L871S	0.2046	benign
P13569	L871T	0.169	benign
P13569	L871V	0.0961	benign
P13569	L871W	0.4727	ambiguous
P13569	L871Y	0.6543	pathogenic
P13569	A872C	0.3585	ambiguous
P13569	A872D	0.7827	pathogenic
P13569	A872E	0.7236	pathogenic
P13569	A872F	0.1611	benign
P13569	A872G	0.1301	benign
P13569	A872H	0.8583	pathogenic
P13569	A872I	0.1039	benign
P13569	A872K	0.8888	pathogenic
P13569	A872L	0.0903	benign
P13569	A872M	0.1353	benign
P13569	A872N	0.643	pathogenic
P13569	A872P	0.5955	pathogenic
P13569	A872Q	0.759	pathogenic
P13569	A872R	0.8372	pathogenic
P13569	A872S	0.155	benign
P13569	A872T	0.089	benign
P13569	A872V	0.0665	benign
P13569	A872W	0.6984	pathogenic
P13569	A872Y	0.586	pathogenic
P13569	E873A	0.8019	pathogenic
P13569	E873C	0.9905	pathogenic
P13569	E873D	0.9426	pathogenic
P13569	E873F	0.9927	pathogenic
P13569	E873G	0.8408	pathogenic
P13569	E873H	0.9822	pathogenic
P13569	E873I	0.9472	pathogenic
P13569	E873K	0.9007	pathogenic
P13569	E873L	0.9609	pathogenic
P13569	E873M	0.9437	pathogenic
P13569	E873N	0.9582	pathogenic
P13569	E873P	0.9934	pathogenic
P13569	E873Q	0.6478	pathogenic
P13569	E873R	0.9609	pathogenic
P13569	E873S	0.8617	pathogenic
P13569	E873T	0.9013	pathogenic
P13569	E873V	0.8927	pathogenic
P13569	E873W	0.9981	pathogenic
P13569	E873Y	0.9916	pathogenic
P13569	V874A	0.3029	benign
P13569	V874C	0.9348	pathogenic
P13569	V874D	0.9378	pathogenic
P13569	V874E	0.8455	pathogenic
P13569	V874F	0.6137	pathogenic
P13569	V874G	0.4221	ambiguous
P13569	V874H	0.9787	pathogenic
P13569	V874I	0.1779	benign
P13569	V874K	0.945	pathogenic
P13569	V874L	0.7327	pathogenic
P13569	V874M	0.5363	ambiguous
P13569	V874N	0.8708	pathogenic
P13569	V874P	0.9774	pathogenic
P13569	V874Q	0.9033	pathogenic
P13569	V874R	0.9327	pathogenic
P13569	V874S	0.5162	ambiguous
P13569	V874T	0.3296	benign
P13569	V874W	0.9811	pathogenic
P13569	V874Y	0.9321	pathogenic
P13569	A875C	0.5199	ambiguous
P13569	A875D	0.8681	pathogenic
P13569	A875E	0.813	pathogenic
P13569	A875F	0.2465	benign
P13569	A875G	0.114	benign
P13569	A875H	0.9138	pathogenic
P13569	A875I	0.2082	benign
P13569	A875K	0.9084	pathogenic
P13569	A875L	0.1671	benign
P13569	A875M	0.2309	benign
P13569	A875N	0.7622	pathogenic
P13569	A875P	0.8569	pathogenic
P13569	A875Q	0.8308	pathogenic
P13569	A875R	0.8609	pathogenic
P13569	A875S	0.1721	benign
P13569	A875T	0.1213	benign
P13569	A875V	0.1211	benign
P13569	A875W	0.8203	pathogenic
P13569	A875Y	0.6805	pathogenic
P13569	A876C	0.4316	ambiguous
P13569	A876D	0.8745	pathogenic
P13569	A876E	0.85	pathogenic
P13569	A876F	0.1947	benign
P13569	A876G	0.1406	benign
P13569	A876H	0.9164	pathogenic
P13569	A876I	0.1267	benign
P13569	A876K	0.9289	pathogenic
P13569	A876L	0.1079	benign
P13569	A876M	0.1801	benign
P13569	A876N	0.729	pathogenic
P13569	A876P	0.7653	pathogenic
P13569	A876Q	0.8506	pathogenic
P13569	A876R	0.8976	pathogenic
P13569	A876S	0.17	benign
P13569	A876T	0.1092	benign
P13569	A876V	0.0775	benign
P13569	A876W	0.8088	pathogenic
P13569	A876Y	0.6718	pathogenic
P13569	S877A	0.2292	benign
P13569	S877C	0.3076	benign
P13569	S877D	0.9702	pathogenic
P13569	S877E	0.9759	pathogenic
P13569	S877F	0.675	pathogenic
P13569	S877G	0.3171	benign
P13569	S877H	0.945	pathogenic
P13569	S877I	0.6671	pathogenic
P13569	S877K	0.9958	pathogenic
P13569	S877L	0.5368	ambiguous
P13569	S877M	0.6585	pathogenic
P13569	S877N	0.8785	pathogenic
P13569	S877P	0.8665	pathogenic
P13569	S877Q	0.9702	pathogenic
P13569	S877R	0.9934	pathogenic
P13569	S877T	0.2837	benign
P13569	S877V	0.5677	pathogenic
P13569	S877W	0.8522	pathogenic
P13569	S877Y	0.757	pathogenic
P13569	L878A	0.184	benign
P13569	L878C	0.5194	ambiguous
P13569	L878D	0.9245	pathogenic
P13569	L878E	0.6621	pathogenic
P13569	L878F	0.1078	benign
P13569	L878G	0.4004	ambiguous
P13569	L878H	0.5835	pathogenic
P13569	L878I	0.122	benign
P13569	L878K	0.6166	pathogenic
P13569	L878M	0.1191	benign
P13569	L878N	0.6925	pathogenic
P13569	L878P	0.8538	pathogenic
P13569	L878Q	0.4014	ambiguous
P13569	L878R	0.4984	ambiguous
P13569	L878S	0.2432	benign
P13569	L878T	0.228	benign
P13569	L878V	0.1057	benign
P13569	L878W	0.307	benign
P13569	L878Y	0.4468	ambiguous
P13569	V879A	0.0807	benign
P13569	V879C	0.584	pathogenic
P13569	V879D	0.7315	pathogenic
P13569	V879E	0.7094	pathogenic
P13569	V879F	0.0805	benign
P13569	V879G	0.1106	benign
P13569	V879H	0.7984	pathogenic
P13569	V879I	0.0856	benign
P13569	V879K	0.7687	pathogenic
P13569	V879L	0.1304	benign
P13569	V879M	0.1524	benign
P13569	V879N	0.5826	pathogenic
P13569	V879P	0.5996	pathogenic
P13569	V879Q	0.7097	pathogenic
P13569	V879R	0.6931	pathogenic
P13569	V879S	0.2007	benign
P13569	V879T	0.1415	benign
P13569	V879W	0.647	pathogenic
P13569	V879Y	0.495	ambiguous
P13569	V880A	0.1382	benign
P13569	V880C	0.6291	pathogenic
P13569	V880D	0.7885	pathogenic
P13569	V880E	0.7435	pathogenic
P13569	V880F	0.0955	benign
P13569	V880G	0.1181	benign
P13569	V880H	0.8435	pathogenic
P13569	V880I	0.0897	benign
P13569	V880K	0.8047	pathogenic
P13569	V880L	0.1245	benign
P13569	V880M	0.1612	benign
P13569	V880N	0.6337	pathogenic
P13569	V880P	0.5964	pathogenic
P13569	V880Q	0.7297	pathogenic
P13569	V880R	0.7602	pathogenic
P13569	V880S	0.2629	benign
P13569	V880T	0.2375	benign
P13569	V880W	0.6954	pathogenic
P13569	V880Y	0.5701	pathogenic
P13569	L881A	0.4421	ambiguous
P13569	L881C	0.6364	pathogenic
P13569	L881D	0.8668	pathogenic
P13569	L881E	0.6383	pathogenic
P13569	L881F	0.1286	benign
P13569	L881G	0.6173	pathogenic
P13569	L881H	0.4516	ambiguous
P13569	L881I	0.1235	benign
P13569	L881K	0.4834	ambiguous
P13569	L881M	0.1849	benign
P13569	L881N	0.6219	pathogenic
P13569	L881P	0.635	pathogenic
P13569	L881Q	0.3474	ambiguous
P13569	L881R	0.3457	ambiguous
P13569	L881S	0.4589	ambiguous
P13569	L881T	0.4108	ambiguous
P13569	L881V	0.1384	benign
P13569	L881W	0.2836	benign
P13569	L881Y	0.3965	ambiguous
P13569	W882A	0.2425	benign
P13569	W882C	0.3747	ambiguous
P13569	W882D	0.6297	pathogenic
P13569	W882E	0.5826	pathogenic
P13569	W882F	0.1047	benign
P13569	W882G	0.1547	benign
P13569	W882H	0.3789	ambiguous
P13569	W882I	0.2563	benign
P13569	W882K	0.4305	ambiguous
P13569	W882L	0.1281	benign
P13569	W882M	0.3176	benign
P13569	W882N	0.4928	ambiguous
P13569	W882P	0.7722	pathogenic
P13569	W882Q	0.4239	ambiguous
P13569	W882R	0.3592	ambiguous
P13569	W882S	0.1869	benign
P13569	W882T	0.2729	benign
P13569	W882V	0.2333	benign
P13569	W882Y	0.1789	benign
P13569	L883A	0.2347	benign
P13569	L883C	0.3693	ambiguous
P13569	L883D	0.6305	pathogenic
P13569	L883E	0.403	ambiguous
P13569	L883F	0.0674	benign
P13569	L883G	0.3468	ambiguous
P13569	L883H	0.1997	benign
P13569	L883I	0.0785	benign
P13569	L883K	0.2411	benign
P13569	L883M	0.1206	benign
P13569	L883N	0.3041	benign
P13569	L883P	0.5739	pathogenic
P13569	L883Q	0.2017	benign
P13569	L883R	0.182	benign
P13569	L883S	0.2572	benign
P13569	L883T	0.2666	benign
P13569	L883V	0.0977	benign
P13569	L883W	0.1628	benign
P13569	L883Y	0.192	benign
P13569	L884A	0.1636	benign
P13569	L884C	0.466	ambiguous
P13569	L884D	0.5976	pathogenic
P13569	L884E	0.3559	ambiguous
P13569	L884F	0.0695	benign
P13569	L884G	0.3339	benign
P13569	L884H	0.2397	benign
P13569	L884I	0.0943	benign
P13569	L884K	0.2766	benign
P13569	L884M	0.1293	benign
P13569	L884N	0.3847	ambiguous
P13569	L884P	0.2336	benign
P13569	L884Q	0.1826	benign
P13569	L884R	0.1873	benign
P13569	L884S	0.2046	benign
P13569	L884T	0.1542	benign
P13569	L884V	0.1121	benign
P13569	L884W	0.1408	benign
P13569	L884Y	0.2828	benign
P13569	G885A	0.1058	benign
P13569	G885C	0.2177	benign
P13569	G885D	0.1043	benign
P13569	G885E	0.066	benign
P13569	G885F	0.3257	benign
P13569	G885H	0.1348	benign
P13569	G885I	0.1575	benign
P13569	G885K	0.0805	benign
P13569	G885L	0.2269	benign
P13569	G885M	0.2759	benign
P13569	G885N	0.15	benign
P13569	G885P	0.306	benign
P13569	G885Q	0.0897	benign
P13569	G885R	0.0687	benign
P13569	G885S	0.0981	benign
P13569	G885T	0.1149	benign
P13569	G885V	0.1244	benign
P13569	G885W	0.1654	benign
P13569	G885Y	0.2019	benign
P13569	N886A	0.1258	benign
P13569	N886C	0.2793	benign
P13569	N886D	0.0745	benign
P13569	N886E	0.1146	benign
P13569	N886F	0.2655	benign
P13569	N886G	0.1421	benign
P13569	N886H	0.0756	benign
P13569	N886I	0.1176	benign
P13569	N886K	0.0787	benign
P13569	N886L	0.1558	benign
P13569	N886M	0.2036	benign
P13569	N886P	0.2222	benign
P13569	N886Q	0.1262	benign
P13569	N886R	0.1001	benign
P13569	N886S	0.0748	benign
P13569	N886T	0.0932	benign
P13569	N886V	0.1266	benign
P13569	N886W	0.4288	ambiguous
P13569	N886Y	0.0965	benign
P13569	T887A	0.0683	benign
P13569	T887C	0.3659	ambiguous
P13569	T887D	0.1455	benign
P13569	T887E	0.124	benign
P13569	T887F	0.1115	benign
P13569	T887G	0.1433	benign
P13569	T887H	0.1089	benign
P13569	T887I	0.0756	benign
P13569	T887K	0.0813	benign
P13569	T887L	0.074	benign
P13569	T887M	0.0887	benign
P13569	T887N	0.0715	benign
P13569	T887P	0.0835	benign
P13569	T887Q	0.1165	benign
P13569	T887R	0.074	benign
P13569	T887S	0.081	benign
P13569	T887V	0.0898	benign
P13569	T887W	0.2792	benign
P13569	T887Y	0.1133	benign
P13569	P888A	0.0674	benign
P13569	P888C	0.2958	benign
P13569	P888D	0.1384	benign
P13569	P888E	0.1188	benign
P13569	P888F	0.1674	benign
P13569	P888G	0.1416	benign
P13569	P888H	0.0753	benign
P13569	P888I	0.1257	benign
P13569	P888K	0.1055	benign
P13569	P888L	0.0874	benign
P13569	P888M	0.1808	benign
P13569	P888N	0.1198	benign
P13569	P888Q	0.0813	benign
P13569	P888R	0.0744	benign
P13569	P888S	0.0655	benign
P13569	P888T	0.0611	benign
P13569	P888V	0.1093	benign
P13569	P888W	0.2599	benign
P13569	P888Y	0.1406	benign
P13569	L889A	0.0668	benign
P13569	L889C	0.25	benign
P13569	L889D	0.1508	benign
P13569	L889E	0.0909	benign
P13569	L889F	0.0637	benign
P13569	L889G	0.1365	benign
P13569	L889H	0.0697	benign
P13569	L889I	0.0648	benign
P13569	L889K	0.0785	benign
P13569	L889M	0.0913	benign
P13569	L889N	0.0965	benign
P13569	L889P	0.0467	benign
P13569	L889Q	0.0584	benign
P13569	L889R	0.0583	benign
P13569	L889S	0.0589	benign
P13569	L889T	0.0678	benign
P13569	L889V	0.0628	benign
P13569	L889W	0.1027	benign
P13569	L889Y	0.1198	benign
P13569	Q890A	0.1019	benign
P13569	Q890C	0.4235	ambiguous
P13569	Q890D	0.1431	benign
P13569	Q890E	0.0605	benign
P13569	Q890F	0.3118	benign
P13569	Q890G	0.1129	benign
P13569	Q890H	0.1052	benign
P13569	Q890I	0.1604	benign
P13569	Q890K	0.0627	benign
P13569	Q890L	0.0848	benign
P13569	Q890M	0.2081	benign
P13569	Q890N	0.1327	benign
P13569	Q890P	0.0591	benign
P13569	Q890R	0.0682	benign
P13569	Q890S	0.1091	benign
P13569	Q890T	0.0967	benign
P13569	Q890V	0.1258	benign
P13569	Q890W	0.2179	benign
P13569	Q890Y	0.1898	benign
P13569	D891A	0.106	benign
P13569	D891C	0.4234	ambiguous
P13569	D891E	0.0933	benign
P13569	D891F	0.2827	benign
P13569	D891G	0.0738	benign
P13569	D891H	0.1238	benign
P13569	D891I	0.1665	benign
P13569	D891K	0.1429	benign
P13569	D891L	0.1739	benign
P13569	D891M	0.3377	benign
P13569	D891N	0.0746	benign
P13569	D891P	0.2491	benign
P13569	D891Q	0.1369	benign
P13569	D891R	0.1426	benign
P13569	D891S	0.087	benign
P13569	D891T	0.1381	benign
P13569	D891V	0.1049	benign
P13569	D891W	0.5479	ambiguous
P13569	D891Y	0.108	benign
P13569	K892A	0.1196	benign
P13569	K892C	0.5409	ambiguous
P13569	K892D	0.1505	benign
P13569	K892E	0.0612	benign
P13569	K892F	0.3894	ambiguous
P13569	K892G	0.1427	benign
P13569	K892H	0.1707	benign
P13569	K892I	0.1582	benign
P13569	K892L	0.1834	benign
P13569	K892M	0.144	benign
P13569	K892N	0.1294	benign
P13569	K892P	0.2244	benign
P13569	K892Q	0.091	benign
P13569	K892R	0.0719	benign
P13569	K892S	0.1285	benign
P13569	K892T	0.078	benign
P13569	K892V	0.1529	benign
P13569	K892W	0.4766	ambiguous
P13569	K892Y	0.2984	benign
P13569	G893A	0.1044	benign
P13569	G893C	0.2295	benign
P13569	G893D	0.0903	benign
P13569	G893E	0.0771	benign
P13569	G893F	0.3139	benign
P13569	G893H	0.187	benign
P13569	G893I	0.1403	benign
P13569	G893K	0.1504	benign
P13569	G893L	0.2362	benign
P13569	G893M	0.261	benign
P13569	G893N	0.1394	benign
P13569	G893P	0.3742	ambiguous
P13569	G893Q	0.1414	benign
P13569	G893R	0.1181	benign
P13569	G893S	0.0902	benign
P13569	G893T	0.1082	benign
P13569	G893V	0.1034	benign
P13569	G893W	0.1799	benign
P13569	G893Y	0.1836	benign
P13569	N894A	0.2131	benign
P13569	N894C	0.4431	ambiguous
P13569	N894D	0.1127	benign
P13569	N894E	0.2375	benign
P13569	N894F	0.3499	ambiguous
P13569	N894G	0.2482	benign
P13569	N894H	0.1326	benign
P13569	N894I	0.1418	benign
P13569	N894K	0.2123	benign
P13569	N894L	0.2191	benign
P13569	N894M	0.3098	benign
P13569	N894P	0.3773	ambiguous
P13569	N894Q	0.2954	benign
P13569	N894R	0.2286	benign
P13569	N894S	0.0987	benign
P13569	N894T	0.1403	benign
P13569	N894V	0.1796	benign
P13569	N894W	0.6579	pathogenic
P13569	N894Y	0.1355	benign
P13569	S895A	0.0753	benign
P13569	S895C	0.1688	benign
P13569	S895D	0.1134	benign
P13569	S895E	0.1735	benign
P13569	S895F	0.1495	benign
P13569	S895G	0.0631	benign
P13569	S895H	0.1598	benign
P13569	S895I	0.0882	benign
P13569	S895K	0.2257	benign
P13569	S895L	0.1062	benign
P13569	S895M	0.1747	benign
P13569	S895N	0.0773	benign
P13569	S895P	0.1313	benign
P13569	S895Q	0.2197	benign
P13569	S895R	0.1641	benign
P13569	S895T	0.0692	benign
P13569	S895V	0.1111	benign
P13569	S895W	0.2393	benign
P13569	S895Y	0.1188	benign
P13569	T896A	0.0816	benign
P13569	T896C	0.5622	ambiguous
P13569	T896D	0.1821	benign
P13569	T896E	0.173	benign
P13569	T896F	0.175	benign
P13569	T896G	0.1591	benign
P13569	T896H	0.1788	benign
P13569	T896I	0.1381	benign
P13569	T896K	0.149	benign
P13569	T896L	0.114	benign
P13569	T896M	0.1198	benign
P13569	T896N	0.0932	benign
P13569	T896P	0.0903	benign
P13569	T896Q	0.1679	benign
P13569	T896R	0.1115	benign
P13569	T896S	0.0816	benign
P13569	T896V	0.1436	benign
P13569	T896W	0.437	ambiguous
P13569	T896Y	0.2193	benign
P13569	H897A	0.071	benign
P13569	H897C	0.1583	benign
P13569	H897D	0.063	benign
P13569	H897E	0.089	benign
P13569	H897F	0.1461	benign
P13569	H897G	0.0859	benign
P13569	H897I	0.0915	benign
P13569	H897K	0.0772	benign
P13569	H897L	0.0689	benign
P13569	H897M	0.1703	benign
P13569	H897N	0.0489	benign
P13569	H897P	0.0664	benign
P13569	H897Q	0.0715	benign
P13569	H897R	0.0578	benign
P13569	H897S	0.0641	benign
P13569	H897T	0.0698	benign
P13569	H897V	0.079	benign
P13569	H897W	0.2133	benign
P13569	H897Y	0.0702	benign
P13569	S898A	0.0899	benign
P13569	S898C	0.17	benign
P13569	S898D	0.1315	benign
P13569	S898E	0.1849	benign
P13569	S898F	0.1407	benign
P13569	S898G	0.0714	benign
P13569	S898H	0.1607	benign
P13569	S898I	0.0907	benign
P13569	S898K	0.254	benign
P13569	S898L	0.1021	benign
P13569	S898M	0.1795	benign
P13569	S898N	0.0852	benign
P13569	S898P	0.108	benign
P13569	S898Q	0.218	benign
P13569	S898R	0.1892	benign
P13569	S898T	0.0812	benign
P13569	S898V	0.1234	benign
P13569	S898W	0.2057	benign
P13569	S898Y	0.1231	benign
P13569	R899A	0.0783	benign
P13569	R899C	0.1795	benign
P13569	R899D	0.137	benign
P13569	R899E	0.0949	benign
P13569	R899F	0.1858	benign
P13569	R899G	0.0605	benign
P13569	R899H	0.083	benign
P13569	R899I	0.081	benign
P13569	R899K	0.0705	benign
P13569	R899L	0.0903	benign
P13569	R899M	0.0986	benign
P13569	R899N	0.1128	benign
P13569	R899P	0.1085	benign
P13569	R899Q	0.0698	benign
P13569	R899S	0.0851	benign
P13569	R899T	0.0591	benign
P13569	R899V	0.1023	benign
P13569	R899W	0.1159	benign
P13569	R899Y	0.1507	benign
P13569	N900A	0.1843	benign
P13569	N900C	0.4195	ambiguous
P13569	N900D	0.0941	benign
P13569	N900E	0.1929	benign
P13569	N900F	0.3999	ambiguous
P13569	N900G	0.185	benign
P13569	N900H	0.1234	benign
P13569	N900I	0.1726	benign
P13569	N900K	0.1786	benign
P13569	N900L	0.2218	benign
P13569	N900M	0.2997	benign
P13569	N900P	0.2921	benign
P13569	N900Q	0.2275	benign
P13569	N900R	0.1987	benign
P13569	N900S	0.091	benign
P13569	N900T	0.1255	benign
P13569	N900V	0.1913	benign
P13569	N900W	0.5725	pathogenic
P13569	N900Y	0.1394	benign
P13569	N901A	0.1186	benign
P13569	N901C	0.2776	benign
P13569	N901D	0.0703	benign
P13569	N901E	0.1759	benign
P13569	N901F	0.2747	benign
P13569	N901G	0.1399	benign
P13569	N901H	0.082	benign
P13569	N901I	0.1181	benign
P13569	N901K	0.1509	benign
P13569	N901L	0.1486	benign
P13569	N901M	0.2443	benign
P13569	N901P	0.2119	benign
P13569	N901Q	0.1796	benign
P13569	N901R	0.1438	benign
P13569	N901S	0.0603	benign
P13569	N901T	0.0803	benign
P13569	N901V	0.1347	benign
P13569	N901W	0.5042	ambiguous
P13569	N901Y	0.1037	benign
P13569	S902A	0.0919	benign
P13569	S902C	0.2477	benign
P13569	S902D	0.1908	benign
P13569	S902E	0.2921	benign
P13569	S902F	0.1924	benign
P13569	S902G	0.084	benign
P13569	S902H	0.2437	benign
P13569	S902I	0.1574	benign
P13569	S902K	0.3868	ambiguous
P13569	S902L	0.1373	benign
P13569	S902M	0.2542	benign
P13569	S902N	0.1074	benign
P13569	S902P	0.1098	benign
P13569	S902Q	0.3546	ambiguous
P13569	S902R	0.2924	benign
P13569	S902T	0.0698	benign
P13569	S902V	0.1744	benign
P13569	S902W	0.2763	benign
P13569	S902Y	0.1495	benign
P13569	Y903A	0.119	benign
P13569	Y903C	0.1436	benign
P13569	Y903D	0.0752	benign
P13569	Y903E	0.2126	benign
P13569	Y903F	0.0901	benign
P13569	Y903G	0.1136	benign
P13569	Y903H	0.102	benign
P13569	Y903I	0.2008	benign
P13569	Y903K	0.1957	benign
P13569	Y903L	0.1838	benign
P13569	Y903M	0.3019	benign
P13569	Y903N	0.0639	benign
P13569	Y903P	0.1483	benign
P13569	Y903Q	0.1782	benign
P13569	Y903R	0.1413	benign
P13569	Y903S	0.0527	benign
P13569	Y903T	0.1071	benign
P13569	Y903V	0.1365	benign
P13569	Y903W	0.2718	benign
P13569	A904C	0.6208	pathogenic
P13569	A904D	0.2691	benign
P13569	A904E	0.2691	benign
P13569	A904F	0.2864	benign
P13569	A904G	0.0967	benign
P13569	A904H	0.4197	ambiguous
P13569	A904I	0.2427	benign
P13569	A904K	0.4116	ambiguous
P13569	A904L	0.1754	benign
P13569	A904M	0.2521	benign
P13569	A904N	0.258	benign
P13569	A904P	0.0919	benign
P13569	A904Q	0.3362	benign
P13569	A904R	0.3267	benign
P13569	A904S	0.0912	benign
P13569	A904T	0.0898	benign
P13569	A904V	0.1262	benign
P13569	A904W	0.5868	pathogenic
P13569	A904Y	0.4268	ambiguous
P13569	V905A	0.4485	ambiguous
P13569	V905C	0.955	pathogenic
P13569	V905D	0.799	pathogenic
P13569	V905E	0.7123	pathogenic
P13569	V905F	0.2205	benign
P13569	V905G	0.514	ambiguous
P13569	V905H	0.9001	pathogenic
P13569	V905I	0.0912	benign
P13569	V905K	0.7632	pathogenic
P13569	V905L	0.353	ambiguous
P13569	V905M	0.2659	benign
P13569	V905N	0.7216	pathogenic
P13569	V905P	0.7676	pathogenic
P13569	V905Q	0.7732	pathogenic
P13569	V905R	0.7262	pathogenic
P13569	V905S	0.6233	pathogenic
P13569	V905T	0.5383	ambiguous
P13569	V905W	0.9222	pathogenic
P13569	V905Y	0.771	pathogenic
P13569	I906A	0.5736	pathogenic
P13569	I906C	0.9093	pathogenic
P13569	I906D	0.7802	pathogenic
P13569	I906E	0.6693	pathogenic
P13569	I906F	0.1998	benign
P13569	I906G	0.8028	pathogenic
P13569	I906H	0.641	pathogenic
P13569	I906K	0.5214	ambiguous
P13569	I906L	0.185	benign
P13569	I906M	0.1559	benign
P13569	I906N	0.3542	ambiguous
P13569	I906P	0.8415	pathogenic
P13569	I906Q	0.5875	pathogenic
P13569	I906R	0.4057	ambiguous
P13569	I906S	0.4729	ambiguous
P13569	I906T	0.3889	ambiguous
P13569	I906V	0.1365	benign
P13569	I906W	0.7967	pathogenic
P13569	I906Y	0.5828	pathogenic
P13569	I907A	0.4681	ambiguous
P13569	I907C	0.791	pathogenic
P13569	I907D	0.8387	pathogenic
P13569	I907E	0.7435	pathogenic
P13569	I907F	0.0715	benign
P13569	I907G	0.7463	pathogenic
P13569	I907H	0.6509	pathogenic
P13569	I907K	0.5889	pathogenic
P13569	I907L	0.1314	benign
P13569	I907M	0.1253	benign
P13569	I907N	0.5074	ambiguous
P13569	I907P	0.7599	pathogenic
P13569	I907Q	0.6425	pathogenic
P13569	I907R	0.4456	ambiguous
P13569	I907S	0.4807	ambiguous
P13569	I907T	0.4147	ambiguous
P13569	I907V	0.0861	benign
P13569	I907W	0.627	pathogenic
P13569	I907Y	0.4175	ambiguous
P13569	T908A	0.3269	benign
P13569	T908C	0.9156	pathogenic
P13569	T908D	0.6369	pathogenic
P13569	T908E	0.6366	pathogenic
P13569	T908F	0.7176	pathogenic
P13569	T908G	0.5024	ambiguous
P13569	T908H	0.5524	ambiguous
P13569	T908I	0.7246	pathogenic
P13569	T908K	0.431	ambiguous
P13569	T908L	0.4661	ambiguous
P13569	T908M	0.3789	ambiguous
P13569	T908N	0.3362	benign
P13569	T908P	0.3518	ambiguous
P13569	T908Q	0.509	ambiguous
P13569	T908R	0.3386	benign
P13569	T908S	0.248	benign
P13569	T908V	0.6308	pathogenic
P13569	T908W	0.8903	pathogenic
P13569	T908Y	0.7346	pathogenic
P13569	S909A	0.1029	benign
P13569	S909C	0.3191	benign
P13569	S909D	0.0981	benign
P13569	S909E	0.1603	benign
P13569	S909F	0.3579	ambiguous
P13569	S909G	0.074	benign
P13569	S909H	0.1394	benign
P13569	S909I	0.2156	benign
P13569	S909K	0.1642	benign
P13569	S909L	0.2268	benign
P13569	S909M	0.3074	benign
P13569	S909N	0.0699	benign
P13569	S909P	0.1275	benign
P13569	S909Q	0.1845	benign
P13569	S909R	0.1406	benign
P13569	S909T	0.0986	benign
P13569	S909V	0.2476	benign
P13569	S909W	0.3724	ambiguous
P13569	S909Y	0.2023	benign
P13569	T910A	0.1437	benign
P13569	T910C	0.8351	pathogenic
P13569	T910D	0.3772	ambiguous
P13569	T910E	0.4214	ambiguous
P13569	T910F	0.4997	ambiguous
P13569	T910G	0.3049	benign
P13569	T910H	0.3286	benign
P13569	T910I	0.5475	ambiguous
P13569	T910K	0.2909	benign
P13569	T910L	0.3445	ambiguous
P13569	T910M	0.2909	benign
P13569	T910N	0.1578	benign
P13569	T910P	0.2397	benign
P13569	T910Q	0.3569	ambiguous
P13569	T910R	0.2387	benign
P13569	T910S	0.1138	benign
P13569	T910V	0.4325	ambiguous
P13569	T910W	0.7788	pathogenic
P13569	T910Y	0.4654	ambiguous
P13569	S911A	0.2213	benign
P13569	S911C	0.7634	pathogenic
P13569	S911D	0.862	pathogenic
P13569	S911E	0.9372	pathogenic
P13569	S911F	0.8525	pathogenic
P13569	S911G	0.249	benign
P13569	S911H	0.8907	pathogenic
P13569	S911I	0.8275	pathogenic
P13569	S911K	0.9812	pathogenic
P13569	S911L	0.643	pathogenic
P13569	S911M	0.8148	pathogenic
P13569	S911N	0.7407	pathogenic
P13569	S911P	0.7971	pathogenic
P13569	S911Q	0.9356	pathogenic
P13569	S911R	0.9667	pathogenic
P13569	S911T	0.3003	benign
P13569	S911V	0.7696	pathogenic
P13569	S911W	0.8873	pathogenic
P13569	S911Y	0.7803	pathogenic
P13569	S912A	0.0734	benign
P13569	S912C	0.2364	benign
P13569	S912D	0.2618	benign
P13569	S912E	0.3214	benign
P13569	S912F	0.1213	benign
P13569	S912G	0.0916	benign
P13569	S912H	0.2173	benign
P13569	S912I	0.1512	benign
P13569	S912K	0.3054	benign
P13569	S912L	0.1245	benign
P13569	S912M	0.2256	benign
P13569	S912N	0.1448	benign
P13569	S912P	0.1429	benign
P13569	S912Q	0.3048	benign
P13569	S912R	0.2485	benign
P13569	S912T	0.0872	benign
P13569	S912V	0.1623	benign
P13569	S912W	0.1941	benign
P13569	S912Y	0.1039	benign
P13569	Y913A	0.6315	pathogenic
P13569	Y913C	0.3786	ambiguous
P13569	Y913D	0.5574	ambiguous
P13569	Y913E	0.8523	pathogenic
P13569	Y913F	0.0708	benign
P13569	Y913G	0.6502	pathogenic
P13569	Y913H	0.4064	ambiguous
P13569	Y913I	0.5776	pathogenic
P13569	Y913K	0.8276	pathogenic
P13569	Y913L	0.6037	pathogenic
P13569	Y913M	0.7416	pathogenic
P13569	Y913N	0.3936	ambiguous
P13569	Y913P	0.8621	pathogenic
P13569	Y913Q	0.7637	pathogenic
P13569	Y913R	0.6896	pathogenic
P13569	Y913S	0.3534	ambiguous
P13569	Y913T	0.5916	pathogenic
P13569	Y913V	0.4872	ambiguous
P13569	Y913W	0.3728	ambiguous
P13569	Y914A	0.8622	pathogenic
P13569	Y914C	0.7548	pathogenic
P13569	Y914D	0.8353	pathogenic
P13569	Y914E	0.9631	pathogenic
P13569	Y914F	0.2528	benign
P13569	Y914G	0.8328	pathogenic
P13569	Y914H	0.8123	pathogenic
P13569	Y914I	0.8776	pathogenic
P13569	Y914K	0.9719	pathogenic
P13569	Y914L	0.712	pathogenic
P13569	Y914M	0.9077	pathogenic
P13569	Y914N	0.7202	pathogenic
P13569	Y914P	0.9454	pathogenic
P13569	Y914Q	0.9512	pathogenic
P13569	Y914R	0.9126	pathogenic
P13569	Y914S	0.6504	pathogenic
P13569	Y914T	0.8488	pathogenic
P13569	Y914V	0.7676	pathogenic
P13569	Y914W	0.7373	pathogenic
P13569	V915A	0.3243	benign
P13569	V915C	0.7269	pathogenic
P13569	V915D	0.8272	pathogenic
P13569	V915E	0.7573	pathogenic
P13569	V915F	0.1331	benign
P13569	V915G	0.3752	ambiguous
P13569	V915H	0.8289	pathogenic
P13569	V915I	0.0706	benign
P13569	V915K	0.7817	pathogenic
P13569	V915L	0.1393	benign
P13569	V915M	0.1405	benign
P13569	V915N	0.6334	pathogenic
P13569	V915P	0.8438	pathogenic
P13569	V915Q	0.7186	pathogenic
P13569	V915R	0.7034	pathogenic
P13569	V915S	0.4343	ambiguous
P13569	V915T	0.364	ambiguous
P13569	V915W	0.764	pathogenic
P13569	V915Y	0.5504	ambiguous
P13569	F916A	0.6977	pathogenic
P13569	F916C	0.5527	ambiguous
P13569	F916D	0.9753	pathogenic
P13569	F916E	0.9741	pathogenic
P13569	F916G	0.866	pathogenic
P13569	F916H	0.9415	pathogenic
P13569	F916I	0.1552	benign
P13569	F916K	0.9767	pathogenic
P13569	F916L	0.7885	pathogenic
P13569	F916M	0.5424	ambiguous
P13569	F916N	0.9	pathogenic
P13569	F916P	0.9669	pathogenic
P13569	F916Q	0.9575	pathogenic
P13569	F916R	0.9539	pathogenic
P13569	F916S	0.6767	pathogenic
P13569	F916T	0.6574	pathogenic
P13569	F916V	0.1942	benign
P13569	F916W	0.7549	pathogenic
P13569	F916Y	0.3959	ambiguous
P13569	Y917A	0.8643	pathogenic
P13569	Y917C	0.5828	pathogenic
P13569	Y917D	0.9145	pathogenic
P13569	Y917E	0.9799	pathogenic
P13569	Y917F	0.202	benign
P13569	Y917G	0.7974	pathogenic
P13569	Y917H	0.8257	pathogenic
P13569	Y917I	0.887	pathogenic
P13569	Y917K	0.9858	pathogenic
P13569	Y917L	0.6492	pathogenic
P13569	Y917M	0.9133	pathogenic
P13569	Y917N	0.7451	pathogenic
P13569	Y917P	0.93	pathogenic
P13569	Y917Q	0.9577	pathogenic
P13569	Y917R	0.948	pathogenic
P13569	Y917S	0.5846	pathogenic
P13569	Y917T	0.8637	pathogenic
P13569	Y917V	0.7819	pathogenic
P13569	Y917W	0.7223	pathogenic
P13569	I918A	0.8724	pathogenic
P13569	I918C	0.9531	pathogenic
P13569	I918D	0.9953	pathogenic
P13569	I918E	0.9893	pathogenic
P13569	I918F	0.6394	pathogenic
P13569	I918G	0.9699	pathogenic
P13569	I918H	0.9879	pathogenic
P13569	I918K	0.9816	pathogenic
P13569	I918L	0.2726	benign
P13569	I918M	0.3669	ambiguous
P13569	I918N	0.9329	pathogenic
P13569	I918P	0.98	pathogenic
P13569	I918Q	0.981	pathogenic
P13569	I918R	0.9634	pathogenic
P13569	I918S	0.8758	pathogenic
P13569	I918T	0.8259	pathogenic
P13569	I918V	0.2056	benign
P13569	I918W	0.9858	pathogenic
P13569	I918Y	0.9518	pathogenic
P13569	Y919A	0.8831	pathogenic
P13569	Y919C	0.6216	pathogenic
P13569	Y919D	0.9591	pathogenic
P13569	Y919E	0.9878	pathogenic
P13569	Y919F	0.1335	benign
P13569	Y919G	0.8601	pathogenic
P13569	Y919H	0.883	pathogenic
P13569	Y919I	0.8624	pathogenic
P13569	Y919K	0.9929	pathogenic
P13569	Y919L	0.6879	pathogenic
P13569	Y919M	0.8956	pathogenic
P13569	Y919N	0.8665	pathogenic
P13569	Y919P	0.9747	pathogenic
P13569	Y919Q	0.9808	pathogenic
P13569	Y919R	0.976	pathogenic
P13569	Y919S	0.709	pathogenic
P13569	Y919T	0.8886	pathogenic
P13569	Y919V	0.7599	pathogenic
P13569	Y919W	0.6093	pathogenic
P13569	V920A	0.3915	ambiguous
P13569	V920C	0.9358	pathogenic
P13569	V920D	0.9805	pathogenic
P13569	V920E	0.9393	pathogenic
P13569	V920F	0.6603	pathogenic
P13569	V920G	0.6502	pathogenic
P13569	V920H	0.9844	pathogenic
P13569	V920I	0.1902	benign
P13569	V920K	0.9707	pathogenic
P13569	V920L	0.795	pathogenic
P13569	V920M	0.5981	pathogenic
P13569	V920N	0.9458	pathogenic
P13569	V920P	0.976	pathogenic
P13569	V920Q	0.9291	pathogenic
P13569	V920R	0.9366	pathogenic
P13569	V920S	0.6507	pathogenic
P13569	V920T	0.441	ambiguous
P13569	V920W	0.9896	pathogenic
P13569	V920Y	0.9707	pathogenic
P13569	G921A	0.3069	benign
P13569	G921C	0.848	pathogenic
P13569	G921D	0.981	pathogenic
P13569	G921E	0.9779	pathogenic
P13569	G921F	0.9628	pathogenic
P13569	G921H	0.9932	pathogenic
P13569	G921I	0.9192	pathogenic
P13569	G921K	0.9961	pathogenic
P13569	G921L	0.9363	pathogenic
P13569	G921M	0.9491	pathogenic
P13569	G921N	0.974	pathogenic
P13569	G921P	0.9955	pathogenic
P13569	G921Q	0.9826	pathogenic
P13569	G921R	0.987	pathogenic
P13569	G921S	0.4984	ambiguous
P13569	G921T	0.7964	pathogenic
P13569	G921V	0.828	pathogenic
P13569	G921W	0.9671	pathogenic
P13569	G921Y	0.9815	pathogenic
P13569	V922A	0.4572	ambiguous
P13569	V922C	0.903	pathogenic
P13569	V922D	0.952	pathogenic
P13569	V922E	0.8908	pathogenic
P13569	V922F	0.3079	benign
P13569	V922G	0.5924	pathogenic
P13569	V922H	0.9504	pathogenic
P13569	V922I	0.0844	benign
P13569	V922K	0.9425	pathogenic
P13569	V922L	0.3616	ambiguous
P13569	V922M	0.2734	benign
P13569	V922N	0.8356	pathogenic
P13569	V922P	0.9815	pathogenic
P13569	V922Q	0.895	pathogenic
P13569	V922R	0.9329	pathogenic
P13569	V922S	0.6548	pathogenic
P13569	V922T	0.422	ambiguous
P13569	V922W	0.9531	pathogenic
P13569	V922Y	0.9065	pathogenic
P13569	A923C	0.8865	pathogenic
P13569	A923D	0.9815	pathogenic
P13569	A923E	0.9613	pathogenic
P13569	A923F	0.9324	pathogenic
P13569	A923G	0.4459	ambiguous
P13569	A923H	0.9819	pathogenic
P13569	A923I	0.9322	pathogenic
P13569	A923K	0.9916	pathogenic
P13569	A923L	0.8446	pathogenic
P13569	A923M	0.8434	pathogenic
P13569	A923N	0.9479	pathogenic
P13569	A923P	0.9782	pathogenic
P13569	A923Q	0.9395	pathogenic
P13569	A923R	0.9756	pathogenic
P13569	A923S	0.1738	benign
P13569	A923T	0.4783	ambiguous
P13569	A923V	0.7393	pathogenic
P13569	A923W	0.9912	pathogenic
P13569	A923Y	0.9815	pathogenic
P13569	D924A	0.9518	pathogenic
P13569	D924C	0.993	pathogenic
P13569	D924E	0.7749	pathogenic
P13569	D924F	0.9916	pathogenic
P13569	D924G	0.9303	pathogenic
P13569	D924H	0.9839	pathogenic
P13569	D924I	0.9855	pathogenic
P13569	D924K	0.9927	pathogenic
P13569	D924L	0.9785	pathogenic
P13569	D924M	0.9943	pathogenic
P13569	D924N	0.8339	pathogenic
P13569	D924P	0.993	pathogenic
P13569	D924Q	0.9855	pathogenic
P13569	D924R	0.9919	pathogenic
P13569	D924S	0.8718	pathogenic
P13569	D924T	0.9687	pathogenic
P13569	D924V	0.9525	pathogenic
P13569	D924W	0.998	pathogenic
P13569	D924Y	0.9565	pathogenic
P13569	T925A	0.3409	ambiguous
P13569	T925C	0.854	pathogenic
P13569	T925D	0.9466	pathogenic
P13569	T925E	0.9661	pathogenic
P13569	T925F	0.8762	pathogenic
P13569	T925G	0.5193	ambiguous
P13569	T925H	0.8852	pathogenic
P13569	T925I	0.8786	pathogenic
P13569	T925K	0.964	pathogenic
P13569	T925L	0.7057	pathogenic
P13569	T925M	0.4609	ambiguous
P13569	T925N	0.7175	pathogenic
P13569	T925P	0.7588	pathogenic
P13569	T925Q	0.9213	pathogenic
P13569	T925R	0.9568	pathogenic
P13569	T925S	0.1342	benign
P13569	T925V	0.7399	pathogenic
P13569	T925W	0.978	pathogenic
P13569	T925Y	0.9292	pathogenic
P13569	L926A	0.5778	pathogenic
P13569	L926C	0.7449	pathogenic
P13569	L926D	0.9911	pathogenic
P13569	L926E	0.9577	pathogenic
P13569	L926F	0.1223	benign
P13569	L926G	0.87	pathogenic
P13569	L926H	0.8781	pathogenic
P13569	L926I	0.1618	benign
P13569	L926K	0.9626	pathogenic
P13569	L926M	0.1923	benign
P13569	L926N	0.9365	pathogenic
P13569	L926P	0.9216	pathogenic
P13569	L926Q	0.8351	pathogenic
P13569	L926R	0.9134	pathogenic
P13569	L926S	0.761	pathogenic
P13569	L926T	0.6278	pathogenic
P13569	L926V	0.163	benign
P13569	L926W	0.5556	ambiguous
P13569	L926Y	0.751	pathogenic
P13569	L927A	0.7545	pathogenic
P13569	L927C	0.863	pathogenic
P13569	L927D	0.994	pathogenic
P13569	L927E	0.9755	pathogenic
P13569	L927F	0.161	benign
P13569	L927G	0.8991	pathogenic
P13569	L927H	0.9157	pathogenic
P13569	L927I	0.3768	ambiguous
P13569	L927K	0.9707	pathogenic
P13569	L927M	0.3086	benign
P13569	L927N	0.9677	pathogenic
P13569	L927P	0.9259	pathogenic
P13569	L927Q	0.9003	pathogenic
P13569	L927R	0.9374	pathogenic
P13569	L927S	0.9058	pathogenic
P13569	L927T	0.8253	pathogenic
P13569	L927V	0.4098	ambiguous
P13569	L927W	0.6376	pathogenic
P13569	L927Y	0.8307	pathogenic
P13569	A928C	0.7174	pathogenic
P13569	A928D	0.968	pathogenic
P13569	A928E	0.9508	pathogenic
P13569	A928F	0.6169	pathogenic
P13569	A928G	0.365	ambiguous
P13569	A928H	0.9632	pathogenic
P13569	A928I	0.5665	pathogenic
P13569	A928K	0.9868	pathogenic
P13569	A928L	0.4665	ambiguous
P13569	A928M	0.5649	pathogenic
P13569	A928N	0.913	pathogenic
P13569	A928P	0.8847	pathogenic
P13569	A928Q	0.9225	pathogenic
P13569	A928R	0.9667	pathogenic
P13569	A928S	0.2164	benign
P13569	A928T	0.343	ambiguous
P13569	A928V	0.2594	benign
P13569	A928W	0.9598	pathogenic
P13569	A928Y	0.9084	pathogenic
P13569	M929A	0.3528	ambiguous
P13569	M929C	0.7114	pathogenic
P13569	M929D	0.9616	pathogenic
P13569	M929E	0.8613	pathogenic
P13569	M929F	0.3363	benign
P13569	M929G	0.6128	pathogenic
P13569	M929H	0.8768	pathogenic
P13569	M929I	0.3401	ambiguous
P13569	M929K	0.7425	pathogenic
P13569	M929L	0.0574	benign
P13569	M929N	0.8296	pathogenic
P13569	M929P	0.8273	pathogenic
P13569	M929Q	0.6732	pathogenic
P13569	M929R	0.7558	pathogenic
P13569	M929S	0.5414	ambiguous
P13569	M929T	0.2568	benign
P13569	M929V	0.1196	benign
P13569	M929W	0.7296	pathogenic
P13569	M929Y	0.8304	pathogenic
P13569	G930A	0.3308	benign
P13569	G930C	0.7246	pathogenic
P13569	G930D	0.9086	pathogenic
P13569	G930E	0.9426	pathogenic
P13569	G930F	0.9578	pathogenic
P13569	G930H	0.968	pathogenic
P13569	G930I	0.8376	pathogenic
P13569	G930K	0.9925	pathogenic
P13569	G930L	0.9179	pathogenic
P13569	G930M	0.9267	pathogenic
P13569	G930N	0.8731	pathogenic
P13569	G930P	0.9841	pathogenic
P13569	G930Q	0.9635	pathogenic
P13569	G930R	0.9806	pathogenic
P13569	G930S	0.2594	benign
P13569	G930T	0.6047	pathogenic
P13569	G930V	0.7161	pathogenic
P13569	G930W	0.9406	pathogenic
P13569	G930Y	0.951	pathogenic
P13569	F931A	0.2539	benign
P13569	F931C	0.1241	benign
P13569	F931D	0.9067	pathogenic
P13569	F931E	0.9224	pathogenic
P13569	F931G	0.4406	ambiguous
P13569	F931H	0.8016	pathogenic
P13569	F931I	0.0469	benign
P13569	F931K	0.9272	pathogenic
P13569	F931L	0.2059	benign
P13569	F931M	0.1794	benign
P13569	F931N	0.7005	pathogenic
P13569	F931P	0.6913	pathogenic
P13569	F931Q	0.8752	pathogenic
P13569	F931R	0.8657	pathogenic
P13569	F931S	0.3497	ambiguous
P13569	F931T	0.3426	ambiguous
P13569	F931V	0.0585	benign
P13569	F931W	0.433	ambiguous
P13569	F931Y	0.2841	benign
P13569	F932A	0.306	benign
P13569	F932C	0.1206	benign
P13569	F932D	0.9497	pathogenic
P13569	F932E	0.946	pathogenic
P13569	F932G	0.5174	ambiguous
P13569	F932H	0.8047	pathogenic
P13569	F932I	0.0858	benign
P13569	F932K	0.9402	pathogenic
P13569	F932L	0.2561	benign
P13569	F932M	0.249	benign
P13569	F932N	0.8272	pathogenic
P13569	F932P	0.7541	pathogenic
P13569	F932Q	0.8547	pathogenic
P13569	F932R	0.862	pathogenic
P13569	F932S	0.3402	ambiguous
P13569	F932T	0.3955	ambiguous
P13569	F932V	0.098	benign
P13569	F932W	0.4378	ambiguous
P13569	F932Y	0.3662	ambiguous
P13569	R933A	0.9836	pathogenic
P13569	R933C	0.7805	pathogenic
P13569	R933D	0.9963	pathogenic
P13569	R933E	0.9689	pathogenic
P13569	R933F	0.9907	pathogenic
P13569	R933G	0.956	pathogenic
P13569	R933H	0.7603	pathogenic
P13569	R933I	0.9679	pathogenic
P13569	R933K	0.8388	pathogenic
P13569	R933L	0.9391	pathogenic
P13569	R933M	0.9842	pathogenic
P13569	R933N	0.9943	pathogenic
P13569	R933P	0.9883	pathogenic
P13569	R933Q	0.692	pathogenic
P13569	R933S	0.9838	pathogenic
P13569	R933T	0.9767	pathogenic
P13569	R933V	0.9749	pathogenic
P13569	R933W	0.7775	pathogenic
P13569	R933Y	0.9731	pathogenic
P13569	G934A	0.573	pathogenic
P13569	G934C	0.8684	pathogenic
P13569	G934D	0.962	pathogenic
P13569	G934E	0.9614	pathogenic
P13569	G934F	0.9667	pathogenic
P13569	G934H	0.9868	pathogenic
P13569	G934I	0.9183	pathogenic
P13569	G934K	0.9934	pathogenic
P13569	G934L	0.9574	pathogenic
P13569	G934M	0.9625	pathogenic
P13569	G934N	0.9616	pathogenic
P13569	G934P	0.9939	pathogenic
P13569	G934Q	0.9798	pathogenic
P13569	G934R	0.9835	pathogenic
P13569	G934S	0.5446	ambiguous
P13569	G934T	0.8798	pathogenic
P13569	G934V	0.8608	pathogenic
P13569	G934W	0.9548	pathogenic
P13569	G934Y	0.9681	pathogenic
P13569	L935A	0.5653	pathogenic
P13569	L935C	0.7718	pathogenic
P13569	L935D	0.9834	pathogenic
P13569	L935E	0.9078	pathogenic
P13569	L935F	0.1397	benign
P13569	L935G	0.8238	pathogenic
P13569	L935H	0.7106	pathogenic
P13569	L935I	0.0903	benign
P13569	L935K	0.7848	pathogenic
P13569	L935M	0.1512	benign
P13569	L935N	0.868	pathogenic
P13569	L935P	0.7613	pathogenic
P13569	L935Q	0.6417	pathogenic
P13569	L935R	0.6871	pathogenic
P13569	L935S	0.7147	pathogenic
P13569	L935T	0.6273	pathogenic
P13569	L935V	0.1392	benign
P13569	L935W	0.3621	ambiguous
P13569	L935Y	0.5539	ambiguous
P13569	P936A	0.3148	benign
P13569	P936C	0.8278	pathogenic
P13569	P936D	0.9646	pathogenic
P13569	P936E	0.9178	pathogenic
P13569	P936F	0.6651	pathogenic
P13569	P936G	0.7613	pathogenic
P13569	P936H	0.6482	pathogenic
P13569	P936I	0.5183	ambiguous
P13569	P936K	0.8971	pathogenic
P13569	P936L	0.2691	benign
P13569	P936M	0.6608	pathogenic
P13569	P936N	0.8976	pathogenic
P13569	P936Q	0.693	pathogenic
P13569	P936R	0.7322	pathogenic
P13569	P936S	0.4784	ambiguous
P13569	P936T	0.3955	ambiguous
P13569	P936V	0.4313	ambiguous
P13569	P936W	0.815	pathogenic
P13569	P936Y	0.711	pathogenic
P13569	L937A	0.6449	pathogenic
P13569	L937C	0.8468	pathogenic
P13569	L937D	0.9954	pathogenic
P13569	L937E	0.9705	pathogenic
P13569	L937F	0.2088	benign
P13569	L937G	0.9305	pathogenic
P13569	L937H	0.9149	pathogenic
P13569	L937I	0.2167	benign
P13569	L937K	0.9688	pathogenic
P13569	L937M	0.2033	benign
P13569	L937N	0.9714	pathogenic
P13569	L937P	0.9465	pathogenic
P13569	L937Q	0.8857	pathogenic
P13569	L937R	0.928	pathogenic
P13569	L937S	0.8657	pathogenic
P13569	L937T	0.706	pathogenic
P13569	L937V	0.1908	benign
P13569	L937W	0.7324	pathogenic
P13569	L937Y	0.834	pathogenic
P13569	V938A	0.5382	ambiguous
P13569	V938C	0.8977	pathogenic
P13569	V938D	0.9498	pathogenic
P13569	V938E	0.8817	pathogenic
P13569	V938F	0.535	ambiguous
P13569	V938G	0.6026	pathogenic
P13569	V938H	0.9591	pathogenic
P13569	V938I	0.1035	benign
P13569	V938K	0.9476	pathogenic
P13569	V938L	0.4965	ambiguous
P13569	V938M	0.4032	ambiguous
P13569	V938N	0.8088	pathogenic
P13569	V938P	0.9549	pathogenic
P13569	V938Q	0.8608	pathogenic
P13569	V938R	0.9103	pathogenic
P13569	V938S	0.5983	pathogenic
P13569	V938T	0.471	ambiguous
P13569	V938W	0.9808	pathogenic
P13569	V938Y	0.9282	pathogenic
P13569	H939A	0.6509	pathogenic
P13569	H939C	0.4501	ambiguous
P13569	H939D	0.4532	ambiguous
P13569	H939E	0.6054	pathogenic
P13569	H939F	0.5612	ambiguous
P13569	H939G	0.6086	pathogenic
P13569	H939I	0.7257	pathogenic
P13569	H939K	0.4407	ambiguous
P13569	H939L	0.3801	ambiguous
P13569	H939M	0.8113	pathogenic
P13569	H939N	0.2256	benign
P13569	H939P	0.6877	pathogenic
P13569	H939Q	0.3836	ambiguous
P13569	H939R	0.1795	benign
P13569	H939S	0.4626	ambiguous
P13569	H939T	0.6526	pathogenic
P13569	H939V	0.6555	pathogenic
P13569	H939W	0.569	pathogenic
P13569	H939Y	0.1535	benign
P13569	T940A	0.1068	benign
P13569	T940C	0.353	ambiguous
P13569	T940D	0.7256	pathogenic
P13569	T940E	0.6899	pathogenic
P13569	T940F	0.3956	ambiguous
P13569	T940G	0.2458	benign
P13569	T940H	0.376	ambiguous
P13569	T940I	0.3507	ambiguous
P13569	T940K	0.5618	ambiguous
P13569	T940L	0.257	benign
P13569	T940M	0.1715	benign
P13569	T940N	0.2688	benign
P13569	T940P	0.5181	ambiguous
P13569	T940Q	0.4813	ambiguous
P13569	T940R	0.4715	ambiguous
P13569	T940S	0.0866	benign
P13569	T940V	0.2576	benign
P13569	T940W	0.7334	pathogenic
P13569	T940Y	0.4023	ambiguous
P13569	L941A	0.4201	ambiguous
P13569	L941C	0.648	pathogenic
P13569	L941D	0.9762	pathogenic
P13569	L941E	0.8772	pathogenic
P13569	L941F	0.2905	benign
P13569	L941G	0.7426	pathogenic
P13569	L941H	0.8002	pathogenic
P13569	L941I	0.275	benign
P13569	L941K	0.9178	pathogenic
P13569	L941M	0.1369	benign
P13569	L941N	0.7986	pathogenic
P13569	L941P	0.968	pathogenic
P13569	L941Q	0.6054	pathogenic
P13569	L941R	0.8521	pathogenic
P13569	L941S	0.4548	ambiguous
P13569	L941T	0.3663	ambiguous
P13569	L941V	0.1985	benign
P13569	L941W	0.755	pathogenic
P13569	L941Y	0.8501	pathogenic
P13569	I942A	0.8084	pathogenic
P13569	I942C	0.9049	pathogenic
P13569	I942D	0.9799	pathogenic
P13569	I942E	0.9447	pathogenic
P13569	I942F	0.471	ambiguous
P13569	I942G	0.934	pathogenic
P13569	I942H	0.9243	pathogenic
P13569	I942K	0.8754	pathogenic
P13569	I942L	0.1552	benign
P13569	I942M	0.1826	benign
P13569	I942N	0.7239	pathogenic
P13569	I942P	0.9622	pathogenic
P13569	I942Q	0.8724	pathogenic
P13569	I942R	0.8149	pathogenic
P13569	I942S	0.7621	pathogenic
P13569	I942T	0.6407	pathogenic
P13569	I942V	0.1338	benign
P13569	I942W	0.9623	pathogenic
P13569	I942Y	0.8743	pathogenic
P13569	T943A	0.0953	benign
P13569	T943C	0.4828	ambiguous
P13569	T943D	0.3887	ambiguous
P13569	T943E	0.3121	benign
P13569	T943F	0.3086	benign
P13569	T943G	0.2414	benign
P13569	T943H	0.2226	benign
P13569	T943I	0.2523	benign
P13569	T943K	0.1424	benign
P13569	T943L	0.1583	benign
P13569	T943M	0.1189	benign
P13569	T943N	0.1559	benign
P13569	T943P	0.4057	ambiguous
P13569	T943Q	0.2184	benign
P13569	T943R	0.1222	benign
P13569	T943S	0.1092	benign
P13569	T943V	0.2069	benign
P13569	T943W	0.5952	pathogenic
P13569	T943Y	0.3068	benign
P13569	V944A	0.1291	benign
P13569	V944C	0.7693	pathogenic
P13569	V944D	0.7529	pathogenic
P13569	V944E	0.7455	pathogenic
P13569	V944F	0.3548	ambiguous
P13569	V944G	0.2723	benign
P13569	V944H	0.8971	pathogenic
P13569	V944I	0.0906	benign
P13569	V944K	0.865	pathogenic
P13569	V944L	0.3563	ambiguous
P13569	V944M	0.2083	benign
P13569	V944N	0.5155	ambiguous
P13569	V944P	0.8756	pathogenic
P13569	V944Q	0.7663	pathogenic
P13569	V944R	0.8279	pathogenic
P13569	V944S	0.2089	benign
P13569	V944T	0.193	benign
P13569	V944W	0.9633	pathogenic
P13569	V944Y	0.8444	pathogenic
P13569	S945A	0.2584	benign
P13569	S945C	0.5486	ambiguous
P13569	S945D	0.9873	pathogenic
P13569	S945E	0.9835	pathogenic
P13569	S945F	0.9829	pathogenic
P13569	S945G	0.3394	benign
P13569	S945H	0.9839	pathogenic
P13569	S945I	0.9665	pathogenic
P13569	S945K	0.998	pathogenic
P13569	S945L	0.8322	pathogenic
P13569	S945M	0.9168	pathogenic
P13569	S945N	0.914	pathogenic
P13569	S945P	0.9394	pathogenic
P13569	S945Q	0.9783	pathogenic
P13569	S945R	0.995	pathogenic
P13569	S945T	0.4698	ambiguous
P13569	S945V	0.9065	pathogenic
P13569	S945W	0.9882	pathogenic
P13569	S945Y	0.9737	pathogenic
P13569	K946A	0.3761	ambiguous
P13569	K946C	0.723	pathogenic
P13569	K946D	0.5712	pathogenic
P13569	K946E	0.1284	benign
P13569	K946F	0.843	pathogenic
P13569	K946G	0.4025	ambiguous
P13569	K946H	0.3691	ambiguous
P13569	K946I	0.4749	ambiguous
P13569	K946L	0.4789	ambiguous
P13569	K946M	0.2827	benign
P13569	K946N	0.4206	ambiguous
P13569	K946P	0.9394	pathogenic
P13569	K946Q	0.1188	benign
P13569	K946R	0.0923	benign
P13569	K946S	0.3953	ambiguous
P13569	K946T	0.2044	benign
P13569	K946V	0.3792	ambiguous
P13569	K946W	0.8104	pathogenic
P13569	K946Y	0.6583	pathogenic
P13569	I947A	0.1814	benign
P13569	I947C	0.4429	ambiguous
P13569	I947D	0.2702	benign
P13569	I947E	0.2304	benign
P13569	I947F	0.0872	benign
P13569	I947G	0.3337	benign
P13569	I947H	0.1756	benign
P13569	I947K	0.1186	benign
P13569	I947L	0.0846	benign
P13569	I947M	0.0756	benign
P13569	I947N	0.0835	benign
P13569	I947P	0.7484	pathogenic
P13569	I947Q	0.1676	benign
P13569	I947R	0.0926	benign
P13569	I947S	0.1187	benign
P13569	I947T	0.0951	benign
P13569	I947V	0.0769	benign
P13569	I947W	0.487	ambiguous
P13569	I947Y	0.2012	benign
P13569	L948A	0.8649	pathogenic
P13569	L948C	0.8662	pathogenic
P13569	L948D	0.9959	pathogenic
P13569	L948E	0.9671	pathogenic
P13569	L948F	0.424	ambiguous
P13569	L948G	0.9731	pathogenic
P13569	L948H	0.8845	pathogenic
P13569	L948I	0.2085	benign
P13569	L948K	0.963	pathogenic
P13569	L948M	0.2687	benign
P13569	L948N	0.9661	pathogenic
P13569	L948P	0.9882	pathogenic
P13569	L948Q	0.8528	pathogenic
P13569	L948R	0.9076	pathogenic
P13569	L948S	0.9015	pathogenic
P13569	L948T	0.7741	pathogenic
P13569	L948V	0.2709	benign
P13569	L948W	0.7914	pathogenic
P13569	L948Y	0.8804	pathogenic
P13569	H949A	0.9443	pathogenic
P13569	H949C	0.7524	pathogenic
P13569	H949D	0.9268	pathogenic
P13569	H949E	0.9425	pathogenic
P13569	H949F	0.8284	pathogenic
P13569	H949G	0.9213	pathogenic
P13569	H949I	0.9528	pathogenic
P13569	H949K	0.9618	pathogenic
P13569	H949L	0.6806	pathogenic
P13569	H949M	0.9581	pathogenic
P13569	H949N	0.6238	pathogenic
P13569	H949P	0.8729	pathogenic
P13569	H949Q	0.8192	pathogenic
P13569	H949R	0.8364	pathogenic
P13569	H949S	0.8283	pathogenic
P13569	H949T	0.9311	pathogenic
P13569	H949V	0.941	pathogenic
P13569	H949W	0.8862	pathogenic
P13569	H949Y	0.5036	ambiguous
P13569	H950A	0.1527	benign
P13569	H950C	0.0867	benign
P13569	H950D	0.1122	benign
P13569	H950E	0.1106	benign
P13569	H950F	0.2502	benign
P13569	H950G	0.1205	benign
P13569	H950I	0.1986	benign
P13569	H950K	0.092	benign
P13569	H950L	0.0936	benign
P13569	H950M	0.2925	benign
P13569	H950N	0.0774	benign
P13569	H950P	0.4846	ambiguous
P13569	H950Q	0.0687	benign
P13569	H950R	0.0525	benign
P13569	H950S	0.1214	benign
P13569	H950T	0.1261	benign
P13569	H950V	0.1689	benign
P13569	H950W	0.2382	benign
P13569	H950Y	0.0799	benign
P13569	K951A	0.428	ambiguous
P13569	K951C	0.7353	pathogenic
P13569	K951D	0.484	ambiguous
P13569	K951E	0.1287	benign
P13569	K951F	0.8585	pathogenic
P13569	K951G	0.4863	ambiguous
P13569	K951H	0.3056	benign
P13569	K951I	0.5083	ambiguous
P13569	K951L	0.4599	ambiguous
P13569	K951M	0.2985	benign
P13569	K951N	0.3504	ambiguous
P13569	K951P	0.967	pathogenic
P13569	K951Q	0.1101	benign
P13569	K951R	0.0863	benign
P13569	K951S	0.4007	ambiguous
P13569	K951T	0.1967	benign
P13569	K951V	0.5063	ambiguous
P13569	K951W	0.8247	pathogenic
P13569	K951Y	0.6706	pathogenic
P13569	M952A	0.9251	pathogenic
P13569	M952C	0.9706	pathogenic
P13569	M952D	0.9976	pathogenic
P13569	M952E	0.9832	pathogenic
P13569	M952F	0.853	pathogenic
P13569	M952G	0.9757	pathogenic
P13569	M952H	0.9849	pathogenic
P13569	M952I	0.8752	pathogenic
P13569	M952K	0.954	pathogenic
P13569	M952L	0.3681	ambiguous
P13569	M952N	0.9687	pathogenic
P13569	M952P	0.9976	pathogenic
P13569	M952Q	0.9135	pathogenic
P13569	M952R	0.9613	pathogenic
P13569	M952S	0.942	pathogenic
P13569	M952T	0.8465	pathogenic
P13569	M952V	0.4994	ambiguous
P13569	M952W	0.9908	pathogenic
P13569	M952Y	0.9746	pathogenic
P13569	L953A	0.6739	pathogenic
P13569	L953C	0.7278	pathogenic
P13569	L953D	0.9855	pathogenic
P13569	L953E	0.9039	pathogenic
P13569	L953F	0.269	benign
P13569	L953G	0.9034	pathogenic
P13569	L953H	0.7106	pathogenic
P13569	L953I	0.1343	benign
P13569	L953K	0.8699	pathogenic
P13569	L953M	0.2055	benign
P13569	L953N	0.8877	pathogenic
P13569	L953P	0.9778	pathogenic
P13569	L953Q	0.6445	pathogenic
P13569	L953R	0.7367	pathogenic
P13569	L953S	0.7859	pathogenic
P13569	L953T	0.5858	pathogenic
P13569	L953V	0.132	benign
P13569	L953W	0.5876	pathogenic
P13569	L953Y	0.7311	pathogenic
P13569	H954A	0.1609	benign
P13569	H954C	0.0846	benign
P13569	H954D	0.1378	benign
P13569	H954E	0.1722	benign
P13569	H954F	0.2099	benign
P13569	H954G	0.1541	benign
P13569	H954I	0.1906	benign
P13569	H954K	0.1322	benign
P13569	H954L	0.0942	benign
P13569	H954M	0.3431	ambiguous
P13569	H954N	0.0864	benign
P13569	H954P	0.367	ambiguous
P13569	H954Q	0.0979	benign
P13569	H954R	0.06	benign
P13569	H954S	0.1282	benign
P13569	H954T	0.1545	benign
P13569	H954V	0.1747	benign
P13569	H954W	0.2318	benign
P13569	H954Y	0.0713	benign
P13569	S955A	0.0536	benign
P13569	S955C	0.0829	benign
P13569	S955D	0.7292	pathogenic
P13569	S955E	0.7431	pathogenic
P13569	S955F	0.3695	ambiguous
P13569	S955G	0.1426	benign
P13569	S955H	0.4852	ambiguous
P13569	S955I	0.5016	ambiguous
P13569	S955K	0.8403	pathogenic
P13569	S955L	0.1788	benign
P13569	S955M	0.401	ambiguous
P13569	S955N	0.4023	ambiguous
P13569	S955P	0.8959	pathogenic
P13569	S955Q	0.6848	pathogenic
P13569	S955R	0.7103	pathogenic
P13569	S955T	0.1523	benign
P13569	S955V	0.3398	benign
P13569	S955W	0.5224	ambiguous
P13569	S955Y	0.261	benign
P13569	V956A	0.4674	ambiguous
P13569	V956C	0.8426	pathogenic
P13569	V956D	0.9456	pathogenic
P13569	V956E	0.892	pathogenic
P13569	V956F	0.2762	benign
P13569	V956G	0.7097	pathogenic
P13569	V956H	0.9371	pathogenic
P13569	V956I	0.07	benign
P13569	V956K	0.9236	pathogenic
P13569	V956L	0.1976	benign
P13569	V956M	0.1662	benign
P13569	V956N	0.8234	pathogenic
P13569	V956P	0.967	pathogenic
P13569	V956Q	0.8736	pathogenic
P13569	V956R	0.8993	pathogenic
P13569	V956S	0.6512	pathogenic
P13569	V956T	0.4654	ambiguous
P13569	V956W	0.9475	pathogenic
P13569	V956Y	0.8487	pathogenic
P13569	L957A	0.7665	pathogenic
P13569	L957C	0.7743	pathogenic
P13569	L957D	0.9889	pathogenic
P13569	L957E	0.9369	pathogenic
P13569	L957F	0.2871	benign
P13569	L957G	0.9282	pathogenic
P13569	L957H	0.7923	pathogenic
P13569	L957I	0.1497	benign
P13569	L957K	0.8918	pathogenic
P13569	L957M	0.2046	benign
P13569	L957N	0.9192	pathogenic
P13569	L957P	0.9651	pathogenic
P13569	L957Q	0.7401	pathogenic
P13569	L957R	0.8045	pathogenic
P13569	L957S	0.8012	pathogenic
P13569	L957T	0.6751	pathogenic
P13569	L957V	0.223	benign
P13569	L957W	0.6551	pathogenic
P13569	L957Y	0.8298	pathogenic
P13569	Q958A	0.1538	benign
P13569	Q958C	0.2089	benign
P13569	Q958D	0.2493	benign
P13569	Q958E	0.0785	benign
P13569	Q958F	0.3124	benign
P13569	Q958G	0.1551	benign
P13569	Q958H	0.0806	benign
P13569	Q958I	0.2516	benign
P13569	Q958K	0.0707	benign
P13569	Q958L	0.0805	benign
P13569	Q958M	0.2497	benign
P13569	Q958N	0.1497	benign
P13569	Q958P	0.3762	ambiguous
P13569	Q958R	0.067	benign
P13569	Q958S	0.166	benign
P13569	Q958T	0.1524	benign
P13569	Q958V	0.1873	benign
P13569	Q958W	0.2179	benign
P13569	Q958Y	0.1446	benign
P13569	A959C	0.6664	pathogenic
P13569	A959D	0.9275	pathogenic
P13569	A959E	0.8763	pathogenic
P13569	A959F	0.7504	pathogenic
P13569	A959G	0.224	benign
P13569	A959H	0.9066	pathogenic
P13569	A959I	0.602	pathogenic
P13569	A959K	0.9462	pathogenic
P13569	A959L	0.4658	ambiguous
P13569	A959M	0.435	ambiguous
P13569	A959N	0.8001	pathogenic
P13569	A959P	0.9493	pathogenic
P13569	A959Q	0.8298	pathogenic
P13569	A959R	0.9044	pathogenic
P13569	A959S	0.1448	benign
P13569	A959T	0.2272	benign
P13569	A959V	0.2906	benign
P13569	A959W	0.9703	pathogenic
P13569	A959Y	0.8511	pathogenic
P13569	P960A	0.2493	benign
P13569	P960C	0.7664	pathogenic
P13569	P960D	0.6133	pathogenic
P13569	P960E	0.4672	ambiguous
P13569	P960F	0.9189	pathogenic
P13569	P960G	0.5822	pathogenic
P13569	P960H	0.3567	ambiguous
P13569	P960I	0.8746	pathogenic
P13569	P960K	0.4782	ambiguous
P13569	P960L	0.5756	pathogenic
P13569	P960M	0.8079	pathogenic
P13569	P960N	0.5258	ambiguous
P13569	P960Q	0.2882	benign
P13569	P960R	0.3332	benign
P13569	P960S	0.2004	benign
P13569	P960T	0.254	benign
P13569	P960V	0.7421	pathogenic
P13569	P960W	0.9195	pathogenic
P13569	P960Y	0.8201	pathogenic
P13569	M961A	0.4859	ambiguous
P13569	M961C	0.8816	pathogenic
P13569	M961D	0.9688	pathogenic
P13569	M961E	0.8395	pathogenic
P13569	M961F	0.5591	ambiguous
P13569	M961G	0.8266	pathogenic
P13569	M961H	0.8841	pathogenic
P13569	M961I	0.4706	ambiguous
P13569	M961K	0.6934	pathogenic
P13569	M961L	0.2106	benign
P13569	M961N	0.7886	pathogenic
P13569	M961P	0.8492	pathogenic
P13569	M961Q	0.5937	pathogenic
P13569	M961R	0.6517	pathogenic
P13569	M961S	0.566	pathogenic
P13569	M961T	0.3986	ambiguous
P13569	M961V	0.0919	benign
P13569	M961W	0.9184	pathogenic
P13569	M961Y	0.8512	pathogenic
P13569	S962A	0.0608	benign
P13569	S962C	0.114	benign
P13569	S962D	0.362	ambiguous
P13569	S962E	0.3939	ambiguous
P13569	S962F	0.151	benign
P13569	S962G	0.101	benign
P13569	S962H	0.302	benign
P13569	S962I	0.1489	benign
P13569	S962K	0.5424	ambiguous
P13569	S962L	0.0796	benign
P13569	S962M	0.1806	benign
P13569	S962N	0.1519	benign
P13569	S962P	0.1918	benign
P13569	S962Q	0.4244	ambiguous
P13569	S962R	0.4862	ambiguous
P13569	S962T	0.0844	benign
P13569	S962V	0.1464	benign
P13569	S962W	0.2624	benign
P13569	S962Y	0.1275	benign
P13569	T963A	0.0699	benign
P13569	T963C	0.3133	benign
P13569	T963D	0.2753	benign
P13569	T963E	0.2417	benign
P13569	T963F	0.1413	benign
P13569	T963G	0.2411	benign
P13569	T963H	0.1721	benign
P13569	T963I	0.091	benign
P13569	T963K	0.1658	benign
P13569	T963L	0.0852	benign
P13569	T963M	0.0872	benign
P13569	T963N	0.1191	benign
P13569	T963P	0.2044	benign
P13569	T963Q	0.1943	benign
P13569	T963R	0.1271	benign
P13569	T963S	0.0995	benign
P13569	T963V	0.0881	benign
P13569	T963W	0.5046	ambiguous
P13569	T963Y	0.1794	benign
P13569	L964A	0.4681	ambiguous
P13569	L964C	0.4954	ambiguous
P13569	L964D	0.9312	pathogenic
P13569	L964E	0.7635	pathogenic
P13569	L964F	0.0827	benign
P13569	L964G	0.7777	pathogenic
P13569	L964H	0.4371	ambiguous
P13569	L964I	0.0768	benign
P13569	L964K	0.6736	pathogenic
P13569	L964M	0.1078	benign
P13569	L964N	0.7265	pathogenic
P13569	L964P	0.7834	pathogenic
P13569	L964Q	0.4422	ambiguous
P13569	L964R	0.5376	ambiguous
P13569	L964S	0.5513	ambiguous
P13569	L964T	0.421	ambiguous
P13569	L964V	0.0979	benign
P13569	L964W	0.2114	benign
P13569	L964Y	0.332	benign
P13569	N965A	0.261	benign
P13569	N965C	0.2555	benign
P13569	N965D	0.2192	benign
P13569	N965E	0.5094	ambiguous
P13569	N965F	0.5278	ambiguous
P13569	N965G	0.2777	benign
P13569	N965H	0.1273	benign
P13569	N965I	0.2407	benign
P13569	N965K	0.4224	ambiguous
P13569	N965L	0.2446	benign
P13569	N965M	0.3387	benign
P13569	N965P	0.7201	pathogenic
P13569	N965Q	0.3817	ambiguous
P13569	N965R	0.4299	ambiguous
P13569	N965S	0.0888	benign
P13569	N965T	0.1507	benign
P13569	N965V	0.261	benign
P13569	N965W	0.7818	pathogenic
P13569	N965Y	0.1562	benign
P13569	T966A	0.0673	benign
P13569	T966C	0.2451	benign
P13569	T966D	0.2049	benign
P13569	T966E	0.1615	benign
P13569	T966F	0.1353	benign
P13569	T966G	0.1367	benign
P13569	T966H	0.132	benign
P13569	T966I	0.0924	benign
P13569	T966K	0.0928	benign
P13569	T966L	0.0746	benign
P13569	T966M	0.0749	benign
P13569	T966N	0.0877	benign
P13569	T966P	0.1445	benign
P13569	T966Q	0.126	benign
P13569	T966R	0.0845	benign
P13569	T966S	0.0868	benign
P13569	T966V	0.0884	benign
P13569	T966W	0.3756	ambiguous
P13569	T966Y	0.1507	benign
P13569	L967A	0.2538	benign
P13569	L967C	0.444	ambiguous
P13569	L967D	0.746	pathogenic
P13569	L967E	0.3522	ambiguous
P13569	L967F	0.1073	benign
P13569	L967G	0.5259	ambiguous
P13569	L967H	0.2032	benign
P13569	L967I	0.0883	benign
P13569	L967K	0.2404	benign
P13569	L967M	0.0754	benign
P13569	L967N	0.443	ambiguous
P13569	L967P	0.6809	pathogenic
P13569	L967Q	0.1279	benign
P13569	L967R	0.1793	benign
P13569	L967S	0.2327	benign
P13569	L967T	0.2214	benign
P13569	L967V	0.0923	benign
P13569	L967W	0.1473	benign
P13569	L967Y	0.2924	benign
P13569	K968A	0.5649	pathogenic
P13569	K968C	0.8403	pathogenic
P13569	K968D	0.7639	pathogenic
P13569	K968E	0.3132	benign
P13569	K968F	0.8849	pathogenic
P13569	K968G	0.6011	pathogenic
P13569	K968H	0.3872	ambiguous
P13569	K968I	0.6299	pathogenic
P13569	K968L	0.5468	ambiguous
P13569	K968M	0.4307	ambiguous
P13569	K968N	0.5933	pathogenic
P13569	K968P	0.5916	pathogenic
P13569	K968Q	0.1789	benign
P13569	K968R	0.087	benign
P13569	K968S	0.5917	pathogenic
P13569	K968T	0.3571	ambiguous
P13569	K968V	0.5881	pathogenic
P13569	K968W	0.8663	pathogenic
P13569	K968Y	0.7735	pathogenic
P13569	A969C	0.4532	ambiguous
P13569	A969D	0.3679	ambiguous
P13569	A969E	0.3045	benign
P13569	A969F	0.3729	ambiguous
P13569	A969G	0.1222	benign
P13569	A969H	0.5218	ambiguous
P13569	A969I	0.2363	benign
P13569	A969K	0.4564	ambiguous
P13569	A969L	0.2084	benign
P13569	A969M	0.215	benign
P13569	A969N	0.2623	benign
P13569	A969P	0.1384	benign
P13569	A969Q	0.388	ambiguous
P13569	A969R	0.4205	ambiguous
P13569	A969S	0.0955	benign
P13569	A969T	0.0778	benign
P13569	A969V	0.1202	benign
P13569	A969W	0.7222	pathogenic
P13569	A969Y	0.4701	ambiguous
P13569	G970A	0.1778	benign
P13569	G970C	0.4905	ambiguous
P13569	G970D	0.7638	pathogenic
P13569	G970E	0.7168	pathogenic
P13569	G970F	0.8747	pathogenic
P13569	G970H	0.8432	pathogenic
P13569	G970I	0.6383	pathogenic
P13569	G970K	0.8594	pathogenic
P13569	G970L	0.7966	pathogenic
P13569	G970M	0.8069	pathogenic
P13569	G970N	0.7242	pathogenic
P13569	G970P	0.8816	pathogenic
P13569	G970Q	0.7514	pathogenic
P13569	G970R	0.6568	pathogenic
P13569	G970S	0.1563	benign
P13569	G970T	0.3306	benign
P13569	G970V	0.44	ambiguous
P13569	G970W	0.7722	pathogenic
P13569	G970Y	0.8497	pathogenic
P13569	G971A	0.0875	benign
P13569	G971C	0.1896	benign
P13569	G971D	0.2867	benign
P13569	G971E	0.148	benign
P13569	G971F	0.4346	ambiguous
P13569	G971H	0.3189	benign
P13569	G971I	0.1707	benign
P13569	G971K	0.2628	benign
P13569	G971L	0.3025	benign
P13569	G971M	0.2975	benign
P13569	G971N	0.248	benign
P13569	G971P	0.7772	pathogenic
P13569	G971Q	0.2104	benign
P13569	G971R	0.1671	benign
P13569	G971S	0.0879	benign
P13569	G971T	0.119	benign
P13569	G971V	0.118	benign
P13569	G971W	0.3379	benign
P13569	G971Y	0.3199	benign
P13569	I972A	0.8269	pathogenic
P13569	I972C	0.8782	pathogenic
P13569	I972D	0.9849	pathogenic
P13569	I972E	0.9725	pathogenic
P13569	I972F	0.2219	benign
P13569	I972G	0.9577	pathogenic
P13569	I972H	0.9111	pathogenic
P13569	I972K	0.9126	pathogenic
P13569	I972L	0.1603	benign
P13569	I972M	0.135	benign
P13569	I972N	0.8227	pathogenic
P13569	I972P	0.9719	pathogenic
P13569	I972Q	0.9261	pathogenic
P13569	I972R	0.8752	pathogenic
P13569	I972S	0.8304	pathogenic
P13569	I972T	0.7945	pathogenic
P13569	I972V	0.1379	benign
P13569	I972W	0.9048	pathogenic
P13569	I972Y	0.705	pathogenic
P13569	L973A	0.6587	pathogenic
P13569	L973C	0.7644	pathogenic
P13569	L973D	0.9737	pathogenic
P13569	L973E	0.863	pathogenic
P13569	L973F	0.2986	benign
P13569	L973G	0.8836	pathogenic
P13569	L973H	0.6455	pathogenic
P13569	L973I	0.0972	benign
P13569	L973K	0.7895	pathogenic
P13569	L973M	0.1441	benign
P13569	L973N	0.8242	pathogenic
P13569	L973P	0.9066	pathogenic
P13569	L973Q	0.5242	ambiguous
P13569	L973R	0.6654	pathogenic
P13569	L973S	0.6713	pathogenic
P13569	L973T	0.5225	ambiguous
P13569	L973V	0.1438	benign
P13569	L973W	0.5823	pathogenic
P13569	L973Y	0.7206	pathogenic
P13569	N974A	0.7791	pathogenic
P13569	N974C	0.6605	pathogenic
P13569	N974D	0.8175	pathogenic
P13569	N974E	0.955	pathogenic
P13569	N974F	0.9152	pathogenic
P13569	N974G	0.7345	pathogenic
P13569	N974H	0.4764	ambiguous
P13569	N974I	0.7127	pathogenic
P13569	N974K	0.9363	pathogenic
P13569	N974L	0.5884	pathogenic
P13569	N974M	0.7731	pathogenic
P13569	N974P	0.9199	pathogenic
P13569	N974Q	0.8625	pathogenic
P13569	N974R	0.9034	pathogenic
P13569	N974S	0.2148	benign
P13569	N974T	0.5284	ambiguous
P13569	N974V	0.7184	pathogenic
P13569	N974W	0.9733	pathogenic
P13569	N974Y	0.5883	pathogenic
P13569	R975A	0.9672	pathogenic
P13569	R975C	0.542	ambiguous
P13569	R975D	0.9924	pathogenic
P13569	R975E	0.9629	pathogenic
P13569	R975F	0.9829	pathogenic
P13569	R975G	0.9256	pathogenic
P13569	R975H	0.4423	ambiguous
P13569	R975I	0.9136	pathogenic
P13569	R975K	0.6775	pathogenic
P13569	R975L	0.8739	pathogenic
P13569	R975M	0.9569	pathogenic
P13569	R975N	0.979	pathogenic
P13569	R975P	0.9916	pathogenic
P13569	R975Q	0.5589	ambiguous
P13569	R975S	0.968	pathogenic
P13569	R975T	0.95	pathogenic
P13569	R975V	0.9476	pathogenic
P13569	R975W	0.7945	pathogenic
P13569	R975Y	0.9199	pathogenic
P13569	F976A	0.9748	pathogenic
P13569	F976C	0.867	pathogenic
P13569	F976D	0.9979	pathogenic
P13569	F976E	0.9975	pathogenic
P13569	F976G	0.9918	pathogenic
P13569	F976H	0.982	pathogenic
P13569	F976I	0.6957	pathogenic
P13569	F976K	0.9977	pathogenic
P13569	F976L	0.9648	pathogenic
P13569	F976M	0.8833	pathogenic
P13569	F976N	0.9868	pathogenic
P13569	F976P	0.9996	pathogenic
P13569	F976Q	0.9949	pathogenic
P13569	F976R	0.9948	pathogenic
P13569	F976S	0.9659	pathogenic
P13569	F976T	0.972	pathogenic
P13569	F976V	0.7202	pathogenic
P13569	F976W	0.9173	pathogenic
P13569	F976Y	0.5705	pathogenic
P13569	S977A	0.1627	benign
P13569	S977C	0.239	benign
P13569	S977D	0.9806	pathogenic
P13569	S977E	0.9721	pathogenic
P13569	S977F	0.7349	pathogenic
P13569	S977G	0.274	benign
P13569	S977H	0.9223	pathogenic
P13569	S977I	0.5425	ambiguous
P13569	S977K	0.9923	pathogenic
P13569	S977L	0.2809	benign
P13569	S977M	0.515	ambiguous
P13569	S977N	0.7435	pathogenic
P13569	S977P	0.9263	pathogenic
P13569	S977Q	0.9346	pathogenic
P13569	S977R	0.9811	pathogenic
P13569	S977T	0.1433	benign
P13569	S977V	0.5194	ambiguous
P13569	S977W	0.8824	pathogenic
P13569	S977Y	0.7635	pathogenic
P13569	K978A	0.9502	pathogenic
P13569	K978C	0.9815	pathogenic
P13569	K978D	0.9845	pathogenic
P13569	K978E	0.8999	pathogenic
P13569	K978F	0.9949	pathogenic
P13569	K978G	0.9454	pathogenic
P13569	K978H	0.8829	pathogenic
P13569	K978I	0.9691	pathogenic
P13569	K978L	0.9487	pathogenic
P13569	K978M	0.9022	pathogenic
P13569	K978N	0.9535	pathogenic
P13569	K978P	0.993	pathogenic
P13569	K978Q	0.7558	pathogenic
P13569	K978R	0.1723	benign
P13569	K978S	0.9532	pathogenic
P13569	K978T	0.8858	pathogenic
P13569	K978V	0.9483	pathogenic
P13569	K978W	0.988	pathogenic
P13569	K978Y	0.9782	pathogenic
P13569	D979A	0.9928	pathogenic
P13569	D979C	0.9986	pathogenic
P13569	D979E	0.9655	pathogenic
P13569	D979F	0.9981	pathogenic
P13569	D979G	0.9795	pathogenic
P13569	D979H	0.9926	pathogenic
P13569	D979I	0.9971	pathogenic
P13569	D979K	0.9971	pathogenic
P13569	D979L	0.9974	pathogenic
P13569	D979M	0.9992	pathogenic
P13569	D979N	0.9387	pathogenic
P13569	D979P	0.9993	pathogenic
P13569	D979Q	0.997	pathogenic
P13569	D979R	0.9968	pathogenic
P13569	D979S	0.9841	pathogenic
P13569	D979T	0.9954	pathogenic
P13569	D979V	0.9887	pathogenic
P13569	D979W	0.9995	pathogenic
P13569	D979Y	0.9669	pathogenic
P13569	I980A	0.2797	benign
P13569	I980C	0.7655	pathogenic
P13569	I980D	0.8848	pathogenic
P13569	I980E	0.778	pathogenic
P13569	I980F	0.2641	benign
P13569	I980G	0.7483	pathogenic
P13569	I980H	0.7732	pathogenic
P13569	I980K	0.706	pathogenic
P13569	I980L	0.1523	benign
P13569	I980M	0.0788	benign
P13569	I980N	0.3749	ambiguous
P13569	I980P	0.9226	pathogenic
P13569	I980Q	0.6654	pathogenic
P13569	I980R	0.6052	pathogenic
P13569	I980S	0.2985	benign
P13569	I980T	0.0881	benign
P13569	I980V	0.0745	benign
P13569	I980W	0.9164	pathogenic
P13569	I980Y	0.7653	pathogenic
P13569	A981C	0.7654	pathogenic
P13569	A981D	0.8173	pathogenic
P13569	A981E	0.7919	pathogenic
P13569	A981F	0.6115	pathogenic
P13569	A981G	0.2333	benign
P13569	A981H	0.8537	pathogenic
P13569	A981I	0.5968	pathogenic
P13569	A981K	0.9363	pathogenic
P13569	A981L	0.3962	ambiguous
P13569	A981M	0.4455	ambiguous
P13569	A981N	0.5496	ambiguous
P13569	A981P	0.9124	pathogenic
P13569	A981Q	0.7427	pathogenic
P13569	A981R	0.8634	pathogenic
P13569	A981S	0.1194	benign
P13569	A981T	0.1386	benign
P13569	A981V	0.2956	benign
P13569	A981W	0.9613	pathogenic
P13569	A981Y	0.8303	pathogenic
P13569	I982A	0.5416	ambiguous
P13569	I982C	0.8355	pathogenic
P13569	I982D	0.9106	pathogenic
P13569	I982E	0.8878	pathogenic
P13569	I982F	0.3322	benign
P13569	I982G	0.8262	pathogenic
P13569	I982H	0.8297	pathogenic
P13569	I982K	0.8443	pathogenic
P13569	I982L	0.1875	benign
P13569	I982M	0.1785	benign
P13569	I982N	0.4804	ambiguous
P13569	I982P	0.9419	pathogenic
P13569	I982Q	0.8099	pathogenic
P13569	I982R	0.7749	pathogenic
P13569	I982S	0.5024	ambiguous
P13569	I982T	0.3354	benign
P13569	I982V	0.0632	benign
P13569	I982W	0.9435	pathogenic
P13569	I982Y	0.7697	pathogenic
P13569	L983A	0.6197	pathogenic
P13569	L983C	0.8133	pathogenic
P13569	L983D	0.989	pathogenic
P13569	L983E	0.9071	pathogenic
P13569	L983F	0.4699	ambiguous
P13569	L983G	0.9288	pathogenic
P13569	L983H	0.8479	pathogenic
P13569	L983I	0.1061	benign
P13569	L983K	0.9295	pathogenic
P13569	L983M	0.1558	benign
P13569	L983N	0.9074	pathogenic
P13569	L983P	0.9485	pathogenic
P13569	L983Q	0.7249	pathogenic
P13569	L983R	0.8712	pathogenic
P13569	L983S	0.7262	pathogenic
P13569	L983T	0.377	ambiguous
P13569	L983V	0.1443	benign
P13569	L983W	0.809	pathogenic
P13569	L983Y	0.9132	pathogenic
P13569	D984A	0.978	pathogenic
P13569	D984C	0.9977	pathogenic
P13569	D984E	0.9466	pathogenic
P13569	D984F	0.9974	pathogenic
P13569	D984G	0.9459	pathogenic
P13569	D984H	0.9859	pathogenic
P13569	D984I	0.9949	pathogenic
P13569	D984K	0.994	pathogenic
P13569	D984L	0.9897	pathogenic
P13569	D984M	0.9986	pathogenic
P13569	D984N	0.9147	pathogenic
P13569	D984P	0.9981	pathogenic
P13569	D984Q	0.9928	pathogenic
P13569	D984R	0.9894	pathogenic
P13569	D984S	0.9439	pathogenic
P13569	D984T	0.9858	pathogenic
P13569	D984V	0.9819	pathogenic
P13569	D984W	0.9991	pathogenic
P13569	D984Y	0.9747	pathogenic
P13569	D985A	0.911	pathogenic
P13569	D985C	0.9874	pathogenic
P13569	D985E	0.7988	pathogenic
P13569	D985F	0.9727	pathogenic
P13569	D985G	0.8592	pathogenic
P13569	D985H	0.9458	pathogenic
P13569	D985I	0.9573	pathogenic
P13569	D985K	0.9803	pathogenic
P13569	D985L	0.9596	pathogenic
P13569	D985M	0.9879	pathogenic
P13569	D985N	0.6032	pathogenic
P13569	D985P	0.9966	pathogenic
P13569	D985Q	0.9715	pathogenic
P13569	D985R	0.9707	pathogenic
P13569	D985S	0.7452	pathogenic
P13569	D985T	0.9191	pathogenic
P13569	D985V	0.9007	pathogenic
P13569	D985W	0.9963	pathogenic
P13569	D985Y	0.8515	pathogenic
P13569	L986A	0.3792	ambiguous
P13569	L986C	0.705	pathogenic
P13569	L986D	0.8362	pathogenic
P13569	L986E	0.6446	pathogenic
P13569	L986F	0.1362	benign
P13569	L986G	0.6652	pathogenic
P13569	L986H	0.3691	ambiguous
P13569	L986I	0.0778	benign
P13569	L986K	0.5867	pathogenic
P13569	L986M	0.0943	benign
P13569	L986N	0.3891	ambiguous
P13569	L986P	0.8685	pathogenic
P13569	L986Q	0.2753	benign
P13569	L986R	0.4579	ambiguous
P13569	L986S	0.3654	ambiguous
P13569	L986T	0.2939	benign
P13569	L986V	0.1167	benign
P13569	L986W	0.4053	ambiguous
P13569	L986Y	0.3922	ambiguous
P13569	L987A	0.9227	pathogenic
P13569	L987C	0.95	pathogenic
P13569	L987D	0.9988	pathogenic
P13569	L987E	0.9892	pathogenic
P13569	L987F	0.6456	pathogenic
P13569	L987G	0.9843	pathogenic
P13569	L987H	0.9617	pathogenic
P13569	L987I	0.403	ambiguous
P13569	L987K	0.9868	pathogenic
P13569	L987M	0.38	ambiguous
P13569	L987N	0.9868	pathogenic
P13569	L987P	0.9883	pathogenic
P13569	L987Q	0.9343	pathogenic
P13569	L987R	0.9764	pathogenic
P13569	L987S	0.965	pathogenic
P13569	L987T	0.9202	pathogenic
P13569	L987V	0.4819	ambiguous
P13569	L987W	0.9588	pathogenic
P13569	L987Y	0.9624	pathogenic
P13569	P988A	0.7124	pathogenic
P13569	P988C	0.9769	pathogenic
P13569	P988D	0.9939	pathogenic
P13569	P988E	0.9855	pathogenic
P13569	P988F	0.9848	pathogenic
P13569	P988G	0.9555	pathogenic
P13569	P988H	0.9478	pathogenic
P13569	P988I	0.9473	pathogenic
P13569	P988K	0.9935	pathogenic
P13569	P988L	0.783	pathogenic
P13569	P988M	0.9629	pathogenic
P13569	P988N	0.9832	pathogenic
P13569	P988Q	0.9467	pathogenic
P13569	P988R	0.974	pathogenic
P13569	P988S	0.8489	pathogenic
P13569	P988T	0.8546	pathogenic
P13569	P988V	0.8953	pathogenic
P13569	P988W	0.9958	pathogenic
P13569	P988Y	0.9848	pathogenic
P13569	L989A	0.7329	pathogenic
P13569	L989C	0.9253	pathogenic
P13569	L989D	0.9796	pathogenic
P13569	L989E	0.8905	pathogenic
P13569	L989F	0.4872	ambiguous
P13569	L989G	0.8918	pathogenic
P13569	L989H	0.8281	pathogenic
P13569	L989I	0.2514	benign
P13569	L989K	0.8777	pathogenic
P13569	L989M	0.2672	benign
P13569	L989N	0.8347	pathogenic
P13569	L989P	0.8644	pathogenic
P13569	L989Q	0.6612	pathogenic
P13569	L989R	0.783	pathogenic
P13569	L989S	0.7912	pathogenic
P13569	L989T	0.7081	pathogenic
P13569	L989V	0.2543	benign
P13569	L989W	0.8019	pathogenic
P13569	L989Y	0.8526	pathogenic
P13569	T990A	0.0877	benign
P13569	T990C	0.543	ambiguous
P13569	T990D	0.8043	pathogenic
P13569	T990E	0.6961	pathogenic
P13569	T990F	0.4851	ambiguous
P13569	T990G	0.3311	benign
P13569	T990H	0.5743	pathogenic
P13569	T990I	0.2762	benign
P13569	T990K	0.667	pathogenic
P13569	T990L	0.1889	benign
P13569	T990M	0.1237	benign
P13569	T990N	0.2489	benign
P13569	T990P	0.4993	ambiguous
P13569	T990Q	0.4989	ambiguous
P13569	T990R	0.5898	pathogenic
P13569	T990S	0.152	benign
P13569	T990V	0.1891	benign
P13569	T990W	0.8592	pathogenic
P13569	T990Y	0.5809	pathogenic
P13569	I991A	0.3693	ambiguous
P13569	I991C	0.7111	pathogenic
P13569	I991D	0.9535	pathogenic
P13569	I991E	0.9283	pathogenic
P13569	I991F	0.1982	benign
P13569	I991G	0.7301	pathogenic
P13569	I991H	0.8989	pathogenic
P13569	I991K	0.916	pathogenic
P13569	I991L	0.1039	benign
P13569	I991M	0.1049	benign
P13569	I991N	0.6202	pathogenic
P13569	I991P	0.9691	pathogenic
P13569	I991Q	0.8832	pathogenic
P13569	I991R	0.873	pathogenic
P13569	I991S	0.4375	ambiguous
P13569	I991T	0.3625	ambiguous
P13569	I991V	0.0646	benign
P13569	I991W	0.9207	pathogenic
P13569	I991Y	0.7319	pathogenic
P13569	F992A	0.8783	pathogenic
P13569	F992C	0.8177	pathogenic
P13569	F992D	0.988	pathogenic
P13569	F992E	0.9874	pathogenic
P13569	F992G	0.9398	pathogenic
P13569	F992H	0.9157	pathogenic
P13569	F992I	0.7889	pathogenic
P13569	F992K	0.9905	pathogenic
P13569	F992L	0.9596	pathogenic
P13569	F992M	0.8742	pathogenic
P13569	F992N	0.9369	pathogenic
P13569	F992P	0.9961	pathogenic
P13569	F992Q	0.9685	pathogenic
P13569	F992R	0.9685	pathogenic
P13569	F992S	0.7868	pathogenic
P13569	F992T	0.8744	pathogenic
P13569	F992V	0.7316	pathogenic
P13569	F992W	0.819	pathogenic
P13569	F992Y	0.4826	ambiguous
P13569	D993A	0.9608	pathogenic
P13569	D993C	0.9947	pathogenic
P13569	D993E	0.9071	pathogenic
P13569	D993F	0.9882	pathogenic
P13569	D993G	0.9496	pathogenic
P13569	D993H	0.9764	pathogenic
P13569	D993I	0.9801	pathogenic
P13569	D993K	0.9958	pathogenic
P13569	D993L	0.9717	pathogenic
P13569	D993M	0.9957	pathogenic
P13569	D993N	0.8045	pathogenic
P13569	D993P	0.9953	pathogenic
P13569	D993Q	0.9861	pathogenic
P13569	D993R	0.9893	pathogenic
P13569	D993S	0.8541	pathogenic
P13569	D993T	0.9682	pathogenic
P13569	D993V	0.9539	pathogenic
P13569	D993W	0.9976	pathogenic
P13569	D993Y	0.9339	pathogenic
P13569	F994A	0.4242	ambiguous
P13569	F994C	0.2176	benign
P13569	F994D	0.9381	pathogenic
P13569	F994E	0.9508	pathogenic
P13569	F994G	0.6077	pathogenic
P13569	F994H	0.8433	pathogenic
P13569	F994I	0.1957	benign
P13569	F994K	0.9675	pathogenic
P13569	F994L	0.4239	ambiguous
P13569	F994M	0.3107	benign
P13569	F994N	0.7474	pathogenic
P13569	F994P	0.9919	pathogenic
P13569	F994Q	0.9023	pathogenic
P13569	F994R	0.9284	pathogenic
P13569	F994S	0.4285	ambiguous
P13569	F994T	0.4145	ambiguous
P13569	F994V	0.1535	benign
P13569	F994W	0.6383	pathogenic
P13569	F994Y	0.2657	benign
P13569	I995A	0.4005	ambiguous
P13569	I995C	0.6146	pathogenic
P13569	I995D	0.9424	pathogenic
P13569	I995E	0.8884	pathogenic
P13569	I995F	0.1432	benign
P13569	I995G	0.6654	pathogenic
P13569	I995H	0.8209	pathogenic
P13569	I995K	0.8598	pathogenic
P13569	I995L	0.1094	benign
P13569	I995M	0.1382	benign
P13569	I995N	0.5539	ambiguous
P13569	I995P	0.9149	pathogenic
P13569	I995Q	0.7846	pathogenic
P13569	I995R	0.7593	pathogenic
P13569	I995S	0.3467	ambiguous
P13569	I995T	0.2353	benign
P13569	I995V	0.0828	benign
P13569	I995W	0.8445	pathogenic
P13569	I995Y	0.6852	pathogenic
P13569	Q996A	0.767	pathogenic
P13569	Q996C	0.979	pathogenic
P13569	Q996D	0.9787	pathogenic
P13569	Q996E	0.3802	ambiguous
P13569	Q996F	0.971	pathogenic
P13569	Q996G	0.7902	pathogenic
P13569	Q996H	0.9154	pathogenic
P13569	Q996I	0.8828	pathogenic
P13569	Q996K	0.8611	pathogenic
P13569	Q996L	0.6616	pathogenic
P13569	Q996M	0.769	pathogenic
P13569	Q996N	0.8201	pathogenic
P13569	Q996P	0.8862	pathogenic
P13569	Q996R	0.8437	pathogenic
P13569	Q996S	0.5966	pathogenic
P13569	Q996T	0.6953	pathogenic
P13569	Q996V	0.8126	pathogenic
P13569	Q996W	0.9882	pathogenic
P13569	Q996Y	0.9716	pathogenic
P13569	L997A	0.886	pathogenic
P13569	L997C	0.9076	pathogenic
P13569	L997D	0.9856	pathogenic
P13569	L997E	0.9446	pathogenic
P13569	L997F	0.7409	pathogenic
P13569	L997G	0.9165	pathogenic
P13569	L997H	0.9126	pathogenic
P13569	L997I	0.3719	ambiguous
P13569	L997K	0.9457	pathogenic
P13569	L997M	0.4081	ambiguous
P13569	L997N	0.8426	pathogenic
P13569	L997P	0.9891	pathogenic
P13569	L997Q	0.8405	pathogenic
P13569	L997R	0.9006	pathogenic
P13569	L997S	0.9081	pathogenic
P13569	L997T	0.7973	pathogenic
P13569	L997V	0.3663	ambiguous
P13569	L997W	0.8992	pathogenic
P13569	L997Y	0.9024	pathogenic
P13569	L998A	0.2	benign
P13569	L998C	0.3703	ambiguous
P13569	L998D	0.8991	pathogenic
P13569	L998E	0.7305	pathogenic
P13569	L998F	0.1115	benign
P13569	L998G	0.3749	ambiguous
P13569	L998H	0.5711	pathogenic
P13569	L998I	0.0801	benign
P13569	L998K	0.7877	pathogenic
P13569	L998M	0.1022	benign
P13569	L998N	0.5252	ambiguous
P13569	L998P	0.7871	pathogenic
P13569	L998Q	0.4401	ambiguous
P13569	L998R	0.6941	pathogenic
P13569	L998S	0.2308	benign
P13569	L998T	0.1808	benign
P13569	L998V	0.0824	benign
P13569	L998W	0.3538	ambiguous
P13569	L998Y	0.5001	ambiguous
P13569	L999A	0.5589	ambiguous
P13569	L999C	0.5356	ambiguous
P13569	L999D	0.9799	pathogenic
P13569	L999E	0.9206	pathogenic
P13569	L999F	0.117	benign
P13569	L999G	0.7592	pathogenic
P13569	L999H	0.8283	pathogenic
P13569	L999I	0.244	benign
P13569	L999K	0.9466	pathogenic
P13569	L999M	0.1661	benign
P13569	L999N	0.8505	pathogenic
P13569	L999P	0.8674	pathogenic
P13569	L999Q	0.7146	pathogenic
P13569	L999R	0.8947	pathogenic
P13569	L999S	0.6571	pathogenic
P13569	L999T	0.585	pathogenic
P13569	L999V	0.2331	benign
P13569	L999W	0.5365	ambiguous
P13569	L999Y	0.714	pathogenic
P13569	I1000A	0.8738	pathogenic
P13569	I1000C	0.9738	pathogenic
P13569	I1000D	0.9918	pathogenic
P13569	I1000E	0.9777	pathogenic
P13569	I1000F	0.7775	pathogenic
P13569	I1000G	0.9707	pathogenic
P13569	I1000H	0.9853	pathogenic
P13569	I1000K	0.9744	pathogenic
P13569	I1000L	0.2981	benign
P13569	I1000M	0.3747	ambiguous
P13569	I1000N	0.8882	pathogenic
P13569	I1000P	0.9679	pathogenic
P13569	I1000Q	0.9677	pathogenic
P13569	I1000R	0.9593	pathogenic
P13569	I1000S	0.869	pathogenic
P13569	I1000T	0.7105	pathogenic
P13569	I1000V	0.2039	benign
P13569	I1000W	0.9873	pathogenic
P13569	I1000Y	0.9685	pathogenic
P13569	V1001A	0.6596	pathogenic
P13569	V1001C	0.9153	pathogenic
P13569	V1001D	0.9462	pathogenic
P13569	V1001E	0.9342	pathogenic
P13569	V1001F	0.7785	pathogenic
P13569	V1001G	0.7134	pathogenic
P13569	V1001H	0.9886	pathogenic
P13569	V1001I	0.1588	benign
P13569	V1001K	0.9845	pathogenic
P13569	V1001L	0.7224	pathogenic
P13569	V1001M	0.6309	pathogenic
P13569	V1001N	0.8515	pathogenic
P13569	V1001P	0.9832	pathogenic
P13569	V1001Q	0.9476	pathogenic
P13569	V1001R	0.9737	pathogenic
P13569	V1001S	0.6299	pathogenic
P13569	V1001T	0.5315	ambiguous
P13569	V1001W	0.9972	pathogenic
P13569	V1001Y	0.9852	pathogenic
P13569	I1002A	0.101	benign
P13569	I1002C	0.5337	ambiguous
P13569	I1002D	0.9038	pathogenic
P13569	I1002E	0.8536	pathogenic
P13569	I1002F	0.1102	benign
P13569	I1002G	0.3632	ambiguous
P13569	I1002H	0.867	pathogenic
P13569	I1002K	0.8417	pathogenic
P13569	I1002L	0.0903	benign
P13569	I1002M	0.0883	benign
P13569	I1002N	0.5352	ambiguous
P13569	I1002P	0.7401	pathogenic
P13569	I1002Q	0.792	pathogenic
P13569	I1002R	0.7387	pathogenic
P13569	I1002S	0.1817	benign
P13569	I1002T	0.063	benign
P13569	I1002V	0.0658	benign
P13569	I1002W	0.8121	pathogenic
P13569	I1002Y	0.7437	pathogenic
P13569	G1003A	0.6193	pathogenic
P13569	G1003C	0.9352	pathogenic
P13569	G1003D	0.9882	pathogenic
P13569	G1003E	0.9859	pathogenic
P13569	G1003F	0.9846	pathogenic
P13569	G1003H	0.9964	pathogenic
P13569	G1003I	0.9755	pathogenic
P13569	G1003K	0.997	pathogenic
P13569	G1003L	0.9816	pathogenic
P13569	G1003M	0.9866	pathogenic
P13569	G1003N	0.987	pathogenic
P13569	G1003P	0.9967	pathogenic
P13569	G1003Q	0.9895	pathogenic
P13569	G1003R	0.9908	pathogenic
P13569	G1003S	0.5971	pathogenic
P13569	G1003T	0.8992	pathogenic
P13569	G1003V	0.9427	pathogenic
P13569	G1003W	0.9846	pathogenic
P13569	G1003Y	0.9929	pathogenic
P13569	A1004C	0.6734	pathogenic
P13569	A1004D	0.966	pathogenic
P13569	A1004E	0.963	pathogenic
P13569	A1004F	0.9179	pathogenic
P13569	A1004G	0.411	ambiguous
P13569	A1004H	0.9772	pathogenic
P13569	A1004I	0.8794	pathogenic
P13569	A1004K	0.9905	pathogenic
P13569	A1004L	0.7924	pathogenic
P13569	A1004M	0.8084	pathogenic
P13569	A1004N	0.8844	pathogenic
P13569	A1004P	0.9799	pathogenic
P13569	A1004Q	0.9464	pathogenic
P13569	A1004R	0.976	pathogenic
P13569	A1004S	0.2051	benign
P13569	A1004T	0.4071	ambiguous
P13569	A1004V	0.6472	pathogenic
P13569	A1004W	0.991	pathogenic
P13569	A1004Y	0.97	pathogenic
P13569	I1005A	0.3545	ambiguous
P13569	I1005C	0.8428	pathogenic
P13569	I1005D	0.9579	pathogenic
P13569	I1005E	0.9078	pathogenic
P13569	I1005F	0.277	benign
P13569	I1005G	0.7305	pathogenic
P13569	I1005H	0.9514	pathogenic
P13569	I1005K	0.9238	pathogenic
P13569	I1005L	0.1409	benign
P13569	I1005M	0.1169	benign
P13569	I1005N	0.7238	pathogenic
P13569	I1005P	0.9565	pathogenic
P13569	I1005Q	0.899	pathogenic
P13569	I1005R	0.8886	pathogenic
P13569	I1005S	0.4847	ambiguous
P13569	I1005T	0.2414	benign
P13569	I1005V	0.0632	benign
P13569	I1005W	0.95	pathogenic
P13569	I1005Y	0.8884	pathogenic
P13569	A1006C	0.3868	ambiguous
P13569	A1006D	0.8293	pathogenic
P13569	A1006E	0.7961	pathogenic
P13569	A1006F	0.2008	benign
P13569	A1006G	0.1646	benign
P13569	A1006H	0.8635	pathogenic
P13569	A1006I	0.1314	benign
P13569	A1006K	0.9112	pathogenic
P13569	A1006L	0.119	benign
P13569	A1006M	0.1603	benign
P13569	A1006N	0.6081	pathogenic
P13569	A1006P	0.7111	pathogenic
P13569	A1006Q	0.8102	pathogenic
P13569	A1006R	0.8696	pathogenic
P13569	A1006S	0.1245	benign
P13569	A1006T	0.0688	benign
P13569	A1006V	0.0842	benign
P13569	A1006W	0.7685	pathogenic
P13569	A1006Y	0.6238	pathogenic
P13569	V1007A	0.5424	ambiguous
P13569	V1007C	0.9671	pathogenic
P13569	V1007D	0.9701	pathogenic
P13569	V1007E	0.9329	pathogenic
P13569	V1007F	0.7445	pathogenic
P13569	V1007G	0.7004	pathogenic
P13569	V1007H	0.9874	pathogenic
P13569	V1007I	0.1606	benign
P13569	V1007K	0.9715	pathogenic
P13569	V1007L	0.7457	pathogenic
P13569	V1007M	0.5899	pathogenic
P13569	V1007N	0.9039	pathogenic
P13569	V1007P	0.9681	pathogenic
P13569	V1007Q	0.9453	pathogenic
P13569	V1007R	0.9565	pathogenic
P13569	V1007S	0.6811	pathogenic
P13569	V1007T	0.4037	ambiguous
P13569	V1007W	0.9954	pathogenic
P13569	V1007Y	0.9819	pathogenic
P13569	V1008A	0.5003	ambiguous
P13569	V1008C	0.9525	pathogenic
P13569	V1008D	0.9616	pathogenic
P13569	V1008E	0.929	pathogenic
P13569	V1008F	0.7471	pathogenic
P13569	V1008G	0.6791	pathogenic
P13569	V1008H	0.9846	pathogenic
P13569	V1008I	0.2297	benign
P13569	V1008K	0.9745	pathogenic
P13569	V1008L	0.7917	pathogenic
P13569	V1008M	0.7305	pathogenic
P13569	V1008N	0.9216	pathogenic
P13569	V1008P	0.9576	pathogenic
P13569	V1008Q	0.9463	pathogenic
P13569	V1008R	0.9484	pathogenic
P13569	V1008S	0.6496	pathogenic
P13569	V1008T	0.4786	ambiguous
P13569	V1008W	0.9942	pathogenic
P13569	V1008Y	0.9761	pathogenic
P13569	A1009C	0.5103	ambiguous
P13569	A1009D	0.9112	pathogenic
P13569	A1009E	0.8824	pathogenic
P13569	A1009F	0.4982	ambiguous
P13569	A1009G	0.1726	benign
P13569	A1009H	0.916	pathogenic
P13569	A1009I	0.5091	ambiguous
P13569	A1009K	0.97	pathogenic
P13569	A1009L	0.3791	ambiguous
P13569	A1009M	0.4107	ambiguous
P13569	A1009N	0.8115	pathogenic
P13569	A1009P	0.9419	pathogenic
P13569	A1009Q	0.8914	pathogenic
P13569	A1009R	0.9515	pathogenic
P13569	A1009S	0.082	benign
P13569	A1009T	0.1237	benign
P13569	A1009V	0.2539	benign
P13569	A1009W	0.8884	pathogenic
P13569	A1009Y	0.7707	pathogenic
P13569	V1010A	0.1167	benign
P13569	V1010C	0.6547	pathogenic
P13569	V1010D	0.6459	pathogenic
P13569	V1010E	0.5675	pathogenic
P13569	V1010F	0.094	benign
P13569	V1010G	0.1807	benign
P13569	V1010H	0.6885	pathogenic
P13569	V1010I	0.0719	benign
P13569	V1010K	0.5965	pathogenic
P13569	V1010L	0.1449	benign
P13569	V1010M	0.1394	benign
P13569	V1010N	0.4101	ambiguous
P13569	V1010P	0.7527	pathogenic
P13569	V1010Q	0.5329	ambiguous
P13569	V1010R	0.509	ambiguous
P13569	V1010S	0.1894	benign
P13569	V1010T	0.1962	benign
P13569	V1010W	0.698	pathogenic
P13569	V1010Y	0.4564	ambiguous
P13569	L1011A	0.587	pathogenic
P13569	L1011C	0.8326	pathogenic
P13569	L1011D	0.9403	pathogenic
P13569	L1011E	0.6787	pathogenic
P13569	L1011F	0.2406	benign
P13569	L1011G	0.846	pathogenic
P13569	L1011H	0.6025	pathogenic
P13569	L1011I	0.1219	benign
P13569	L1011K	0.5974	pathogenic
P13569	L1011M	0.161	benign
P13569	L1011N	0.7645	pathogenic
P13569	L1011P	0.8918	pathogenic
P13569	L1011Q	0.3793	ambiguous
P13569	L1011R	0.482	ambiguous
P13569	L1011S	0.5928	pathogenic
P13569	L1011T	0.486	ambiguous
P13569	L1011V	0.1854	benign
P13569	L1011W	0.5218	ambiguous
P13569	L1011Y	0.6422	pathogenic
P13569	Q1012A	0.449	ambiguous
P13569	Q1012C	0.8653	pathogenic
P13569	Q1012D	0.7119	pathogenic
P13569	Q1012E	0.0897	benign
P13569	Q1012F	0.84	pathogenic
P13569	Q1012G	0.6356	pathogenic
P13569	Q1012H	0.3867	ambiguous
P13569	Q1012I	0.6873	pathogenic
P13569	Q1012K	0.1262	benign
P13569	Q1012L	0.3344	benign
P13569	Q1012M	0.597	pathogenic
P13569	Q1012N	0.5503	ambiguous
P13569	Q1012P	0.7424	pathogenic
P13569	Q1012R	0.1186	benign
P13569	Q1012S	0.447	ambiguous
P13569	Q1012T	0.4446	ambiguous
P13569	Q1012V	0.5038	ambiguous
P13569	Q1012W	0.7071	pathogenic
P13569	Q1012Y	0.6341	pathogenic
P13569	P1013A	0.48	ambiguous
P13569	P1013C	0.9758	pathogenic
P13569	P1013D	0.8807	pathogenic
P13569	P1013E	0.8106	pathogenic
P13569	P1013F	0.9251	pathogenic
P13569	P1013G	0.7941	pathogenic
P13569	P1013H	0.676	pathogenic
P13569	P1013I	0.8318	pathogenic
P13569	P1013K	0.7652	pathogenic
P13569	P1013L	0.6299	pathogenic
P13569	P1013M	0.8797	pathogenic
P13569	P1013N	0.8564	pathogenic
P13569	P1013Q	0.6484	pathogenic
P13569	P1013R	0.5745	pathogenic
P13569	P1013S	0.5762	pathogenic
P13569	P1013T	0.5341	ambiguous
P13569	P1013V	0.768	pathogenic
P13569	P1013W	0.8939	pathogenic
P13569	P1013Y	0.8648	pathogenic
P13569	Y1014A	0.5103	ambiguous
P13569	Y1014C	0.3736	ambiguous
P13569	Y1014D	0.5532	ambiguous
P13569	Y1014E	0.8247	pathogenic
P13569	Y1014F	0.1191	benign
P13569	Y1014G	0.5252	ambiguous
P13569	Y1014H	0.3593	ambiguous
P13569	Y1014I	0.5585	ambiguous
P13569	Y1014K	0.8302	pathogenic
P13569	Y1014L	0.4866	ambiguous
P13569	Y1014M	0.679	pathogenic
P13569	Y1014N	0.305	benign
P13569	Y1014P	0.8158	pathogenic
P13569	Y1014Q	0.7195	pathogenic
P13569	Y1014R	0.6927	pathogenic
P13569	Y1014S	0.2262	benign
P13569	Y1014T	0.5619	ambiguous
P13569	Y1014V	0.4335	ambiguous
P13569	Y1014W	0.3885	ambiguous
P13569	I1015A	0.7603	pathogenic
P13569	I1015C	0.951	pathogenic
P13569	I1015D	0.9804	pathogenic
P13569	I1015E	0.972	pathogenic
P13569	I1015F	0.5134	ambiguous
P13569	I1015G	0.9506	pathogenic
P13569	I1015H	0.9548	pathogenic
P13569	I1015K	0.955	pathogenic
P13569	I1015L	0.2301	benign
P13569	I1015M	0.314	benign
P13569	I1015N	0.7948	pathogenic
P13569	I1015P	0.9603	pathogenic
P13569	I1015Q	0.9487	pathogenic
P13569	I1015R	0.9066	pathogenic
P13569	I1015S	0.7015	pathogenic
P13569	I1015T	0.5616	ambiguous
P13569	I1015V	0.1457	benign
P13569	I1015W	0.9774	pathogenic
P13569	I1015Y	0.9018	pathogenic
P13569	F1016A	0.3727	ambiguous
P13569	F1016C	0.4973	ambiguous
P13569	F1016D	0.9824	pathogenic
P13569	F1016E	0.9811	pathogenic
P13569	F1016G	0.7479	pathogenic
P13569	F1016H	0.9551	pathogenic
P13569	F1016I	0.1894	benign
P13569	F1016K	0.9881	pathogenic
P13569	F1016L	0.5647	pathogenic
P13569	F1016M	0.4663	ambiguous
P13569	F1016N	0.9414	pathogenic
P13569	F1016P	0.9346	pathogenic
P13569	F1016Q	0.9703	pathogenic
P13569	F1016R	0.9687	pathogenic
P13569	F1016S	0.5117	ambiguous
P13569	F1016T	0.4981	ambiguous
P13569	F1016V	0.1692	benign
P13569	F1016W	0.738	pathogenic
P13569	F1016Y	0.5306	ambiguous
P13569	V1017A	0.1422	benign
P13569	V1017C	0.7297	pathogenic
P13569	V1017D	0.897	pathogenic
P13569	V1017E	0.7622	pathogenic
P13569	V1017F	0.1164	benign
P13569	V1017G	0.2631	benign
P13569	V1017H	0.8692	pathogenic
P13569	V1017I	0.0716	benign
P13569	V1017K	0.8118	pathogenic
P13569	V1017L	0.0576	benign
P13569	V1017M	0.1325	benign
P13569	V1017N	0.8042	pathogenic
P13569	V1017P	0.4113	ambiguous
P13569	V1017Q	0.7365	pathogenic
P13569	V1017R	0.7231	pathogenic
P13569	V1017S	0.3947	ambiguous
P13569	V1017T	0.294	benign
P13569	V1017W	0.6769	pathogenic
P13569	V1017Y	0.6603	pathogenic
P13569	A1018C	0.8227	pathogenic
P13569	A1018D	0.98	pathogenic
P13569	A1018E	0.9652	pathogenic
P13569	A1018F	0.7082	pathogenic
P13569	A1018G	0.4239	ambiguous
P13569	A1018H	0.9862	pathogenic
P13569	A1018I	0.6027	pathogenic
P13569	A1018K	0.9934	pathogenic
P13569	A1018L	0.5092	ambiguous
P13569	A1018M	0.5963	pathogenic
P13569	A1018N	0.9542	pathogenic
P13569	A1018P	0.8137	pathogenic
P13569	A1018Q	0.9597	pathogenic
P13569	A1018R	0.9843	pathogenic
P13569	A1018S	0.246	benign
P13569	A1018T	0.3081	benign
P13569	A1018V	0.311	benign
P13569	A1018W	0.9815	pathogenic
P13569	A1018Y	0.9509	pathogenic
P13569	T1019A	0.0732	benign
P13569	T1019C	0.5942	pathogenic
P13569	T1019D	0.9605	pathogenic
P13569	T1019E	0.9386	pathogenic
P13569	T1019F	0.7093	pathogenic
P13569	T1019G	0.4281	ambiguous
P13569	T1019H	0.9214	pathogenic
P13569	T1019I	0.4534	ambiguous
P13569	T1019K	0.9521	pathogenic
P13569	T1019L	0.3098	benign
P13569	T1019M	0.1627	benign
P13569	T1019N	0.7082	pathogenic
P13569	T1019P	0.7179	pathogenic
P13569	T1019Q	0.8912	pathogenic
P13569	T1019R	0.927	pathogenic
P13569	T1019S	0.185	benign
P13569	T1019V	0.257	benign
P13569	T1019W	0.9615	pathogenic
P13569	T1019Y	0.8859	pathogenic
P13569	V1020A	0.2017	benign
P13569	V1020C	0.8111	pathogenic
P13569	V1020D	0.9347	pathogenic
P13569	V1020E	0.8994	pathogenic
P13569	V1020F	0.1697	benign
P13569	V1020G	0.2614	benign
P13569	V1020H	0.9603	pathogenic
P13569	V1020I	0.0753	benign
P13569	V1020K	0.9479	pathogenic
P13569	V1020L	0.1651	benign
P13569	V1020M	0.1563	benign
P13569	V1020N	0.8229	pathogenic
P13569	V1020P	0.8529	pathogenic
P13569	V1020Q	0.8969	pathogenic
P13569	V1020R	0.9293	pathogenic
P13569	V1020S	0.4234	ambiguous
P13569	V1020T	0.3015	benign
P13569	V1020W	0.9181	pathogenic
P13569	V1020Y	0.8377	pathogenic
P13569	P1021A	0.4265	ambiguous
P13569	P1021C	0.9428	pathogenic
P13569	P1021D	0.9947	pathogenic
P13569	P1021E	0.9885	pathogenic
P13569	P1021F	0.8797	pathogenic
P13569	P1021G	0.8734	pathogenic
P13569	P1021H	0.9701	pathogenic
P13569	P1021I	0.7127	pathogenic
P13569	P1021K	0.9957	pathogenic
P13569	P1021L	0.4272	ambiguous
P13569	P1021M	0.8315	pathogenic
P13569	P1021N	0.9886	pathogenic
P13569	P1021Q	0.9669	pathogenic
P13569	P1021R	0.9825	pathogenic
P13569	P1021S	0.7527	pathogenic
P13569	P1021T	0.5438	ambiguous
P13569	P1021V	0.5979	pathogenic
P13569	P1021W	0.976	pathogenic
P13569	P1021Y	0.9666	pathogenic
P13569	V1022A	0.4248	ambiguous
P13569	V1022C	0.9135	pathogenic
P13569	V1022D	0.9675	pathogenic
P13569	V1022E	0.9371	pathogenic
P13569	V1022F	0.5618	ambiguous
P13569	V1022G	0.4457	ambiguous
P13569	V1022H	0.9895	pathogenic
P13569	V1022I	0.1284	benign
P13569	V1022K	0.984	pathogenic
P13569	V1022L	0.4133	ambiguous
P13569	V1022M	0.3595	ambiguous
P13569	V1022N	0.9161	pathogenic
P13569	V1022P	0.9003	pathogenic
P13569	V1022Q	0.9459	pathogenic
P13569	V1022R	0.9736	pathogenic
P13569	V1022S	0.678	pathogenic
P13569	V1022T	0.5713	pathogenic
P13569	V1022W	0.9917	pathogenic
P13569	V1022Y	0.9725	pathogenic
P13569	I1023A	0.185	benign
P13569	I1023C	0.7516	pathogenic
P13569	I1023D	0.9745	pathogenic
P13569	I1023E	0.9487	pathogenic
P13569	I1023F	0.18	benign
P13569	I1023G	0.598	pathogenic
P13569	I1023H	0.9477	pathogenic
P13569	I1023K	0.9422	pathogenic
P13569	I1023L	0.1138	benign
P13569	I1023M	0.0837	benign
P13569	I1023N	0.7565	pathogenic
P13569	I1023P	0.9103	pathogenic
P13569	I1023Q	0.9153	pathogenic
P13569	I1023R	0.8979	pathogenic
P13569	I1023S	0.3383	benign
P13569	I1023T	0.1308	benign
P13569	I1023V	0.0836	benign
P13569	I1023W	0.9115	pathogenic
P13569	I1023Y	0.8359	pathogenic
P13569	V1024A	0.0691	benign
P13569	V1024C	0.523	ambiguous
P13569	V1024D	0.8017	pathogenic
P13569	V1024E	0.7653	pathogenic
P13569	V1024F	0.0923	benign
P13569	V1024G	0.0997	benign
P13569	V1024H	0.8466	pathogenic
P13569	V1024I	0.0744	benign
P13569	V1024K	0.8203	pathogenic
P13569	V1024L	0.1107	benign
P13569	V1024M	0.1071	benign
P13569	V1024N	0.6033	pathogenic
P13569	V1024P	0.6529	pathogenic
P13569	V1024Q	0.7403	pathogenic
P13569	V1024R	0.7501	pathogenic
P13569	V1024S	0.177	benign
P13569	V1024T	0.1121	benign
P13569	V1024W	0.6882	pathogenic
P13569	V1024Y	0.5892	pathogenic
P13569	A1025C	0.4745	ambiguous
P13569	A1025D	0.8925	pathogenic
P13569	A1025E	0.8858	pathogenic
P13569	A1025F	0.3104	benign
P13569	A1025G	0.1847	benign
P13569	A1025H	0.9191	pathogenic
P13569	A1025I	0.1896	benign
P13569	A1025K	0.9577	pathogenic
P13569	A1025L	0.1921	benign
P13569	A1025M	0.2565	benign
P13569	A1025N	0.7351	pathogenic
P13569	A1025P	0.6977	pathogenic
P13569	A1025Q	0.8814	pathogenic
P13569	A1025R	0.9252	pathogenic
P13569	A1025S	0.1466	benign
P13569	A1025T	0.0943	benign
P13569	A1025V	0.1077	benign
P13569	A1025W	0.8708	pathogenic
P13569	A1025Y	0.7261	pathogenic
P13569	F1026A	0.9113	pathogenic
P13569	F1026C	0.771	pathogenic
P13569	F1026D	0.9964	pathogenic
P13569	F1026E	0.997	pathogenic
P13569	F1026G	0.9599	pathogenic
P13569	F1026H	0.9869	pathogenic
P13569	F1026I	0.7495	pathogenic
P13569	F1026K	0.9984	pathogenic
P13569	F1026L	0.9663	pathogenic
P13569	F1026M	0.8592	pathogenic
P13569	F1026N	0.9767	pathogenic
P13569	F1026P	0.9991	pathogenic
P13569	F1026Q	0.9944	pathogenic
P13569	F1026R	0.9953	pathogenic
P13569	F1026S	0.8882	pathogenic
P13569	F1026T	0.9221	pathogenic
P13569	F1026V	0.602	pathogenic
P13569	F1026W	0.9301	pathogenic
P13569	F1026Y	0.6482	pathogenic
P13569	I1027A	0.3782	ambiguous
P13569	I1027C	0.6054	pathogenic
P13569	I1027D	0.9488	pathogenic
P13569	I1027E	0.9075	pathogenic
P13569	I1027F	0.1158	benign
P13569	I1027G	0.6043	pathogenic
P13569	I1027H	0.8099	pathogenic
P13569	I1027K	0.8008	pathogenic
P13569	I1027L	0.0975	benign
P13569	I1027M	0.1151	benign
P13569	I1027N	0.6164	pathogenic
P13569	I1027P	0.905	pathogenic
P13569	I1027Q	0.7826	pathogenic
P13569	I1027R	0.6787	pathogenic
P13569	I1027S	0.3917	ambiguous
P13569	I1027T	0.3126	benign
P13569	I1027V	0.0689	benign
P13569	I1027W	0.7531	pathogenic
P13569	I1027Y	0.5803	pathogenic
P13569	M1028A	0.1934	benign
P13569	M1028C	0.5358	ambiguous
P13569	M1028D	0.8772	pathogenic
P13569	M1028E	0.609	pathogenic
P13569	M1028F	0.1508	benign
P13569	M1028G	0.3312	benign
P13569	M1028H	0.5466	ambiguous
P13569	M1028I	0.1215	benign
P13569	M1028K	0.2426	benign
P13569	M1028L	0.0666	benign
P13569	M1028N	0.5569	ambiguous
P13569	M1028P	0.6744	pathogenic
P13569	M1028Q	0.3408	ambiguous
P13569	M1028R	0.2367	benign
P13569	M1028S	0.2679	benign
P13569	M1028T	0.1171	benign
P13569	M1028V	0.0687	benign
P13569	M1028W	0.4022	ambiguous
P13569	M1028Y	0.4654	ambiguous
P13569	L1029A	0.6618	pathogenic
P13569	L1029C	0.8377	pathogenic
P13569	L1029D	0.9836	pathogenic
P13569	L1029E	0.8878	pathogenic
P13569	L1029F	0.399	ambiguous
P13569	L1029G	0.8758	pathogenic
P13569	L1029H	0.8617	pathogenic
P13569	L1029I	0.2416	benign
P13569	L1029K	0.9023	pathogenic
P13569	L1029M	0.21	benign
P13569	L1029N	0.9167	pathogenic
P13569	L1029P	0.9443	pathogenic
P13569	L1029Q	0.6618	pathogenic
P13569	L1029R	0.8353	pathogenic
P13569	L1029S	0.7828	pathogenic
P13569	L1029T	0.6567	pathogenic
P13569	L1029V	0.245	benign
P13569	L1029W	0.6974	pathogenic
P13569	L1029Y	0.8389	pathogenic
P13569	R1030A	0.9796	pathogenic
P13569	R1030C	0.7538	pathogenic
P13569	R1030D	0.9929	pathogenic
P13569	R1030E	0.9203	pathogenic
P13569	R1030F	0.9929	pathogenic
P13569	R1030G	0.9286	pathogenic
P13569	R1030H	0.6295	pathogenic
P13569	R1030I	0.9781	pathogenic
P13569	R1030K	0.677	pathogenic
P13569	R1030L	0.9416	pathogenic
P13569	R1030M	0.9773	pathogenic
P13569	R1030N	0.9857	pathogenic
P13569	R1030P	0.9883	pathogenic
P13569	R1030Q	0.4882	ambiguous
P13569	R1030S	0.9773	pathogenic
P13569	R1030T	0.9679	pathogenic
P13569	R1030V	0.9786	pathogenic
P13569	R1030W	0.7707	pathogenic
P13569	R1030Y	0.9495	pathogenic
P13569	A1031C	0.4189	ambiguous
P13569	A1031D	0.324	benign
P13569	A1031E	0.3187	benign
P13569	A1031F	0.2628	benign
P13569	A1031G	0.1002	benign
P13569	A1031H	0.3863	ambiguous
P13569	A1031I	0.2534	benign
P13569	A1031K	0.3634	ambiguous
P13569	A1031L	0.2192	benign
P13569	A1031M	0.2602	benign
P13569	A1031N	0.2453	benign
P13569	A1031P	0.7028	pathogenic
P13569	A1031Q	0.3226	benign
P13569	A1031R	0.2879	benign
P13569	A1031S	0.079	benign
P13569	A1031T	0.0895	benign
P13569	A1031V	0.1325	benign
P13569	A1031W	0.5959	pathogenic
P13569	A1031Y	0.345	ambiguous
P13569	Y1032A	0.7232	pathogenic
P13569	Y1032C	0.2669	benign
P13569	Y1032D	0.8117	pathogenic
P13569	Y1032E	0.9487	pathogenic
P13569	Y1032F	0.13	benign
P13569	Y1032G	0.7521	pathogenic
P13569	Y1032H	0.4885	ambiguous
P13569	Y1032I	0.6715	pathogenic
P13569	Y1032K	0.9112	pathogenic
P13569	Y1032L	0.605	pathogenic
P13569	Y1032M	0.8271	pathogenic
P13569	Y1032N	0.6018	pathogenic
P13569	Y1032P	0.965	pathogenic
P13569	Y1032Q	0.8725	pathogenic
P13569	Y1032R	0.7839	pathogenic
P13569	Y1032S	0.4104	ambiguous
P13569	Y1032T	0.7079	pathogenic
P13569	Y1032V	0.5391	ambiguous
P13569	Y1032W	0.4141	ambiguous
P13569	F1033A	0.9795	pathogenic
P13569	F1033C	0.9176	pathogenic
P13569	F1033D	0.998	pathogenic
P13569	F1033E	0.9979	pathogenic
P13569	F1033G	0.9908	pathogenic
P13569	F1033H	0.963	pathogenic
P13569	F1033I	0.8971	pathogenic
P13569	F1033K	0.9977	pathogenic
P13569	F1033L	0.9874	pathogenic
P13569	F1033M	0.9614	pathogenic
P13569	F1033N	0.9885	pathogenic
P13569	F1033P	0.9996	pathogenic
P13569	F1033Q	0.9931	pathogenic
P13569	F1033R	0.9905	pathogenic
P13569	F1033S	0.964	pathogenic
P13569	F1033T	0.979	pathogenic
P13569	F1033V	0.8466	pathogenic
P13569	F1033W	0.9455	pathogenic
P13569	F1033Y	0.4571	ambiguous
P13569	L1034A	0.8831	pathogenic
P13569	L1034C	0.9277	pathogenic
P13569	L1034D	0.9932	pathogenic
P13569	L1034E	0.948	pathogenic
P13569	L1034F	0.6206	pathogenic
P13569	L1034G	0.9531	pathogenic
P13569	L1034H	0.7985	pathogenic
P13569	L1034I	0.272	benign
P13569	L1034K	0.8372	pathogenic
P13569	L1034M	0.4012	ambiguous
P13569	L1034N	0.9389	pathogenic
P13569	L1034P	0.9874	pathogenic
P13569	L1034Q	0.6424	pathogenic
P13569	L1034R	0.6539	pathogenic
P13569	L1034S	0.8783	pathogenic
P13569	L1034T	0.827	pathogenic
P13569	L1034V	0.3635	ambiguous
P13569	L1034W	0.8116	pathogenic
P13569	L1034Y	0.9048	pathogenic
P13569	Q1035A	0.1806	benign
P13569	Q1035C	0.2003	benign
P13569	Q1035D	0.2645	benign
P13569	Q1035E	0.0976	benign
P13569	Q1035F	0.3569	ambiguous
P13569	Q1035G	0.1705	benign
P13569	Q1035H	0.0653	benign
P13569	Q1035I	0.29	benign
P13569	Q1035K	0.0764	benign
P13569	Q1035L	0.1074	benign
P13569	Q1035M	0.3472	ambiguous
P13569	Q1035N	0.134	benign
P13569	Q1035P	0.1557	benign
P13569	Q1035R	0.0588	benign
P13569	Q1035S	0.1722	benign
P13569	Q1035T	0.1772	benign
P13569	Q1035V	0.2029	benign
P13569	Q1035W	0.2361	benign
P13569	Q1035Y	0.1483	benign
P13569	T1036A	0.4398	ambiguous
P13569	T1036C	0.8472	pathogenic
P13569	T1036D	0.9804	pathogenic
P13569	T1036E	0.9754	pathogenic
P13569	T1036F	0.9577	pathogenic
P13569	T1036G	0.7981	pathogenic
P13569	T1036H	0.9287	pathogenic
P13569	T1036I	0.8605	pathogenic
P13569	T1036K	0.9621	pathogenic
P13569	T1036L	0.7791	pathogenic
P13569	T1036M	0.5433	ambiguous
P13569	T1036N	0.7714	pathogenic
P13569	T1036P	0.7207	pathogenic
P13569	T1036Q	0.9367	pathogenic
P13569	T1036R	0.9487	pathogenic
P13569	T1036S	0.4239	ambiguous
P13569	T1036V	0.6751	pathogenic
P13569	T1036W	0.9912	pathogenic
P13569	T1036Y	0.9627	pathogenic
P13569	S1037A	0.102	benign
P13569	S1037C	0.2535	benign
P13569	S1037D	0.9771	pathogenic
P13569	S1037E	0.9688	pathogenic
P13569	S1037F	0.6898	pathogenic
P13569	S1037G	0.1612	benign
P13569	S1037H	0.9067	pathogenic
P13569	S1037I	0.728	pathogenic
P13569	S1037K	0.992	pathogenic
P13569	S1037L	0.4393	ambiguous
P13569	S1037M	0.5965	pathogenic
P13569	S1037N	0.754	pathogenic
P13569	S1037P	0.9487	pathogenic
P13569	S1037Q	0.9298	pathogenic
P13569	S1037R	0.9805	pathogenic
P13569	S1037T	0.2691	benign
P13569	S1037V	0.619	pathogenic
P13569	S1037W	0.8799	pathogenic
P13569	S1037Y	0.7059	pathogenic
P13569	Q1038A	0.6252	pathogenic
P13569	Q1038C	0.9542	pathogenic
P13569	Q1038D	0.9783	pathogenic
P13569	Q1038E	0.3849	ambiguous
P13569	Q1038F	0.9647	pathogenic
P13569	Q1038G	0.7218	pathogenic
P13569	Q1038H	0.8398	pathogenic
P13569	Q1038I	0.8093	pathogenic
P13569	Q1038K	0.4212	ambiguous
P13569	Q1038L	0.4829	ambiguous
P13569	Q1038M	0.7174	pathogenic
P13569	Q1038N	0.8415	pathogenic
P13569	Q1038P	0.9359	pathogenic
P13569	Q1038R	0.3352	benign
P13569	Q1038S	0.7103	pathogenic
P13569	Q1038T	0.7191	pathogenic
P13569	Q1038V	0.6581	pathogenic
P13569	Q1038W	0.9675	pathogenic
P13569	Q1038Y	0.9434	pathogenic
P13569	Q1039A	0.6645	pathogenic
P13569	Q1039C	0.9563	pathogenic
P13569	Q1039D	0.8521	pathogenic
P13569	Q1039E	0.1856	benign
P13569	Q1039F	0.9739	pathogenic
P13569	Q1039G	0.7386	pathogenic
P13569	Q1039H	0.7479	pathogenic
P13569	Q1039I	0.878	pathogenic
P13569	Q1039K	0.4701	ambiguous
P13569	Q1039L	0.5878	pathogenic
P13569	Q1039M	0.7484	pathogenic
P13569	Q1039N	0.6623	pathogenic
P13569	Q1039P	0.9291	pathogenic
P13569	Q1039R	0.5066	ambiguous
P13569	Q1039S	0.6887	pathogenic
P13569	Q1039T	0.7654	pathogenic
P13569	Q1039V	0.8111	pathogenic
P13569	Q1039W	0.9724	pathogenic
P13569	Q1039Y	0.9254	pathogenic
P13569	L1040A	0.9485	pathogenic
P13569	L1040C	0.9361	pathogenic
P13569	L1040D	0.9991	pathogenic
P13569	L1040E	0.9911	pathogenic
P13569	L1040F	0.838	pathogenic
P13569	L1040G	0.9882	pathogenic
P13569	L1040H	0.9866	pathogenic
P13569	L1040I	0.3299	benign
P13569	L1040K	0.9902	pathogenic
P13569	L1040M	0.3895	ambiguous
P13569	L1040N	0.9897	pathogenic
P13569	L1040P	0.9977	pathogenic
P13569	L1040Q	0.9633	pathogenic
P13569	L1040R	0.9784	pathogenic
P13569	L1040S	0.9884	pathogenic
P13569	L1040T	0.9415	pathogenic
P13569	L1040V	0.3689	ambiguous
P13569	L1040W	0.9629	pathogenic
P13569	L1040Y	0.9749	pathogenic
P13569	K1041A	0.9767	pathogenic
P13569	K1041C	0.9743	pathogenic
P13569	K1041D	0.9964	pathogenic
P13569	K1041E	0.9496	pathogenic
P13569	K1041F	0.9931	pathogenic
P13569	K1041G	0.9729	pathogenic
P13569	K1041H	0.8605	pathogenic
P13569	K1041I	0.9682	pathogenic
P13569	K1041L	0.9146	pathogenic
P13569	K1041M	0.9003	pathogenic
P13569	K1041N	0.9861	pathogenic
P13569	K1041P	0.994	pathogenic
P13569	K1041Q	0.7076	pathogenic
P13569	K1041R	0.177	benign
P13569	K1041S	0.982	pathogenic
P13569	K1041T	0.9489	pathogenic
P13569	K1041V	0.9637	pathogenic
P13569	K1041W	0.9837	pathogenic
P13569	K1041Y	0.975	pathogenic
P13569	Q1042A	0.3582	ambiguous
P13569	Q1042C	0.7758	pathogenic
P13569	Q1042D	0.7711	pathogenic
P13569	Q1042E	0.1433	benign
P13569	Q1042F	0.7603	pathogenic
P13569	Q1042G	0.5221	ambiguous
P13569	Q1042H	0.4066	ambiguous
P13569	Q1042I	0.3541	ambiguous
P13569	Q1042K	0.1749	benign
P13569	Q1042L	0.1549	benign
P13569	Q1042M	0.3565	ambiguous
P13569	Q1042N	0.5236	ambiguous
P13569	Q1042P	0.9082	pathogenic
P13569	Q1042R	0.1862	benign
P13569	Q1042S	0.525	ambiguous
P13569	Q1042T	0.3812	ambiguous
P13569	Q1042V	0.2757	benign
P13569	Q1042W	0.7622	pathogenic
P13569	Q1042Y	0.6012	pathogenic
P13569	L1043A	0.5885	pathogenic
P13569	L1043C	0.7761	pathogenic
P13569	L1043D	0.979	pathogenic
P13569	L1043E	0.8098	pathogenic
P13569	L1043F	0.4143	ambiguous
P13569	L1043G	0.9012	pathogenic
P13569	L1043H	0.6735	pathogenic
P13569	L1043I	0.1833	benign
P13569	L1043K	0.6381	pathogenic
P13569	L1043M	0.1352	benign
P13569	L1043N	0.8736	pathogenic
P13569	L1043P	0.99	pathogenic
P13569	L1043Q	0.4311	ambiguous
P13569	L1043R	0.5287	ambiguous
P13569	L1043S	0.7797	pathogenic
P13569	L1043T	0.5888	pathogenic
P13569	L1043V	0.206	benign
P13569	L1043W	0.6198	pathogenic
P13569	L1043Y	0.736	pathogenic
P13569	E1044A	0.8792	pathogenic
P13569	E1044C	0.994	pathogenic
P13569	E1044D	0.9259	pathogenic
P13569	E1044F	0.9978	pathogenic
P13569	E1044G	0.8877	pathogenic
P13569	E1044H	0.9913	pathogenic
P13569	E1044I	0.9854	pathogenic
P13569	E1044K	0.9633	pathogenic
P13569	E1044L	0.9865	pathogenic
P13569	E1044M	0.9865	pathogenic
P13569	E1044N	0.9861	pathogenic
P13569	E1044P	0.9966	pathogenic
P13569	E1044Q	0.8356	pathogenic
P13569	E1044R	0.9654	pathogenic
P13569	E1044S	0.9378	pathogenic
P13569	E1044T	0.9705	pathogenic
P13569	E1044V	0.9549	pathogenic
P13569	E1044W	0.9992	pathogenic
P13569	E1044Y	0.9955	pathogenic
P13569	S1045A	0.0974	benign
P13569	S1045C	0.2368	benign
P13569	S1045D	0.9081	pathogenic
P13569	S1045E	0.9245	pathogenic
P13569	S1045F	0.6149	pathogenic
P13569	S1045G	0.1554	benign
P13569	S1045H	0.8666	pathogenic
P13569	S1045I	0.5243	ambiguous
P13569	S1045K	0.9785	pathogenic
P13569	S1045L	0.2556	benign
P13569	S1045M	0.3702	ambiguous
P13569	S1045N	0.4355	ambiguous
P13569	S1045P	0.9555	pathogenic
P13569	S1045Q	0.8956	pathogenic
P13569	S1045R	0.9598	pathogenic
P13569	S1045T	0.1532	benign
P13569	S1045V	0.45	ambiguous
P13569	S1045W	0.7975	pathogenic
P13569	S1045Y	0.556	ambiguous
P13569	E1046A	0.2473	benign
P13569	E1046C	0.9464	pathogenic
P13569	E1046D	0.4348	ambiguous
P13569	E1046F	0.9094	pathogenic
P13569	E1046G	0.4466	ambiguous
P13569	E1046H	0.7765	pathogenic
P13569	E1046I	0.5487	ambiguous
P13569	E1046K	0.2905	benign
P13569	E1046L	0.6714	pathogenic
P13569	E1046M	0.6302	pathogenic
P13569	E1046N	0.6051	pathogenic
P13569	E1046P	0.9851	pathogenic
P13569	E1046Q	0.2508	benign
P13569	E1046R	0.4582	ambiguous
P13569	E1046S	0.4041	ambiguous
P13569	E1046T	0.426	ambiguous
P13569	E1046V	0.3702	ambiguous
P13569	E1046W	0.9763	pathogenic
P13569	E1046Y	0.8668	pathogenic
P13569	G1047A	0.0753	benign
P13569	G1047C	0.3415	ambiguous
P13569	G1047D	0.9237	pathogenic
P13569	G1047E	0.8712	pathogenic
P13569	G1047F	0.9243	pathogenic
P13569	G1047H	0.957	pathogenic
P13569	G1047I	0.7654	pathogenic
P13569	G1047K	0.9768	pathogenic
P13569	G1047L	0.7404	pathogenic
P13569	G1047M	0.7939	pathogenic
P13569	G1047N	0.8486	pathogenic
P13569	G1047P	0.9882	pathogenic
P13569	G1047Q	0.9057	pathogenic
P13569	G1047R	0.931	pathogenic
P13569	G1047S	0.1661	benign
P13569	G1047T	0.3858	ambiguous
P13569	G1047V	0.4894	ambiguous
P13569	G1047W	0.9278	pathogenic
P13569	G1047Y	0.9084	pathogenic
P13569	R1048A	0.9631	pathogenic
P13569	R1048C	0.7218	pathogenic
P13569	R1048D	0.9892	pathogenic
P13569	R1048E	0.9307	pathogenic
P13569	R1048F	0.9735	pathogenic
P13569	R1048G	0.9101	pathogenic
P13569	R1048H	0.5669	pathogenic
P13569	R1048I	0.9128	pathogenic
P13569	R1048K	0.4367	ambiguous
P13569	R1048L	0.8836	pathogenic
P13569	R1048M	0.9325	pathogenic
P13569	R1048N	0.9796	pathogenic
P13569	R1048P	0.9869	pathogenic
P13569	R1048Q	0.4922	ambiguous
P13569	R1048S	0.9736	pathogenic
P13569	R1048T	0.9523	pathogenic
P13569	R1048V	0.9424	pathogenic
P13569	R1048W	0.7923	pathogenic
P13569	R1048Y	0.9288	pathogenic
P13569	S1049A	0.1953	benign
P13569	S1049C	0.29	benign
P13569	S1049D	0.8843	pathogenic
P13569	S1049E	0.9288	pathogenic
P13569	S1049F	0.5516	ambiguous
P13569	S1049G	0.2011	benign
P13569	S1049H	0.741	pathogenic
P13569	S1049I	0.4586	ambiguous
P13569	S1049K	0.9608	pathogenic
P13569	S1049L	0.2202	benign
P13569	S1049M	0.296	benign
P13569	S1049N	0.3641	ambiguous
P13569	S1049P	0.8041	pathogenic
P13569	S1049Q	0.8709	pathogenic
P13569	S1049R	0.9537	pathogenic
P13569	S1049T	0.0678	benign
P13569	S1049V	0.4408	ambiguous
P13569	S1049W	0.7553	pathogenic
P13569	S1049Y	0.5291	ambiguous
P13569	P1050A	0.35	ambiguous
P13569	P1050C	0.9108	pathogenic
P13569	P1050D	0.9632	pathogenic
P13569	P1050E	0.8887	pathogenic
P13569	P1050F	0.9229	pathogenic
P13569	P1050G	0.8578	pathogenic
P13569	P1050H	0.7215	pathogenic
P13569	P1050I	0.7942	pathogenic
P13569	P1050K	0.8914	pathogenic
P13569	P1050L	0.4886	ambiguous
P13569	P1050M	0.8253	pathogenic
P13569	P1050N	0.9113	pathogenic
P13569	P1050Q	0.6909	pathogenic
P13569	P1050R	0.7242	pathogenic
P13569	P1050S	0.5961	pathogenic
P13569	P1050T	0.512	ambiguous
P13569	P1050V	0.6574	pathogenic
P13569	P1050W	0.9709	pathogenic
P13569	P1050Y	0.9086	pathogenic
P13569	I1051A	0.9055	pathogenic
P13569	I1051C	0.9758	pathogenic
P13569	I1051D	0.9981	pathogenic
P13569	I1051E	0.9964	pathogenic
P13569	I1051F	0.8003	pathogenic
P13569	I1051G	0.993	pathogenic
P13569	I1051H	0.994	pathogenic
P13569	I1051K	0.9933	pathogenic
P13569	I1051L	0.2976	benign
P13569	I1051M	0.4553	ambiguous
P13569	I1051N	0.9712	pathogenic
P13569	I1051P	0.9783	pathogenic
P13569	I1051Q	0.9924	pathogenic
P13569	I1051R	0.9868	pathogenic
P13569	I1051S	0.9469	pathogenic
P13569	I1051T	0.9149	pathogenic
P13569	I1051V	0.1203	benign
P13569	I1051W	0.997	pathogenic
P13569	I1051Y	0.9784	pathogenic
P13569	F1052A	0.9713	pathogenic
P13569	F1052C	0.9357	pathogenic
P13569	F1052D	0.9966	pathogenic
P13569	F1052E	0.9958	pathogenic
P13569	F1052G	0.9907	pathogenic
P13569	F1052H	0.9655	pathogenic
P13569	F1052I	0.7353	pathogenic
P13569	F1052K	0.9962	pathogenic
P13569	F1052L	0.965	pathogenic
P13569	F1052M	0.9	pathogenic
P13569	F1052N	0.9766	pathogenic
P13569	F1052P	0.9991	pathogenic
P13569	F1052Q	0.9896	pathogenic
P13569	F1052R	0.9885	pathogenic
P13569	F1052S	0.9493	pathogenic
P13569	F1052T	0.9674	pathogenic
P13569	F1052V	0.7786	pathogenic
P13569	F1052W	0.9247	pathogenic
P13569	F1052Y	0.5233	ambiguous
P13569	T1053A	0.0949	benign
P13569	T1053C	0.5362	ambiguous
P13569	T1053D	0.6835	pathogenic
P13569	T1053E	0.6126	pathogenic
P13569	T1053F	0.4327	ambiguous
P13569	T1053G	0.302	benign
P13569	T1053H	0.4012	ambiguous
P13569	T1053I	0.3548	ambiguous
P13569	T1053K	0.4735	ambiguous
P13569	T1053L	0.174	benign
P13569	T1053M	0.1368	benign
P13569	T1053N	0.1989	benign
P13569	T1053P	0.4553	ambiguous
P13569	T1053Q	0.3962	ambiguous
P13569	T1053R	0.3506	ambiguous
P13569	T1053S	0.1149	benign
P13569	T1053V	0.2774	benign
P13569	T1053W	0.8341	pathogenic
P13569	T1053Y	0.4942	ambiguous
P13569	H1054A	0.9384	pathogenic
P13569	H1054C	0.6729	pathogenic
P13569	H1054D	0.9454	pathogenic
P13569	H1054E	0.9674	pathogenic
P13569	H1054F	0.7794	pathogenic
P13569	H1054G	0.9684	pathogenic
P13569	H1054I	0.8941	pathogenic
P13569	H1054K	0.974	pathogenic
P13569	H1054L	0.4512	ambiguous
P13569	H1054M	0.9061	pathogenic
P13569	H1054N	0.6227	pathogenic
P13569	H1054P	0.9353	pathogenic
P13569	H1054Q	0.901	pathogenic
P13569	H1054R	0.907	pathogenic
P13569	H1054S	0.8806	pathogenic
P13569	H1054T	0.9328	pathogenic
P13569	H1054V	0.8866	pathogenic
P13569	H1054W	0.906	pathogenic
P13569	H1054Y	0.4443	ambiguous
P13569	L1055A	0.8099	pathogenic
P13569	L1055C	0.9057	pathogenic
P13569	L1055D	0.998	pathogenic
P13569	L1055E	0.9848	pathogenic
P13569	L1055F	0.478	ambiguous
P13569	L1055G	0.979	pathogenic
P13569	L1055H	0.9475	pathogenic
P13569	L1055I	0.2039	benign
P13569	L1055K	0.9825	pathogenic
P13569	L1055M	0.252	benign
P13569	L1055N	0.9842	pathogenic
P13569	L1055P	0.9943	pathogenic
P13569	L1055Q	0.9386	pathogenic
P13569	L1055R	0.9653	pathogenic
P13569	L1055S	0.9369	pathogenic
P13569	L1055T	0.742	pathogenic
P13569	L1055V	0.2271	benign
P13569	L1055W	0.8984	pathogenic
P13569	L1055Y	0.9332	pathogenic
P13569	V1056A	0.2935	benign
P13569	V1056C	0.7739	pathogenic
P13569	V1056D	0.7412	pathogenic
P13569	V1056E	0.583	pathogenic
P13569	V1056F	0.2334	benign
P13569	V1056G	0.3617	ambiguous
P13569	V1056H	0.7812	pathogenic
P13569	V1056I	0.0763	benign
P13569	V1056K	0.7021	pathogenic
P13569	V1056L	0.1851	benign
P13569	V1056M	0.1743	benign
P13569	V1056N	0.4857	ambiguous
P13569	V1056P	0.9335	pathogenic
P13569	V1056Q	0.5712	pathogenic
P13569	V1056R	0.6507	pathogenic
P13569	V1056S	0.3593	ambiguous
P13569	V1056T	0.3071	benign
P13569	V1056W	0.8907	pathogenic
P13569	V1056Y	0.6905	pathogenic
P13569	T1057A	0.1134	benign
P13569	T1057C	0.5277	ambiguous
P13569	T1057D	0.7105	pathogenic
P13569	T1057E	0.5998	pathogenic
P13569	T1057F	0.4189	ambiguous
P13569	T1057G	0.4467	ambiguous
P13569	T1057H	0.4801	ambiguous
P13569	T1057I	0.2345	benign
P13569	T1057K	0.5009	ambiguous
P13569	T1057L	0.1327	benign
P13569	T1057M	0.1065	benign
P13569	T1057N	0.2152	benign
P13569	T1057P	0.6082	pathogenic
P13569	T1057Q	0.447	ambiguous
P13569	T1057R	0.4037	ambiguous
P13569	T1057S	0.1913	benign
P13569	T1057V	0.2014	benign
P13569	T1057W	0.8174	pathogenic
P13569	T1057Y	0.462	ambiguous
P13569	S1058A	0.3406	ambiguous
P13569	S1058C	0.4728	ambiguous
P13569	S1058D	0.9925	pathogenic
P13569	S1058E	0.9952	pathogenic
P13569	S1058F	0.9636	pathogenic
P13569	S1058G	0.5075	ambiguous
P13569	S1058H	0.9821	pathogenic
P13569	S1058I	0.9012	pathogenic
P13569	S1058K	0.9992	pathogenic
P13569	S1058L	0.7319	pathogenic
P13569	S1058M	0.8098	pathogenic
P13569	S1058N	0.9157	pathogenic
P13569	S1058P	0.9828	pathogenic
P13569	S1058Q	0.9922	pathogenic
P13569	S1058R	0.9985	pathogenic
P13569	S1058T	0.1167	benign
P13569	S1058V	0.7924	pathogenic
P13569	S1058W	0.9894	pathogenic
P13569	S1058Y	0.9672	pathogenic
P13569	L1059A	0.6724	pathogenic
P13569	L1059C	0.8016	pathogenic
P13569	L1059D	0.9893	pathogenic
P13569	L1059E	0.8947	pathogenic
P13569	L1059F	0.3827	ambiguous
P13569	L1059G	0.9308	pathogenic
P13569	L1059H	0.7791	pathogenic
P13569	L1059I	0.1527	benign
P13569	L1059K	0.8451	pathogenic
P13569	L1059M	0.1577	benign
P13569	L1059N	0.8962	pathogenic
P13569	L1059P	0.9804	pathogenic
P13569	L1059Q	0.5764	pathogenic
P13569	L1059R	0.7627	pathogenic
P13569	L1059S	0.739	pathogenic
P13569	L1059T	0.5702	pathogenic
P13569	L1059V	0.1748	benign
P13569	L1059W	0.7044	pathogenic
P13569	L1059Y	0.8433	pathogenic
P13569	K1060A	0.6893	pathogenic
P13569	K1060C	0.8372	pathogenic
P13569	K1060D	0.8636	pathogenic
P13569	K1060E	0.3654	ambiguous
P13569	K1060F	0.9351	pathogenic
P13569	K1060G	0.694	pathogenic
P13569	K1060H	0.4713	ambiguous
P13569	K1060I	0.7265	pathogenic
P13569	K1060L	0.6473	pathogenic
P13569	K1060M	0.5158	ambiguous
P13569	K1060N	0.6907	pathogenic
P13569	K1060P	0.9476	pathogenic
P13569	K1060Q	0.2085	benign
P13569	K1060R	0.0822	benign
P13569	K1060S	0.6937	pathogenic
P13569	K1060T	0.4693	ambiguous
P13569	K1060V	0.7129	pathogenic
P13569	K1060W	0.8644	pathogenic
P13569	K1060Y	0.8113	pathogenic
P13569	G1061A	0.7922	pathogenic
P13569	G1061C	0.9497	pathogenic
P13569	G1061D	0.9826	pathogenic
P13569	G1061E	0.9767	pathogenic
P13569	G1061F	0.9907	pathogenic
P13569	G1061H	0.9949	pathogenic
P13569	G1061I	0.9776	pathogenic
P13569	G1061K	0.996	pathogenic
P13569	G1061L	0.9872	pathogenic
P13569	G1061M	0.9875	pathogenic
P13569	G1061N	0.9802	pathogenic
P13569	G1061P	0.9985	pathogenic
P13569	G1061Q	0.9931	pathogenic
P13569	G1061R	0.9912	pathogenic
P13569	G1061S	0.8296	pathogenic
P13569	G1061T	0.9705	pathogenic
P13569	G1061V	0.9465	pathogenic
P13569	G1061W	0.9887	pathogenic
P13569	G1061Y	0.9837	pathogenic
P13569	L1062A	0.7979	pathogenic
P13569	L1062C	0.8922	pathogenic
P13569	L1062D	0.9932	pathogenic
P13569	L1062E	0.9478	pathogenic
P13569	L1062F	0.6516	pathogenic
P13569	L1062G	0.9516	pathogenic
P13569	L1062H	0.8579	pathogenic
P13569	L1062I	0.2427	benign
P13569	L1062K	0.8894	pathogenic
P13569	L1062M	0.3378	benign
P13569	L1062N	0.9231	pathogenic
P13569	L1062P	0.9868	pathogenic
P13569	L1062Q	0.7331	pathogenic
P13569	L1062R	0.7877	pathogenic
P13569	L1062S	0.8537	pathogenic
P13569	L1062T	0.77	pathogenic
P13569	L1062V	0.3116	benign
P13569	L1062W	0.885	pathogenic
P13569	L1062Y	0.9144	pathogenic
P13569	W1063A	0.8264	pathogenic
P13569	W1063C	0.8854	pathogenic
P13569	W1063D	0.9799	pathogenic
P13569	W1063E	0.9733	pathogenic
P13569	W1063F	0.6008	pathogenic
P13569	W1063G	0.6906	pathogenic
P13569	W1063H	0.9177	pathogenic
P13569	W1063I	0.9289	pathogenic
P13569	W1063K	0.9838	pathogenic
P13569	W1063L	0.7306	pathogenic
P13569	W1063M	0.9137	pathogenic
P13569	W1063N	0.9527	pathogenic
P13569	W1063P	0.9373	pathogenic
P13569	W1063Q	0.9575	pathogenic
P13569	W1063R	0.9618	pathogenic
P13569	W1063S	0.6786	pathogenic
P13569	W1063T	0.8595	pathogenic
P13569	W1063V	0.8744	pathogenic
P13569	W1063Y	0.7807	pathogenic
P13569	T1064A	0.3286	benign
P13569	T1064C	0.7125	pathogenic
P13569	T1064D	0.9293	pathogenic
P13569	T1064E	0.8851	pathogenic
P13569	T1064F	0.8138	pathogenic
P13569	T1064G	0.696	pathogenic
P13569	T1064H	0.7772	pathogenic
P13569	T1064I	0.4972	ambiguous
P13569	T1064K	0.8893	pathogenic
P13569	T1064L	0.3838	ambiguous
P13569	T1064M	0.214	benign
P13569	T1064N	0.4213	ambiguous
P13569	T1064P	0.5912	pathogenic
P13569	T1064Q	0.7623	pathogenic
P13569	T1064R	0.8737	pathogenic
P13569	T1064S	0.27	benign
P13569	T1064V	0.3905	ambiguous
P13569	T1064W	0.9607	pathogenic
P13569	T1064Y	0.8307	pathogenic
P13569	L1065A	0.829	pathogenic
P13569	L1065C	0.8945	pathogenic
P13569	L1065D	0.9977	pathogenic
P13569	L1065E	0.9762	pathogenic
P13569	L1065F	0.7509	pathogenic
P13569	L1065G	0.9811	pathogenic
P13569	L1065H	0.9519	pathogenic
P13569	L1065I	0.1042	benign
P13569	L1065K	0.9768	pathogenic
P13569	L1065M	0.2719	benign
P13569	L1065N	0.965	pathogenic
P13569	L1065P	0.9848	pathogenic
P13569	L1065Q	0.901	pathogenic
P13569	L1065R	0.9598	pathogenic
P13569	L1065S	0.9137	pathogenic
P13569	L1065T	0.7694	pathogenic
P13569	L1065V	0.1389	benign
P13569	L1065W	0.9526	pathogenic
P13569	L1065Y	0.9648	pathogenic
P13569	R1066A	0.9949	pathogenic
P13569	R1066C	0.9239	pathogenic
P13569	R1066D	0.9983	pathogenic
P13569	R1066E	0.9773	pathogenic
P13569	R1066F	0.9979	pathogenic
P13569	R1066G	0.9872	pathogenic
P13569	R1066H	0.7951	pathogenic
P13569	R1066I	0.9879	pathogenic
P13569	R1066K	0.8003	pathogenic
P13569	R1066L	0.9731	pathogenic
P13569	R1066M	0.9935	pathogenic
P13569	R1066N	0.9955	pathogenic
P13569	R1066P	0.9966	pathogenic
P13569	R1066Q	0.8205	pathogenic
P13569	R1066S	0.9957	pathogenic
P13569	R1066T	0.9933	pathogenic
P13569	R1066V	0.9907	pathogenic
P13569	R1066W	0.9262	pathogenic
P13569	R1066Y	0.9883	pathogenic
P13569	A1067C	0.8435	pathogenic
P13569	A1067D	0.9868	pathogenic
P13569	A1067E	0.9793	pathogenic
P13569	A1067F	0.9383	pathogenic
P13569	A1067G	0.2638	benign
P13569	A1067H	0.9825	pathogenic
P13569	A1067I	0.8836	pathogenic
P13569	A1067K	0.9951	pathogenic
P13569	A1067L	0.8176	pathogenic
P13569	A1067M	0.8499	pathogenic
P13569	A1067N	0.9391	pathogenic
P13569	A1067P	0.982	pathogenic
P13569	A1067Q	0.9686	pathogenic
P13569	A1067R	0.9827	pathogenic
P13569	A1067S	0.2024	benign
P13569	A1067T	0.5313	ambiguous
P13569	A1067V	0.6403	pathogenic
P13569	A1067W	0.9951	pathogenic
P13569	A1067Y	0.9659	pathogenic
P13569	F1068A	0.9144	pathogenic
P13569	F1068C	0.7509	pathogenic
P13569	F1068D	0.9884	pathogenic
P13569	F1068E	0.9892	pathogenic
P13569	F1068G	0.9644	pathogenic
P13569	F1068H	0.8785	pathogenic
P13569	F1068I	0.8809	pathogenic
P13569	F1068K	0.9902	pathogenic
P13569	F1068L	0.9798	pathogenic
P13569	F1068M	0.8988	pathogenic
P13569	F1068N	0.9246	pathogenic
P13569	F1068P	0.9993	pathogenic
P13569	F1068Q	0.9742	pathogenic
P13569	F1068R	0.9713	pathogenic
P13569	F1068S	0.7938	pathogenic
P13569	F1068T	0.9151	pathogenic
P13569	F1068V	0.7975	pathogenic
P13569	F1068W	0.7589	pathogenic
P13569	F1068Y	0.2718	benign
P13569	G1069A	0.2383	benign
P13569	G1069C	0.2975	benign
P13569	G1069D	0.4435	ambiguous
P13569	G1069E	0.2782	benign
P13569	G1069F	0.8441	pathogenic
P13569	G1069H	0.5211	ambiguous
P13569	G1069I	0.6848	pathogenic
P13569	G1069K	0.5093	ambiguous
P13569	G1069L	0.6758	pathogenic
P13569	G1069M	0.7337	pathogenic
P13569	G1069N	0.4354	ambiguous
P13569	G1069P	0.9723	pathogenic
P13569	G1069Q	0.3236	benign
P13569	G1069R	0.3115	benign
P13569	G1069S	0.1409	benign
P13569	G1069T	0.3962	ambiguous
P13569	G1069V	0.5258	ambiguous
P13569	G1069W	0.6723	pathogenic
P13569	G1069Y	0.6954	pathogenic
P13569	R1070A	0.9411	pathogenic
P13569	R1070C	0.5328	ambiguous
P13569	R1070D	0.99	pathogenic
P13569	R1070E	0.8881	pathogenic
P13569	R1070F	0.9696	pathogenic
P13569	R1070G	0.8994	pathogenic
P13569	R1070H	0.5289	ambiguous
P13569	R1070I	0.8723	pathogenic
P13569	R1070K	0.4494	ambiguous
P13569	R1070L	0.8208	pathogenic
P13569	R1070M	0.8758	pathogenic
P13569	R1070N	0.975	pathogenic
P13569	R1070P	0.9907	pathogenic
P13569	R1070Q	0.398	ambiguous
P13569	R1070S	0.9617	pathogenic
P13569	R1070T	0.9367	pathogenic
P13569	R1070V	0.9014	pathogenic
P13569	R1070W	0.7213	pathogenic
P13569	R1070Y	0.9056	pathogenic
P13569	Q1071A	0.5428	ambiguous
P13569	Q1071C	0.9731	pathogenic
P13569	Q1071D	0.9212	pathogenic
P13569	Q1071E	0.1921	benign
P13569	Q1071F	0.9527	pathogenic
P13569	Q1071G	0.6094	pathogenic
P13569	Q1071H	0.8428	pathogenic
P13569	Q1071I	0.6514	pathogenic
P13569	Q1071K	0.5141	ambiguous
P13569	Q1071L	0.4125	ambiguous
P13569	Q1071M	0.6198	pathogenic
P13569	Q1071N	0.7864	pathogenic
P13569	Q1071P	0.721	pathogenic
P13569	Q1071R	0.647	pathogenic
P13569	Q1071S	0.6636	pathogenic
P13569	Q1071T	0.6129	pathogenic
P13569	Q1071V	0.5781	pathogenic
P13569	Q1071W	0.9748	pathogenic
P13569	Q1071Y	0.9324	pathogenic
P13569	P1072A	0.0874	benign
P13569	P1072C	0.4191	ambiguous
P13569	P1072D	0.3904	ambiguous
P13569	P1072E	0.2929	benign
P13569	P1072F	0.4807	ambiguous
P13569	P1072G	0.2517	benign
P13569	P1072H	0.1787	benign
P13569	P1072I	0.2682	benign
P13569	P1072K	0.3	benign
P13569	P1072L	0.1223	benign
P13569	P1072M	0.3019	benign
P13569	P1072N	0.2468	benign
P13569	P1072Q	0.1711	benign
P13569	P1072R	0.1896	benign
P13569	P1072S	0.1174	benign
P13569	P1072T	0.0895	benign
P13569	P1072V	0.1944	benign
P13569	P1072W	0.6195	pathogenic
P13569	P1072Y	0.3954	ambiguous
P13569	Y1073A	0.8245	pathogenic
P13569	Y1073C	0.4638	ambiguous
P13569	Y1073D	0.8299	pathogenic
P13569	Y1073E	0.957	pathogenic
P13569	Y1073F	0.1804	benign
P13569	Y1073G	0.8549	pathogenic
P13569	Y1073H	0.6388	pathogenic
P13569	Y1073I	0.8088	pathogenic
P13569	Y1073K	0.9609	pathogenic
P13569	Y1073L	0.6722	pathogenic
P13569	Y1073M	0.8749	pathogenic
P13569	Y1073N	0.699	pathogenic
P13569	Y1073P	0.974	pathogenic
P13569	Y1073Q	0.9299	pathogenic
P13569	Y1073R	0.8782	pathogenic
P13569	Y1073S	0.5917	pathogenic
P13569	Y1073T	0.8477	pathogenic
P13569	Y1073V	0.6763	pathogenic
P13569	Y1073W	0.7077	pathogenic
P13569	F1074A	0.9415	pathogenic
P13569	F1074C	0.8274	pathogenic
P13569	F1074D	0.9982	pathogenic
P13569	F1074E	0.9953	pathogenic
P13569	F1074G	0.9872	pathogenic
P13569	F1074H	0.9659	pathogenic
P13569	F1074I	0.8107	pathogenic
P13569	F1074K	0.9965	pathogenic
P13569	F1074L	0.9698	pathogenic
P13569	F1074M	0.8797	pathogenic
P13569	F1074N	0.9885	pathogenic
P13569	F1074P	0.9995	pathogenic
P13569	F1074Q	0.9879	pathogenic
P13569	F1074R	0.9884	pathogenic
P13569	F1074S	0.9504	pathogenic
P13569	F1074T	0.9525	pathogenic
P13569	F1074V	0.7365	pathogenic
P13569	F1074W	0.8933	pathogenic
P13569	F1074Y	0.5982	pathogenic
P13569	E1075A	0.8153	pathogenic
P13569	E1075C	0.9904	pathogenic
P13569	E1075D	0.9358	pathogenic
P13569	E1075F	0.9961	pathogenic
P13569	E1075G	0.8609	pathogenic
P13569	E1075H	0.9825	pathogenic
P13569	E1075I	0.954	pathogenic
P13569	E1075K	0.8552	pathogenic
P13569	E1075L	0.9708	pathogenic
P13569	E1075M	0.9628	pathogenic
P13569	E1075N	0.9743	pathogenic
P13569	E1075P	0.9979	pathogenic
P13569	E1075Q	0.6194	pathogenic
P13569	E1075R	0.9162	pathogenic
P13569	E1075S	0.8866	pathogenic
P13569	E1075T	0.9095	pathogenic
P13569	E1075V	0.8724	pathogenic
P13569	E1075W	0.9991	pathogenic
P13569	E1075Y	0.9938	pathogenic
P13569	T1076A	0.0879	benign
P13569	T1076C	0.452	ambiguous
P13569	T1076D	0.3845	ambiguous
P13569	T1076E	0.3649	ambiguous
P13569	T1076F	0.2833	benign
P13569	T1076G	0.2158	benign
P13569	T1076H	0.2654	benign
P13569	T1076I	0.241	benign
P13569	T1076K	0.2507	benign
P13569	T1076L	0.1311	benign
P13569	T1076M	0.0863	benign
P13569	T1076N	0.0972	benign
P13569	T1076P	0.5844	pathogenic
P13569	T1076Q	0.2613	benign
P13569	T1076R	0.2093	benign
P13569	T1076S	0.1223	benign
P13569	T1076V	0.1861	benign
P13569	T1076W	0.6766	pathogenic
P13569	T1076Y	0.2916	benign
P13569	L1077A	0.4682	ambiguous
P13569	L1077C	0.7036	pathogenic
P13569	L1077D	0.9559	pathogenic
P13569	L1077E	0.6797	pathogenic
P13569	L1077F	0.4558	ambiguous
P13569	L1077G	0.8776	pathogenic
P13569	L1077H	0.5672	pathogenic
P13569	L1077I	0.1454	benign
P13569	L1077K	0.5997	pathogenic
P13569	L1077M	0.1748	benign
P13569	L1077N	0.7581	pathogenic
P13569	L1077P	0.9761	pathogenic
P13569	L1077Q	0.3215	benign
P13569	L1077R	0.4337	ambiguous
P13569	L1077S	0.5712	pathogenic
P13569	L1077T	0.448	ambiguous
P13569	L1077V	0.1523	benign
P13569	L1077W	0.7275	pathogenic
P13569	L1077Y	0.7321	pathogenic
P13569	F1078A	0.9854	pathogenic
P13569	F1078C	0.9246	pathogenic
P13569	F1078D	0.998	pathogenic
P13569	F1078E	0.9975	pathogenic
P13569	F1078G	0.9917	pathogenic
P13569	F1078H	0.9719	pathogenic
P13569	F1078I	0.9315	pathogenic
P13569	F1078K	0.9982	pathogenic
P13569	F1078L	0.9848	pathogenic
P13569	F1078M	0.9486	pathogenic
P13569	F1078N	0.9753	pathogenic
P13569	F1078P	0.9998	pathogenic
P13569	F1078Q	0.9918	pathogenic
P13569	F1078R	0.9939	pathogenic
P13569	F1078S	0.9697	pathogenic
P13569	F1078T	0.9834	pathogenic
P13569	F1078V	0.9236	pathogenic
P13569	F1078W	0.9426	pathogenic
P13569	F1078Y	0.6832	pathogenic
P13569	H1079A	0.9354	pathogenic
P13569	H1079C	0.6423	pathogenic
P13569	H1079D	0.8903	pathogenic
P13569	H1079E	0.8945	pathogenic
P13569	H1079F	0.848	pathogenic
P13569	H1079G	0.9097	pathogenic
P13569	H1079I	0.9494	pathogenic
P13569	H1079K	0.9114	pathogenic
P13569	H1079L	0.5607	ambiguous
P13569	H1079M	0.9426	pathogenic
P13569	H1079N	0.5788	pathogenic
P13569	H1079P	0.951	pathogenic
P13569	H1079Q	0.7247	pathogenic
P13569	H1079R	0.7148	pathogenic
P13569	H1079S	0.8471	pathogenic
P13569	H1079T	0.9469	pathogenic
P13569	H1079V	0.9379	pathogenic
P13569	H1079W	0.8806	pathogenic
P13569	H1079Y	0.4999	ambiguous
P13569	K1080A	0.8384	pathogenic
P13569	K1080C	0.9334	pathogenic
P13569	K1080D	0.8999	pathogenic
P13569	K1080E	0.4724	ambiguous
P13569	K1080F	0.9761	pathogenic
P13569	K1080G	0.8742	pathogenic
P13569	K1080H	0.6199	pathogenic
P13569	K1080I	0.8592	pathogenic
P13569	K1080L	0.7929	pathogenic
P13569	K1080M	0.6549	pathogenic
P13569	K1080N	0.8189	pathogenic
P13569	K1080P	0.9942	pathogenic
P13569	K1080Q	0.318	benign
P13569	K1080R	0.1398	benign
P13569	K1080S	0.8466	pathogenic
P13569	K1080T	0.5827	pathogenic
P13569	K1080V	0.8276	pathogenic
P13569	K1080W	0.9668	pathogenic
P13569	K1080Y	0.9084	pathogenic
P13569	A1081C	0.6116	pathogenic
P13569	A1081D	0.9152	pathogenic
P13569	A1081E	0.8171	pathogenic
P13569	A1081F	0.6921	pathogenic
P13569	A1081G	0.3558	ambiguous
P13569	A1081H	0.8507	pathogenic
P13569	A1081I	0.6121	pathogenic
P13569	A1081K	0.9253	pathogenic
P13569	A1081L	0.4793	ambiguous
P13569	A1081M	0.4467	ambiguous
P13569	A1081N	0.6759	pathogenic
P13569	A1081P	0.9811	pathogenic
P13569	A1081Q	0.7694	pathogenic
P13569	A1081R	0.8782	pathogenic
P13569	A1081S	0.1583	benign
P13569	A1081T	0.1703	benign
P13569	A1081V	0.2928	benign
P13569	A1081W	0.9594	pathogenic
P13569	A1081Y	0.7957	pathogenic
P13569	L1082A	0.8717	pathogenic
P13569	L1082C	0.9263	pathogenic
P13569	L1082D	0.9985	pathogenic
P13569	L1082E	0.9747	pathogenic
P13569	L1082F	0.8767	pathogenic
P13569	L1082G	0.9846	pathogenic
P13569	L1082H	0.9777	pathogenic
P13569	L1082I	0.2269	benign
P13569	L1082K	0.9811	pathogenic
P13569	L1082M	0.3284	benign
P13569	L1082N	0.9699	pathogenic
P13569	L1082P	0.9977	pathogenic
P13569	L1082Q	0.8928	pathogenic
P13569	L1082R	0.9687	pathogenic
P13569	L1082S	0.9519	pathogenic
P13569	L1082T	0.8526	pathogenic
P13569	L1082V	0.2838	benign
P13569	L1082W	0.979	pathogenic
P13569	L1082Y	0.9855	pathogenic
P13569	N1083A	0.8813	pathogenic
P13569	N1083C	0.8666	pathogenic
P13569	N1083D	0.3394	benign
P13569	N1083E	0.9261	pathogenic
P13569	N1083F	0.9813	pathogenic
P13569	N1083G	0.8217	pathogenic
P13569	N1083H	0.62	pathogenic
P13569	N1083I	0.8781	pathogenic
P13569	N1083K	0.9614	pathogenic
P13569	N1083L	0.8477	pathogenic
P13569	N1083M	0.9229	pathogenic
P13569	N1083P	0.9836	pathogenic
P13569	N1083Q	0.9205	pathogenic
P13569	N1083R	0.95	pathogenic
P13569	N1083S	0.2617	benign
P13569	N1083T	0.6169	pathogenic
P13569	N1083V	0.8666	pathogenic
P13569	N1083W	0.9941	pathogenic
P13569	N1083Y	0.8079	pathogenic
P13569	L1084A	0.357	ambiguous
P13569	L1084C	0.534	ambiguous
P13569	L1084D	0.8005	pathogenic
P13569	L1084E	0.455	ambiguous
P13569	L1084F	0.2102	benign
P13569	L1084G	0.66	pathogenic
P13569	L1084H	0.2682	benign
P13569	L1084I	0.0851	benign
P13569	L1084K	0.3315	benign
P13569	L1084M	0.1209	benign
P13569	L1084N	0.4762	ambiguous
P13569	L1084P	0.9674	pathogenic
P13569	L1084Q	0.1799	benign
P13569	L1084R	0.227	benign
P13569	L1084S	0.3416	ambiguous
P13569	L1084T	0.1876	benign
P13569	L1084V	0.087	benign
P13569	L1084W	0.4065	ambiguous
P13569	L1084Y	0.4504	ambiguous
P13569	H1085A	0.9746	pathogenic
P13569	H1085C	0.7923	pathogenic
P13569	H1085D	0.9674	pathogenic
P13569	H1085E	0.9745	pathogenic
P13569	H1085F	0.9017	pathogenic
P13569	H1085G	0.9769	pathogenic
P13569	H1085I	0.9785	pathogenic
P13569	H1085K	0.984	pathogenic
P13569	H1085L	0.8067	pathogenic
P13569	H1085M	0.9763	pathogenic
P13569	H1085N	0.6912	pathogenic
P13569	H1085P	0.9469	pathogenic
P13569	H1085Q	0.9158	pathogenic
P13569	H1085R	0.93	pathogenic
P13569	H1085S	0.9265	pathogenic
P13569	H1085T	0.9744	pathogenic
P13569	H1085V	0.9704	pathogenic
P13569	H1085W	0.9438	pathogenic
P13569	H1085Y	0.6482	pathogenic
P13569	T1086A	0.4646	ambiguous
P13569	T1086C	0.8815	pathogenic
P13569	T1086D	0.9773	pathogenic
P13569	T1086E	0.9629	pathogenic
P13569	T1086F	0.9706	pathogenic
P13569	T1086G	0.7609	pathogenic
P13569	T1086H	0.8985	pathogenic
P13569	T1086I	0.9209	pathogenic
P13569	T1086K	0.9574	pathogenic
P13569	T1086L	0.7773	pathogenic
P13569	T1086M	0.5193	ambiguous
P13569	T1086N	0.7259	pathogenic
P13569	T1086P	0.9416	pathogenic
P13569	T1086Q	0.9078	pathogenic
P13569	T1086R	0.9398	pathogenic
P13569	T1086S	0.3194	benign
P13569	T1086V	0.7722	pathogenic
P13569	T1086W	0.9935	pathogenic
P13569	T1086Y	0.9673	pathogenic
P13569	A1087C	0.8429	pathogenic
P13569	A1087D	0.9517	pathogenic
P13569	A1087E	0.8547	pathogenic
P13569	A1087F	0.9547	pathogenic
P13569	A1087G	0.3231	benign
P13569	A1087H	0.9525	pathogenic
P13569	A1087I	0.9205	pathogenic
P13569	A1087K	0.9394	pathogenic
P13569	A1087L	0.8504	pathogenic
P13569	A1087M	0.8067	pathogenic
P13569	A1087N	0.8717	pathogenic
P13569	A1087P	0.9918	pathogenic
P13569	A1087Q	0.8019	pathogenic
P13569	A1087R	0.8608	pathogenic
P13569	A1087S	0.1579	benign
P13569	A1087T	0.3988	ambiguous
P13569	A1087V	0.6755	pathogenic
P13569	A1087W	0.9905	pathogenic
P13569	A1087Y	0.9663	pathogenic
P13569	N1088A	0.2157	benign
P13569	N1088C	0.1533	benign
P13569	N1088D	0.4991	ambiguous
P13569	N1088E	0.8164	pathogenic
P13569	N1088F	0.7197	pathogenic
P13569	N1088G	0.3227	benign
P13569	N1088H	0.2049	benign
P13569	N1088I	0.2072	benign
P13569	N1088K	0.7989	pathogenic
P13569	N1088L	0.2639	benign
P13569	N1088M	0.3462	ambiguous
P13569	N1088P	0.8362	pathogenic
P13569	N1088Q	0.6569	pathogenic
P13569	N1088R	0.8017	pathogenic
P13569	N1088S	0.0641	benign
P13569	N1088T	0.0814	benign
P13569	N1088V	0.1679	benign
P13569	N1088W	0.9221	pathogenic
P13569	N1088Y	0.3278	benign
P13569	W1089A	0.9483	pathogenic
P13569	W1089C	0.9613	pathogenic
P13569	W1089D	0.9942	pathogenic
P13569	W1089E	0.9943	pathogenic
P13569	W1089F	0.5819	pathogenic
P13569	W1089G	0.8562	pathogenic
P13569	W1089H	0.9517	pathogenic
P13569	W1089I	0.9717	pathogenic
P13569	W1089K	0.9968	pathogenic
P13569	W1089L	0.9023	pathogenic
P13569	W1089M	0.9747	pathogenic
P13569	W1089N	0.982	pathogenic
P13569	W1089P	0.9984	pathogenic
P13569	W1089Q	0.9911	pathogenic
P13569	W1089R	0.989	pathogenic
P13569	W1089S	0.8628	pathogenic
P13569	W1089T	0.9447	pathogenic
P13569	W1089V	0.9548	pathogenic
P13569	W1089Y	0.7215	pathogenic
P13569	F1090A	0.9286	pathogenic
P13569	F1090C	0.7437	pathogenic
P13569	F1090D	0.9744	pathogenic
P13569	F1090E	0.9727	pathogenic
P13569	F1090G	0.9626	pathogenic
P13569	F1090H	0.7323	pathogenic
P13569	F1090I	0.6924	pathogenic
P13569	F1090K	0.9674	pathogenic
P13569	F1090L	0.9657	pathogenic
P13569	F1090M	0.8549	pathogenic
P13569	F1090N	0.8693	pathogenic
P13569	F1090P	0.999	pathogenic
P13569	F1090Q	0.9326	pathogenic
P13569	F1090R	0.9367	pathogenic
P13569	F1090S	0.838	pathogenic
P13569	F1090T	0.9255	pathogenic
P13569	F1090V	0.6807	pathogenic
P13569	F1090W	0.7459	pathogenic
P13569	F1090Y	0.1936	benign
P13569	L1091A	0.6843	pathogenic
P13569	L1091C	0.6622	pathogenic
P13569	L1091D	0.977	pathogenic
P13569	L1091E	0.8797	pathogenic
P13569	L1091F	0.3484	ambiguous
P13569	L1091G	0.8946	pathogenic
P13569	L1091H	0.4421	ambiguous
P13569	L1091I	0.2119	benign
P13569	L1091K	0.8579	pathogenic
P13569	L1091M	0.1723	benign
P13569	L1091N	0.7623	pathogenic
P13569	L1091P	0.9571	pathogenic
P13569	L1091Q	0.5227	ambiguous
P13569	L1091R	0.7435	pathogenic
P13569	L1091S	0.6417	pathogenic
P13569	L1091T	0.5732	pathogenic
P13569	L1091V	0.2283	benign
P13569	L1091W	0.6627	pathogenic
P13569	L1091Y	0.7211	pathogenic
P13569	Y1092A	0.9237	pathogenic
P13569	Y1092C	0.6481	pathogenic
P13569	Y1092D	0.9341	pathogenic
P13569	Y1092E	0.9786	pathogenic
P13569	Y1092F	0.1646	benign
P13569	Y1092G	0.879	pathogenic
P13569	Y1092H	0.678	pathogenic
P13569	Y1092I	0.915	pathogenic
P13569	Y1092K	0.9786	pathogenic
P13569	Y1092L	0.7388	pathogenic
P13569	Y1092M	0.9132	pathogenic
P13569	Y1092N	0.7016	pathogenic
P13569	Y1092P	0.9897	pathogenic
P13569	Y1092Q	0.9414	pathogenic
P13569	Y1092R	0.9455	pathogenic
P13569	Y1092S	0.6909	pathogenic
P13569	Y1092T	0.8976	pathogenic
P13569	Y1092V	0.8342	pathogenic
P13569	Y1092W	0.7971	pathogenic
P13569	L1093A	0.7755	pathogenic
P13569	L1093C	0.839	pathogenic
P13569	L1093D	0.9834	pathogenic
P13569	L1093E	0.8835	pathogenic
P13569	L1093F	0.5532	ambiguous
P13569	L1093G	0.9282	pathogenic
P13569	L1093H	0.7675	pathogenic
P13569	L1093I	0.2442	benign
P13569	L1093K	0.846	pathogenic
P13569	L1093M	0.2241	benign
P13569	L1093N	0.8366	pathogenic
P13569	L1093P	0.9826	pathogenic
P13569	L1093Q	0.6043	pathogenic
P13569	L1093R	0.766	pathogenic
P13569	L1093S	0.7992	pathogenic
P13569	L1093T	0.6859	pathogenic
P13569	L1093V	0.2909	benign
P13569	L1093W	0.8292	pathogenic
P13569	L1093Y	0.8567	pathogenic
P13569	S1094A	0.0694	benign
P13569	S1094C	0.1518	benign
P13569	S1094D	0.9564	pathogenic
P13569	S1094E	0.9434	pathogenic
P13569	S1094F	0.7668	pathogenic
P13569	S1094G	0.2031	benign
P13569	S1094H	0.8981	pathogenic
P13569	S1094I	0.7551	pathogenic
P13569	S1094K	0.9891	pathogenic
P13569	S1094L	0.3712	ambiguous
P13569	S1094M	0.5907	pathogenic
P13569	S1094N	0.7291	pathogenic
P13569	S1094P	0.909	pathogenic
P13569	S1094Q	0.9161	pathogenic
P13569	S1094R	0.9789	pathogenic
P13569	S1094T	0.2317	benign
P13569	S1094V	0.5683	pathogenic
P13569	S1094W	0.8948	pathogenic
P13569	S1094Y	0.7481	pathogenic
P13569	T1095A	0.1359	benign
P13569	T1095C	0.555	ambiguous
P13569	T1095D	0.9684	pathogenic
P13569	T1095E	0.9536	pathogenic
P13569	T1095F	0.8337	pathogenic
P13569	T1095G	0.6107	pathogenic
P13569	T1095H	0.8862	pathogenic
P13569	T1095I	0.4875	ambiguous
P13569	T1095K	0.9475	pathogenic
P13569	T1095L	0.3555	ambiguous
P13569	T1095M	0.223	benign
P13569	T1095N	0.6164	pathogenic
P13569	T1095P	0.8058	pathogenic
P13569	T1095Q	0.876	pathogenic
P13569	T1095R	0.9189	pathogenic
P13569	T1095S	0.2476	benign
P13569	T1095V	0.2728	benign
P13569	T1095W	0.9831	pathogenic
P13569	T1095Y	0.922	pathogenic
P13569	L1096A	0.7202	pathogenic
P13569	L1096C	0.9004	pathogenic
P13569	L1096D	0.9873	pathogenic
P13569	L1096E	0.8832	pathogenic
P13569	L1096F	0.6241	pathogenic
P13569	L1096G	0.9139	pathogenic
P13569	L1096H	0.8353	pathogenic
P13569	L1096I	0.2901	benign
P13569	L1096K	0.8302	pathogenic
P13569	L1096M	0.2931	benign
P13569	L1096N	0.8407	pathogenic
P13569	L1096P	0.987	pathogenic
P13569	L1096Q	0.5704	pathogenic
P13569	L1096R	0.7376	pathogenic
P13569	L1096S	0.7639	pathogenic
P13569	L1096T	0.6827	pathogenic
P13569	L1096V	0.3006	benign
P13569	L1096W	0.8572	pathogenic
P13569	L1096Y	0.8897	pathogenic
P13569	R1097A	0.9736	pathogenic
P13569	R1097C	0.6513	pathogenic
P13569	R1097D	0.9918	pathogenic
P13569	R1097E	0.9372	pathogenic
P13569	R1097F	0.9835	pathogenic
P13569	R1097G	0.9233	pathogenic
P13569	R1097H	0.6202	pathogenic
P13569	R1097I	0.9583	pathogenic
P13569	R1097K	0.7643	pathogenic
P13569	R1097L	0.8986	pathogenic
P13569	R1097M	0.9664	pathogenic
P13569	R1097N	0.9808	pathogenic
P13569	R1097P	0.99	pathogenic
P13569	R1097Q	0.536	ambiguous
P13569	R1097S	0.9718	pathogenic
P13569	R1097T	0.966	pathogenic
P13569	R1097V	0.9629	pathogenic
P13569	R1097W	0.7723	pathogenic
P13569	R1097Y	0.937	pathogenic
P13569	W1098A	0.7878	pathogenic
P13569	W1098C	0.8684	pathogenic
P13569	W1098D	0.9805	pathogenic
P13569	W1098E	0.9832	pathogenic
P13569	W1098F	0.4621	ambiguous
P13569	W1098G	0.6106	pathogenic
P13569	W1098H	0.9275	pathogenic
P13569	W1098I	0.9373	pathogenic
P13569	W1098K	0.9931	pathogenic
P13569	W1098L	0.7535	pathogenic
P13569	W1098M	0.9265	pathogenic
P13569	W1098N	0.9524	pathogenic
P13569	W1098P	0.996	pathogenic
P13569	W1098Q	0.9797	pathogenic
P13569	W1098R	0.9798	pathogenic
P13569	W1098S	0.6394	pathogenic
P13569	W1098T	0.8583	pathogenic
P13569	W1098V	0.8908	pathogenic
P13569	W1098Y	0.631	pathogenic
P13569	F1099A	0.9765	pathogenic
P13569	F1099C	0.9128	pathogenic
P13569	F1099D	0.9972	pathogenic
P13569	F1099E	0.9953	pathogenic
P13569	F1099G	0.9841	pathogenic
P13569	F1099H	0.9743	pathogenic
P13569	F1099I	0.8983	pathogenic
P13569	F1099K	0.9955	pathogenic
P13569	F1099L	0.9789	pathogenic
P13569	F1099M	0.9364	pathogenic
P13569	F1099N	0.9809	pathogenic
P13569	F1099P	0.9996	pathogenic
P13569	F1099Q	0.9884	pathogenic
P13569	F1099R	0.989	pathogenic
P13569	F1099S	0.9716	pathogenic
P13569	F1099T	0.9812	pathogenic
P13569	F1099V	0.8864	pathogenic
P13569	F1099W	0.9271	pathogenic
P13569	F1099Y	0.6281	pathogenic
P13569	Q1100A	0.575	pathogenic
P13569	Q1100C	0.9484	pathogenic
P13569	Q1100D	0.9568	pathogenic
P13569	Q1100E	0.289	benign
P13569	Q1100F	0.9447	pathogenic
P13569	Q1100G	0.6427	pathogenic
P13569	Q1100H	0.7824	pathogenic
P13569	Q1100I	0.8311	pathogenic
P13569	Q1100K	0.6538	pathogenic
P13569	Q1100L	0.3625	ambiguous
P13569	Q1100M	0.6	pathogenic
P13569	Q1100N	0.7349	pathogenic
P13569	Q1100P	0.9497	pathogenic
P13569	Q1100R	0.6086	pathogenic
P13569	Q1100S	0.5291	ambiguous
P13569	Q1100T	0.62	pathogenic
P13569	Q1100V	0.7176	pathogenic
P13569	Q1100W	0.9676	pathogenic
P13569	Q1100Y	0.9234	pathogenic
P13569	M1101A	0.8135	pathogenic
P13569	M1101C	0.9111	pathogenic
P13569	M1101D	0.9926	pathogenic
P13569	M1101E	0.9412	pathogenic
P13569	M1101F	0.5243	ambiguous
P13569	M1101G	0.891	pathogenic
P13569	M1101H	0.9387	pathogenic
P13569	M1101I	0.7822	pathogenic
P13569	M1101K	0.7987	pathogenic
P13569	M1101L	0.2302	benign
P13569	M1101N	0.9165	pathogenic
P13569	M1101P	0.9911	pathogenic
P13569	M1101Q	0.7301	pathogenic
P13569	M1101R	0.7663	pathogenic
P13569	M1101S	0.8582	pathogenic
P13569	M1101T	0.7325	pathogenic
P13569	M1101V	0.2765	benign
P13569	M1101W	0.86	pathogenic
P13569	M1101Y	0.856	pathogenic
P13569	R1102A	0.5947	pathogenic
P13569	R1102C	0.2051	benign
P13569	R1102D	0.8934	pathogenic
P13569	R1102E	0.5581	ambiguous
P13569	R1102F	0.7313	pathogenic
P13569	R1102G	0.4085	ambiguous
P13569	R1102H	0.1753	benign
P13569	R1102I	0.4504	ambiguous
P13569	R1102K	0.2101	benign
P13569	R1102L	0.4541	ambiguous
P13569	R1102M	0.4649	ambiguous
P13569	R1102N	0.6726	pathogenic
P13569	R1102P	0.937	pathogenic
P13569	R1102Q	0.1398	benign
P13569	R1102S	0.5864	pathogenic
P13569	R1102T	0.366	ambiguous
P13569	R1102V	0.5557	ambiguous
P13569	R1102W	0.2621	benign
P13569	R1102Y	0.4911	ambiguous
P13569	I1103A	0.3982	ambiguous
P13569	I1103C	0.7949	pathogenic
P13569	I1103D	0.9499	pathogenic
P13569	I1103E	0.8609	pathogenic
P13569	I1103F	0.3922	ambiguous
P13569	I1103G	0.7956	pathogenic
P13569	I1103H	0.9232	pathogenic
P13569	I1103K	0.8618	pathogenic
P13569	I1103L	0.1684	benign
P13569	I1103M	0.0832	benign
P13569	I1103N	0.5969	pathogenic
P13569	I1103P	0.9515	pathogenic
P13569	I1103Q	0.7978	pathogenic
P13569	I1103R	0.8003	pathogenic
P13569	I1103S	0.4126	ambiguous
P13569	I1103T	0.2171	benign
P13569	I1103V	0.0974	benign
P13569	I1103W	0.9266	pathogenic
P13569	I1103Y	0.8718	pathogenic
P13569	E1104A	0.8917	pathogenic
P13569	E1104C	0.9947	pathogenic
P13569	E1104D	0.2005	benign
P13569	E1104F	0.9956	pathogenic
P13569	E1104G	0.8007	pathogenic
P13569	E1104H	0.9776	pathogenic
P13569	E1104I	0.9876	pathogenic
P13569	E1104K	0.9363	pathogenic
P13569	E1104L	0.9845	pathogenic
P13569	E1104M	0.984	pathogenic
P13569	E1104N	0.7972	pathogenic
P13569	E1104P	0.9945	pathogenic
P13569	E1104Q	0.7935	pathogenic
P13569	E1104R	0.951	pathogenic
P13569	E1104S	0.776	pathogenic
P13569	E1104T	0.9196	pathogenic
P13569	E1104V	0.9614	pathogenic
P13569	E1104W	0.9974	pathogenic
P13569	E1104Y	0.9894	pathogenic
P13569	M1105A	0.4931	ambiguous
P13569	M1105C	0.7728	pathogenic
P13569	M1105D	0.9638	pathogenic
P13569	M1105E	0.8659	pathogenic
P13569	M1105F	0.3218	benign
P13569	M1105G	0.6731	pathogenic
P13569	M1105H	0.8969	pathogenic
P13569	M1105I	0.1658	benign
P13569	M1105K	0.7355	pathogenic
P13569	M1105L	0.1137	benign
P13569	M1105N	0.738	pathogenic
P13569	M1105P	0.9592	pathogenic
P13569	M1105Q	0.742	pathogenic
P13569	M1105R	0.7263	pathogenic
P13569	M1105S	0.5986	pathogenic
P13569	M1105T	0.3505	ambiguous
P13569	M1105V	0.1026	benign
P13569	M1105W	0.7391	pathogenic
P13569	M1105Y	0.7566	pathogenic
P13569	I1106A	0.4782	ambiguous
P13569	I1106C	0.7326	pathogenic
P13569	I1106D	0.937	pathogenic
P13569	I1106E	0.9275	pathogenic
P13569	I1106F	0.24	benign
P13569	I1106G	0.6985	pathogenic
P13569	I1106H	0.9087	pathogenic
P13569	I1106K	0.9063	pathogenic
P13569	I1106L	0.1066	benign
P13569	I1106M	0.1682	benign
P13569	I1106N	0.5858	pathogenic
P13569	I1106P	0.8618	pathogenic
P13569	I1106Q	0.8829	pathogenic
P13569	I1106R	0.8513	pathogenic
P13569	I1106S	0.4964	ambiguous
P13569	I1106T	0.3957	ambiguous
P13569	I1106V	0.0858	benign
P13569	I1106W	0.9184	pathogenic
P13569	I1106Y	0.7639	pathogenic
P13569	F1107A	0.9179	pathogenic
P13569	F1107C	0.8836	pathogenic
P13569	F1107D	0.9934	pathogenic
P13569	F1107E	0.9939	pathogenic
P13569	F1107G	0.9581	pathogenic
P13569	F1107H	0.9771	pathogenic
P13569	F1107I	0.9013	pathogenic
P13569	F1107K	0.9977	pathogenic
P13569	F1107L	0.9837	pathogenic
P13569	F1107M	0.9277	pathogenic
P13569	F1107N	0.9666	pathogenic
P13569	F1107P	0.9978	pathogenic
P13569	F1107Q	0.9892	pathogenic
P13569	F1107R	0.9911	pathogenic
P13569	F1107S	0.8453	pathogenic
P13569	F1107T	0.9123	pathogenic
P13569	F1107V	0.8245	pathogenic
P13569	F1107W	0.9282	pathogenic
P13569	F1107Y	0.6883	pathogenic
P13569	V1108A	0.4975	ambiguous
P13569	V1108C	0.8784	pathogenic
P13569	V1108D	0.8676	pathogenic
P13569	V1108E	0.8758	pathogenic
P13569	V1108F	0.7224	pathogenic
P13569	V1108G	0.5192	ambiguous
P13569	V1108H	0.9671	pathogenic
P13569	V1108I	0.1559	benign
P13569	V1108K	0.9716	pathogenic
P13569	V1108L	0.6672	pathogenic
P13569	V1108M	0.5459	ambiguous
P13569	V1108N	0.6916	pathogenic
P13569	V1108P	0.9553	pathogenic
P13569	V1108Q	0.8946	pathogenic
P13569	V1108R	0.952	pathogenic
P13569	V1108S	0.4022	ambiguous
P13569	V1108T	0.3578	ambiguous
P13569	V1108W	0.9923	pathogenic
P13569	V1108Y	0.9653	pathogenic
P13569	I1109A	0.2351	benign
P13569	I1109C	0.4271	ambiguous
P13569	I1109D	0.8933	pathogenic
P13569	I1109E	0.8922	pathogenic
P13569	I1109F	0.1184	benign
P13569	I1109G	0.411	ambiguous
P13569	I1109H	0.8375	pathogenic
P13569	I1109K	0.8625	pathogenic
P13569	I1109L	0.0671	benign
P13569	I1109M	0.1046	benign
P13569	I1109N	0.469	ambiguous
P13569	I1109P	0.7302	pathogenic
P13569	I1109Q	0.8174	pathogenic
P13569	I1109R	0.7935	pathogenic
P13569	I1109S	0.2843	benign
P13569	I1109T	0.2068	benign
P13569	I1109V	0.0756	benign
P13569	I1109W	0.7949	pathogenic
P13569	I1109Y	0.6272	pathogenic
P13569	F1110A	0.9078	pathogenic
P13569	F1110C	0.7934	pathogenic
P13569	F1110D	0.9963	pathogenic
P13569	F1110E	0.9972	pathogenic
P13569	F1110G	0.9573	pathogenic
P13569	F1110H	0.9874	pathogenic
P13569	F1110I	0.713	pathogenic
P13569	F1110K	0.9986	pathogenic
P13569	F1110L	0.954	pathogenic
P13569	F1110M	0.9221	pathogenic
P13569	F1110N	0.9819	pathogenic
P13569	F1110P	0.9965	pathogenic
P13569	F1110Q	0.9946	pathogenic
P13569	F1110R	0.9944	pathogenic
P13569	F1110S	0.8581	pathogenic
P13569	F1110T	0.8932	pathogenic
P13569	F1110V	0.6432	pathogenic
P13569	F1110W	0.9458	pathogenic
P13569	F1110Y	0.6843	pathogenic
P13569	F1111A	0.9452	pathogenic
P13569	F1111C	0.8426	pathogenic
P13569	F1111D	0.9952	pathogenic
P13569	F1111E	0.9937	pathogenic
P13569	F1111G	0.9707	pathogenic
P13569	F1111H	0.9737	pathogenic
P13569	F1111I	0.7326	pathogenic
P13569	F1111K	0.9968	pathogenic
P13569	F1111L	0.958	pathogenic
P13569	F1111M	0.8824	pathogenic
P13569	F1111N	0.9698	pathogenic
P13569	F1111P	0.9983	pathogenic
P13569	F1111Q	0.9846	pathogenic
P13569	F1111R	0.9891	pathogenic
P13569	F1111S	0.8928	pathogenic
P13569	F1111T	0.9268	pathogenic
P13569	F1111V	0.6934	pathogenic
P13569	F1111W	0.9284	pathogenic
P13569	F1111Y	0.6626	pathogenic
P13569	I1112A	0.1732	benign
P13569	I1112C	0.5618	ambiguous
P13569	I1112D	0.9365	pathogenic
P13569	I1112E	0.9091	pathogenic
P13569	I1112F	0.266	benign
P13569	I1112G	0.4956	ambiguous
P13569	I1112H	0.9129	pathogenic
P13569	I1112K	0.9312	pathogenic
P13569	I1112L	0.1691	benign
P13569	I1112M	0.1287	benign
P13569	I1112N	0.5869	pathogenic
P13569	I1112P	0.8617	pathogenic
P13569	I1112Q	0.8785	pathogenic
P13569	I1112R	0.8768	pathogenic
P13569	I1112S	0.1652	benign
P13569	I1112T	0.0919	benign
P13569	I1112V	0.0694	benign
P13569	I1112W	0.9178	pathogenic
P13569	I1112Y	0.8464	pathogenic
P13569	A1113C	0.4368	ambiguous
P13569	A1113D	0.9022	pathogenic
P13569	A1113E	0.9007	pathogenic
P13569	A1113F	0.2791	benign
P13569	A1113G	0.1926	benign
P13569	A1113H	0.9452	pathogenic
P13569	A1113I	0.1627	benign
P13569	A1113K	0.9721	pathogenic
P13569	A1113L	0.1441	benign
P13569	A1113M	0.2169	benign
P13569	A1113N	0.7578	pathogenic
P13569	A1113P	0.7551	pathogenic
P13569	A1113Q	0.9096	pathogenic
P13569	A1113R	0.9498	pathogenic
P13569	A1113S	0.1515	benign
P13569	A1113T	0.0965	benign
P13569	A1113V	0.0922	benign
P13569	A1113W	0.8811	pathogenic
P13569	A1113Y	0.7843	pathogenic
P13569	V1114A	0.5504	ambiguous
P13569	V1114C	0.9435	pathogenic
P13569	V1114D	0.9761	pathogenic
P13569	V1114E	0.9556	pathogenic
P13569	V1114F	0.7704	pathogenic
P13569	V1114G	0.7805	pathogenic
P13569	V1114H	0.993	pathogenic
P13569	V1114I	0.1188	benign
P13569	V1114K	0.9846	pathogenic
P13569	V1114L	0.6713	pathogenic
P13569	V1114M	0.5152	ambiguous
P13569	V1114N	0.9126	pathogenic
P13569	V1114P	0.9883	pathogenic
P13569	V1114Q	0.9651	pathogenic
P13569	V1114R	0.9785	pathogenic
P13569	V1114S	0.7026	pathogenic
P13569	V1114T	0.4975	ambiguous
P13569	V1114W	0.9971	pathogenic
P13569	V1114Y	0.9863	pathogenic
P13569	T1115A	0.0952	benign
P13569	T1115C	0.5648	pathogenic
P13569	T1115D	0.9623	pathogenic
P13569	T1115E	0.9577	pathogenic
P13569	T1115F	0.8469	pathogenic
P13569	T1115G	0.5289	ambiguous
P13569	T1115H	0.928	pathogenic
P13569	T1115I	0.5731	pathogenic
P13569	T1115K	0.9658	pathogenic
P13569	T1115L	0.4538	ambiguous
P13569	T1115M	0.2927	benign
P13569	T1115N	0.6384	pathogenic
P13569	T1115P	0.7668	pathogenic
P13569	T1115Q	0.9139	pathogenic
P13569	T1115R	0.9439	pathogenic
P13569	T1115S	0.2144	benign
P13569	T1115V	0.3491	ambiguous
P13569	T1115W	0.9849	pathogenic
P13569	T1115Y	0.9182	pathogenic
P13569	F1116A	0.7178	pathogenic
P13569	F1116C	0.5773	pathogenic
P13569	F1116D	0.9931	pathogenic
P13569	F1116E	0.9932	pathogenic
P13569	F1116G	0.8534	pathogenic
P13569	F1116H	0.9756	pathogenic
P13569	F1116I	0.4544	ambiguous
P13569	F1116K	0.9969	pathogenic
P13569	F1116L	0.8848	pathogenic
P13569	F1116M	0.7033	pathogenic
P13569	F1116N	0.958	pathogenic
P13569	F1116P	0.9977	pathogenic
P13569	F1116Q	0.9888	pathogenic
P13569	F1116R	0.992	pathogenic
P13569	F1116S	0.6884	pathogenic
P13569	F1116T	0.7718	pathogenic
P13569	F1116V	0.3657	ambiguous
P13569	F1116W	0.7597	pathogenic
P13569	F1116Y	0.4917	ambiguous
P13569	I1117A	0.511	ambiguous
P13569	I1117C	0.8073	pathogenic
P13569	I1117D	0.9692	pathogenic
P13569	I1117E	0.953	pathogenic
P13569	I1117F	0.2157	benign
P13569	I1117G	0.7784	pathogenic
P13569	I1117H	0.9205	pathogenic
P13569	I1117K	0.9331	pathogenic
P13569	I1117L	0.1513	benign
P13569	I1117M	0.2346	benign
P13569	I1117N	0.7279	pathogenic
P13569	I1117P	0.9359	pathogenic
P13569	I1117Q	0.9172	pathogenic
P13569	I1117R	0.8702	pathogenic
P13569	I1117S	0.4844	ambiguous
P13569	I1117T	0.3399	benign
P13569	I1117V	0.0982	benign
P13569	I1117W	0.9253	pathogenic
P13569	I1117Y	0.7848	pathogenic
P13569	S1118A	0.1345	benign
P13569	S1118C	0.4189	ambiguous
P13569	S1118D	0.9867	pathogenic
P13569	S1118E	0.9885	pathogenic
P13569	S1118F	0.9112	pathogenic
P13569	S1118G	0.361	ambiguous
P13569	S1118H	0.9739	pathogenic
P13569	S1118I	0.9023	pathogenic
P13569	S1118K	0.9986	pathogenic
P13569	S1118L	0.6762	pathogenic
P13569	S1118M	0.8513	pathogenic
P13569	S1118N	0.9145	pathogenic
P13569	S1118P	0.936	pathogenic
P13569	S1118Q	0.9808	pathogenic
P13569	S1118R	0.9956	pathogenic
P13569	S1118T	0.4049	ambiguous
P13569	S1118V	0.8089	pathogenic
P13569	S1118W	0.962	pathogenic
P13569	S1118Y	0.9062	pathogenic
P13569	I1119A	0.8506	pathogenic
P13569	I1119C	0.9467	pathogenic
P13569	I1119D	0.9873	pathogenic
P13569	I1119E	0.9739	pathogenic
P13569	I1119F	0.5322	ambiguous
P13569	I1119G	0.966	pathogenic
P13569	I1119H	0.9684	pathogenic
P13569	I1119K	0.9595	pathogenic
P13569	I1119L	0.2252	benign
P13569	I1119M	0.2913	benign
P13569	I1119N	0.848	pathogenic
P13569	I1119P	0.9787	pathogenic
P13569	I1119Q	0.958	pathogenic
P13569	I1119R	0.9379	pathogenic
P13569	I1119S	0.8169	pathogenic
P13569	I1119T	0.7577	pathogenic
P13569	I1119V	0.1242	benign
P13569	I1119W	0.9813	pathogenic
P13569	I1119Y	0.9145	pathogenic
P13569	L1120A	0.1981	benign
P13569	L1120C	0.5771	pathogenic
P13569	L1120D	0.8893	pathogenic
P13569	L1120E	0.6166	pathogenic
P13569	L1120F	0.0984	benign
P13569	L1120G	0.4122	ambiguous
P13569	L1120H	0.4713	ambiguous
P13569	L1120I	0.1059	benign
P13569	L1120K	0.5158	ambiguous
P13569	L1120M	0.1377	benign
P13569	L1120N	0.6324	pathogenic
P13569	L1120P	0.7708	pathogenic
P13569	L1120Q	0.3316	benign
P13569	L1120R	0.3696	ambiguous
P13569	L1120S	0.2768	benign
P13569	L1120T	0.288	benign
P13569	L1120V	0.113	benign
P13569	L1120W	0.2314	benign
P13569	L1120Y	0.3742	ambiguous
P13569	T1121A	0.2294	benign
P13569	T1121C	0.7835	pathogenic
P13569	T1121D	0.8796	pathogenic
P13569	T1121E	0.7801	pathogenic
P13569	T1121F	0.5422	ambiguous
P13569	T1121G	0.4966	ambiguous
P13569	T1121H	0.625	pathogenic
P13569	T1121I	0.6312	pathogenic
P13569	T1121K	0.6279	pathogenic
P13569	T1121L	0.3207	benign
P13569	T1121M	0.2011	benign
P13569	T1121N	0.5	ambiguous
P13569	T1121P	0.6489	pathogenic
P13569	T1121Q	0.5588	ambiguous
P13569	T1121R	0.5061	ambiguous
P13569	T1121S	0.2596	benign
P13569	T1121V	0.4675	ambiguous
P13569	T1121W	0.8277	pathogenic
P13569	T1121Y	0.6708	pathogenic
P13569	T1122A	0.1258	benign
P13569	T1122C	0.7492	pathogenic
P13569	T1122D	0.6191	pathogenic
P13569	T1122E	0.5285	ambiguous
P13569	T1122F	0.6353	pathogenic
P13569	T1122G	0.353	ambiguous
P13569	T1122H	0.4475	ambiguous
P13569	T1122I	0.5213	ambiguous
P13569	T1122K	0.4132	ambiguous
P13569	T1122L	0.3464	ambiguous
P13569	T1122M	0.2162	benign
P13569	T1122N	0.237	benign
P13569	T1122P	0.4155	ambiguous
P13569	T1122Q	0.4302	ambiguous
P13569	T1122R	0.3051	benign
P13569	T1122S	0.1642	benign
P13569	T1122V	0.3559	ambiguous
P13569	T1122W	0.8416	pathogenic
P13569	T1122Y	0.6155	pathogenic
P13569	G1123A	0.2485	benign
P13569	G1123C	0.6636	pathogenic
P13569	G1123D	0.26	benign
P13569	G1123E	0.2664	benign
P13569	G1123F	0.8134	pathogenic
P13569	G1123H	0.5187	ambiguous
P13569	G1123I	0.6287	pathogenic
P13569	G1123K	0.3869	ambiguous
P13569	G1123L	0.7041	pathogenic
P13569	G1123M	0.748	pathogenic
P13569	G1123N	0.4519	ambiguous
P13569	G1123P	0.8235	pathogenic
P13569	G1123Q	0.3819	ambiguous
P13569	G1123R	0.2718	benign
P13569	G1123S	0.151	benign
P13569	G1123T	0.3335	benign
P13569	G1123V	0.4466	ambiguous
P13569	G1123W	0.5644	pathogenic
P13569	G1123Y	0.6891	pathogenic
P13569	E1124A	0.1176	benign
P13569	E1124C	0.799	pathogenic
P13569	E1124D	0.0828	benign
P13569	E1124F	0.5398	ambiguous
P13569	E1124G	0.1102	benign
P13569	E1124H	0.2846	benign
P13569	E1124I	0.2735	benign
P13569	E1124K	0.0934	benign
P13569	E1124L	0.3199	benign
P13569	E1124M	0.39	ambiguous
P13569	E1124N	0.1503	benign
P13569	E1124P	0.3473	ambiguous
P13569	E1124Q	0.1176	benign
P13569	E1124R	0.1492	benign
P13569	E1124S	0.1242	benign
P13569	E1124T	0.1582	benign
P13569	E1124V	0.173	benign
P13569	E1124W	0.7312	pathogenic
P13569	E1124Y	0.4225	ambiguous
P13569	G1125A	0.2475	benign
P13569	G1125C	0.6895	pathogenic
P13569	G1125D	0.2714	benign
P13569	G1125E	0.2594	benign
P13569	G1125F	0.7946	pathogenic
P13569	G1125H	0.6309	pathogenic
P13569	G1125I	0.5478	ambiguous
P13569	G1125K	0.5036	ambiguous
P13569	G1125L	0.7022	pathogenic
P13569	G1125M	0.6907	pathogenic
P13569	G1125N	0.4503	ambiguous
P13569	G1125P	0.8819	pathogenic
P13569	G1125Q	0.5043	ambiguous
P13569	G1125R	0.4372	ambiguous
P13569	G1125S	0.1853	benign
P13569	G1125T	0.2905	benign
P13569	G1125V	0.3772	ambiguous
P13569	G1125W	0.6199	pathogenic
P13569	G1125Y	0.6668	pathogenic
P13569	E1126A	0.142	benign
P13569	E1126C	0.9227	pathogenic
P13569	E1126D	0.2797	benign
P13569	E1126F	0.7879	pathogenic
P13569	E1126G	0.191	benign
P13569	E1126H	0.5253	ambiguous
P13569	E1126I	0.4322	ambiguous
P13569	E1126K	0.1419	benign
P13569	E1126L	0.4845	ambiguous
P13569	E1126M	0.5311	ambiguous
P13569	E1126N	0.3934	ambiguous
P13569	E1126P	0.2714	benign
P13569	E1126Q	0.1195	benign
P13569	E1126R	0.2152	benign
P13569	E1126S	0.2039	benign
P13569	E1126T	0.25	benign
P13569	E1126V	0.2648	benign
P13569	E1126W	0.9106	pathogenic
P13569	E1126Y	0.7161	pathogenic
P13569	G1127A	0.2197	benign
P13569	G1127C	0.7519	pathogenic
P13569	G1127D	0.5347	ambiguous
P13569	G1127E	0.4052	ambiguous
P13569	G1127F	0.8758	pathogenic
P13569	G1127H	0.8192	pathogenic
P13569	G1127I	0.6849	pathogenic
P13569	G1127K	0.7827	pathogenic
P13569	G1127L	0.8013	pathogenic
P13569	G1127M	0.7964	pathogenic
P13569	G1127N	0.6175	pathogenic
P13569	G1127P	0.7538	pathogenic
P13569	G1127Q	0.6618	pathogenic
P13569	G1127R	0.704	pathogenic
P13569	G1127S	0.1898	benign
P13569	G1127T	0.4163	ambiguous
P13569	G1127V	0.5038	ambiguous
P13569	G1127W	0.7754	pathogenic
P13569	G1127Y	0.8081	pathogenic
P13569	R1128A	0.1049	benign
P13569	R1128C	0.3174	benign
P13569	R1128D	0.2912	benign
P13569	R1128E	0.1446	benign
P13569	R1128F	0.3578	ambiguous
P13569	R1128G	0.1108	benign
P13569	R1128H	0.1135	benign
P13569	R1128I	0.1375	benign
P13569	R1128K	0.0761	benign
P13569	R1128L	0.1424	benign
P13569	R1128M	0.1272	benign
P13569	R1128N	0.1998	benign
P13569	R1128P	0.2901	benign
P13569	R1128Q	0.0848	benign
P13569	R1128S	0.121	benign
P13569	R1128T	0.0571	benign
P13569	R1128V	0.1709	benign
P13569	R1128W	0.2004	benign
P13569	R1128Y	0.2948	benign
P13569	V1129A	0.122	benign
P13569	V1129C	0.9038	pathogenic
P13569	V1129D	0.7182	pathogenic
P13569	V1129E	0.6362	pathogenic
P13569	V1129F	0.3041	benign
P13569	V1129G	0.3113	benign
P13569	V1129H	0.887	pathogenic
P13569	V1129I	0.0862	benign
P13569	V1129K	0.7875	pathogenic
P13569	V1129L	0.3645	ambiguous
P13569	V1129M	0.2799	benign
P13569	V1129N	0.6011	pathogenic
P13569	V1129P	0.6024	pathogenic
P13569	V1129Q	0.7268	pathogenic
P13569	V1129R	0.7053	pathogenic
P13569	V1129S	0.293	benign
P13569	V1129T	0.1633	benign
P13569	V1129W	0.8996	pathogenic
P13569	V1129Y	0.8037	pathogenic
P13569	G1130A	0.6638	pathogenic
P13569	G1130C	0.9664	pathogenic
P13569	G1130D	0.9807	pathogenic
P13569	G1130E	0.9759	pathogenic
P13569	G1130F	0.9881	pathogenic
P13569	G1130H	0.9959	pathogenic
P13569	G1130I	0.9734	pathogenic
P13569	G1130K	0.9948	pathogenic
P13569	G1130L	0.9808	pathogenic
P13569	G1130M	0.9884	pathogenic
P13569	G1130N	0.9871	pathogenic
P13569	G1130P	0.9914	pathogenic
P13569	G1130Q	0.9882	pathogenic
P13569	G1130R	0.9847	pathogenic
P13569	G1130S	0.7314	pathogenic
P13569	G1130T	0.9383	pathogenic
P13569	G1130V	0.9423	pathogenic
P13569	G1130W	0.9814	pathogenic
P13569	G1130Y	0.9922	pathogenic
P13569	I1131A	0.9392	pathogenic
P13569	I1131C	0.9863	pathogenic
P13569	I1131D	0.9903	pathogenic
P13569	I1131E	0.9755	pathogenic
P13569	I1131F	0.6605	pathogenic
P13569	I1131G	0.9787	pathogenic
P13569	I1131H	0.9824	pathogenic
P13569	I1131K	0.9496	pathogenic
P13569	I1131L	0.3899	ambiguous
P13569	I1131M	0.3313	benign
P13569	I1131N	0.9023	pathogenic
P13569	I1131P	0.9839	pathogenic
P13569	I1131Q	0.968	pathogenic
P13569	I1131R	0.9279	pathogenic
P13569	I1131S	0.9255	pathogenic
P13569	I1131T	0.928	pathogenic
P13569	I1131V	0.248	benign
P13569	I1131W	0.9802	pathogenic
P13569	I1131Y	0.9327	pathogenic
P13569	I1132A	0.6445	pathogenic
P13569	I1132C	0.8862	pathogenic
P13569	I1132D	0.9442	pathogenic
P13569	I1132E	0.9178	pathogenic
P13569	I1132F	0.4039	ambiguous
P13569	I1132G	0.8811	pathogenic
P13569	I1132H	0.8939	pathogenic
P13569	I1132K	0.8766	pathogenic
P13569	I1132L	0.1644	benign
P13569	I1132M	0.243	benign
P13569	I1132N	0.6368	pathogenic
P13569	I1132P	0.9479	pathogenic
P13569	I1132Q	0.8745	pathogenic
P13569	I1132R	0.8225	pathogenic
P13569	I1132S	0.5357	ambiguous
P13569	I1132T	0.4401	ambiguous
P13569	I1132V	0.1099	benign
P13569	I1132W	0.9498	pathogenic
P13569	I1132Y	0.8146	pathogenic
P13569	L1133A	0.8755	pathogenic
P13569	L1133C	0.9272	pathogenic
P13569	L1133D	0.9979	pathogenic
P13569	L1133E	0.9876	pathogenic
P13569	L1133F	0.6439	pathogenic
P13569	L1133G	0.9767	pathogenic
P13569	L1133H	0.9839	pathogenic
P13569	L1133I	0.2598	benign
P13569	L1133K	0.991	pathogenic
P13569	L1133M	0.3979	ambiguous
P13569	L1133N	0.9839	pathogenic
P13569	L1133P	0.9868	pathogenic
P13569	L1133Q	0.9622	pathogenic
P13569	L1133R	0.9791	pathogenic
P13569	L1133S	0.9487	pathogenic
P13569	L1133T	0.8506	pathogenic
P13569	L1133V	0.3176	benign
P13569	L1133W	0.9493	pathogenic
P13569	L1133Y	0.9726	pathogenic
P13569	T1134A	0.6185	pathogenic
P13569	T1134C	0.9266	pathogenic
P13569	T1134D	0.991	pathogenic
P13569	T1134E	0.9871	pathogenic
P13569	T1134F	0.941	pathogenic
P13569	T1134G	0.9005	pathogenic
P13569	T1134H	0.9657	pathogenic
P13569	T1134I	0.8676	pathogenic
P13569	T1134K	0.9828	pathogenic
P13569	T1134L	0.6866	pathogenic
P13569	T1134M	0.5593	ambiguous
P13569	T1134N	0.879	pathogenic
P13569	T1134P	0.8367	pathogenic
P13569	T1134Q	0.9573	pathogenic
P13569	T1134R	0.9788	pathogenic
P13569	T1134S	0.6616	pathogenic
P13569	T1134V	0.6707	pathogenic
P13569	T1134W	0.9944	pathogenic
P13569	T1134Y	0.9726	pathogenic
P13569	L1135A	0.87	pathogenic
P13569	L1135C	0.961	pathogenic
P13569	L1135D	0.9968	pathogenic
P13569	L1135E	0.9728	pathogenic
P13569	L1135F	0.7334	pathogenic
P13569	L1135G	0.9688	pathogenic
P13569	L1135H	0.9704	pathogenic
P13569	L1135I	0.5163	ambiguous
P13569	L1135K	0.9753	pathogenic
P13569	L1135M	0.3606	ambiguous
P13569	L1135N	0.9718	pathogenic
P13569	L1135P	0.9921	pathogenic
P13569	L1135Q	0.9277	pathogenic
P13569	L1135R	0.9562	pathogenic
P13569	L1135S	0.9425	pathogenic
P13569	L1135T	0.8627	pathogenic
P13569	L1135V	0.4687	ambiguous
P13569	L1135W	0.9506	pathogenic
P13569	L1135Y	0.957	pathogenic
P13569	A1136C	0.8603	pathogenic
P13569	A1136D	0.9814	pathogenic
P13569	A1136E	0.9782	pathogenic
P13569	A1136F	0.9082	pathogenic
P13569	A1136G	0.4134	ambiguous
P13569	A1136H	0.9871	pathogenic
P13569	A1136I	0.9214	pathogenic
P13569	A1136K	0.9958	pathogenic
P13569	A1136L	0.7653	pathogenic
P13569	A1136M	0.8161	pathogenic
P13569	A1136N	0.9523	pathogenic
P13569	A1136P	0.9857	pathogenic
P13569	A1136Q	0.9601	pathogenic
P13569	A1136R	0.9866	pathogenic
P13569	A1136S	0.2012	benign
P13569	A1136T	0.4079	ambiguous
P13569	A1136V	0.7256	pathogenic
P13569	A1136W	0.992	pathogenic
P13569	A1136Y	0.9793	pathogenic
P13569	M1137A	0.9216	pathogenic
P13569	M1137C	0.9677	pathogenic
P13569	M1137D	0.9978	pathogenic
P13569	M1137E	0.9839	pathogenic
P13569	M1137F	0.8747	pathogenic
P13569	M1137G	0.9535	pathogenic
P13569	M1137H	0.9938	pathogenic
P13569	M1137I	0.9585	pathogenic
P13569	M1137K	0.962	pathogenic
P13569	M1137L	0.4997	ambiguous
P13569	M1137N	0.9767	pathogenic
P13569	M1137P	0.9965	pathogenic
P13569	M1137Q	0.9125	pathogenic
P13569	M1137R	0.9587	pathogenic
P13569	M1137S	0.9263	pathogenic
P13569	M1137T	0.9094	pathogenic
P13569	M1137V	0.5041	ambiguous
P13569	M1137W	0.983	pathogenic
P13569	M1137Y	0.9868	pathogenic
P13569	N1138A	0.863	pathogenic
P13569	N1138C	0.8798	pathogenic
P13569	N1138D	0.8869	pathogenic
P13569	N1138E	0.9727	pathogenic
P13569	N1138F	0.9647	pathogenic
P13569	N1138G	0.8413	pathogenic
P13569	N1138H	0.8108	pathogenic
P13569	N1138I	0.7628	pathogenic
P13569	N1138K	0.9837	pathogenic
P13569	N1138L	0.6186	pathogenic
P13569	N1138M	0.7828	pathogenic
P13569	N1138P	0.9846	pathogenic
P13569	N1138Q	0.952	pathogenic
P13569	N1138R	0.986	pathogenic
P13569	N1138S	0.4427	ambiguous
P13569	N1138T	0.6244	pathogenic
P13569	N1138V	0.7312	pathogenic
P13569	N1138W	0.9902	pathogenic
P13569	N1138Y	0.8079	pathogenic
P13569	I1139A	0.9137	pathogenic
P13569	I1139C	0.9725	pathogenic
P13569	I1139D	0.9937	pathogenic
P13569	I1139E	0.9873	pathogenic
P13569	I1139F	0.7567	pathogenic
P13569	I1139G	0.9825	pathogenic
P13569	I1139H	0.9915	pathogenic
P13569	I1139K	0.9857	pathogenic
P13569	I1139L	0.3124	benign
P13569	I1139M	0.3289	benign
P13569	I1139N	0.9086	pathogenic
P13569	I1139P	0.9954	pathogenic
P13569	I1139Q	0.9843	pathogenic
P13569	I1139R	0.9774	pathogenic
P13569	I1139S	0.8894	pathogenic
P13569	I1139T	0.8085	pathogenic
P13569	I1139V	0.2166	benign
P13569	I1139W	0.9947	pathogenic
P13569	I1139Y	0.9723	pathogenic
P13569	M1140A	0.7812	pathogenic
P13569	M1140C	0.8922	pathogenic
P13569	M1140D	0.9869	pathogenic
P13569	M1140E	0.9492	pathogenic
P13569	M1140F	0.8383	pathogenic
P13569	M1140G	0.8923	pathogenic
P13569	M1140H	0.9687	pathogenic
P13569	M1140I	0.9399	pathogenic
P13569	M1140K	0.9266	pathogenic
P13569	M1140L	0.3682	ambiguous
P13569	M1140N	0.8094	pathogenic
P13569	M1140P	0.9843	pathogenic
P13569	M1140Q	0.8086	pathogenic
P13569	M1140R	0.9375	pathogenic
P13569	M1140S	0.6544	pathogenic
P13569	M1140T	0.4765	ambiguous
P13569	M1140V	0.4818	ambiguous
P13569	M1140W	0.9863	pathogenic
P13569	M1140Y	0.9777	pathogenic
P13569	S1141A	0.2051	benign
P13569	S1141C	0.439	ambiguous
P13569	S1141D	0.8234	pathogenic
P13569	S1141E	0.9166	pathogenic
P13569	S1141F	0.7738	pathogenic
P13569	S1141G	0.073	benign
P13569	S1141H	0.7967	pathogenic
P13569	S1141I	0.5663	pathogenic
P13569	S1141K	0.9809	pathogenic
P13569	S1141L	0.4596	ambiguous
P13569	S1141M	0.4969	ambiguous
P13569	S1141N	0.1754	benign
P13569	S1141P	0.9447	pathogenic
P13569	S1141Q	0.8566	pathogenic
P13569	S1141R	0.9699	pathogenic
P13569	S1141T	0.2088	benign
P13569	S1141V	0.5613	ambiguous
P13569	S1141W	0.8882	pathogenic
P13569	S1141Y	0.6916	pathogenic
P13569	T1142A	0.3878	ambiguous
P13569	T1142C	0.8885	pathogenic
P13569	T1142D	0.9631	pathogenic
P13569	T1142E	0.9503	pathogenic
P13569	T1142F	0.7919	pathogenic
P13569	T1142G	0.7795	pathogenic
P13569	T1142H	0.8704	pathogenic
P13569	T1142I	0.5464	ambiguous
P13569	T1142K	0.9311	pathogenic
P13569	T1142L	0.4764	ambiguous
P13569	T1142M	0.3349	benign
P13569	T1142N	0.6043	pathogenic
P13569	T1142P	0.6994	pathogenic
P13569	T1142Q	0.8523	pathogenic
P13569	T1142R	0.9078	pathogenic
P13569	T1142S	0.4345	ambiguous
P13569	T1142V	0.3899	ambiguous
P13569	T1142W	0.9678	pathogenic
P13569	T1142Y	0.8629	pathogenic
P13569	L1143A	0.7461	pathogenic
P13569	L1143C	0.8727	pathogenic
P13569	L1143D	0.9967	pathogenic
P13569	L1143E	0.9747	pathogenic
P13569	L1143F	0.3072	benign
P13569	L1143G	0.9225	pathogenic
P13569	L1143H	0.9516	pathogenic
P13569	L1143I	0.3212	benign
P13569	L1143K	0.9828	pathogenic
P13569	L1143M	0.2437	benign
P13569	L1143N	0.9679	pathogenic
P13569	L1143P	0.9906	pathogenic
P13569	L1143Q	0.8787	pathogenic
P13569	L1143R	0.9543	pathogenic
P13569	L1143S	0.8553	pathogenic
P13569	L1143T	0.7312	pathogenic
P13569	L1143V	0.3029	benign
P13569	L1143W	0.8407	pathogenic
P13569	L1143Y	0.9238	pathogenic
P13569	Q1144A	0.5802	pathogenic
P13569	Q1144C	0.9727	pathogenic
P13569	Q1144D	0.9711	pathogenic
P13569	Q1144E	0.3661	ambiguous
P13569	Q1144F	0.968	pathogenic
P13569	Q1144G	0.6703	pathogenic
P13569	Q1144H	0.8607	pathogenic
P13569	Q1144I	0.8362	pathogenic
P13569	Q1144K	0.8057	pathogenic
P13569	Q1144L	0.5477	ambiguous
P13569	Q1144M	0.7	pathogenic
P13569	Q1144N	0.7344	pathogenic
P13569	Q1144P	0.7633	pathogenic
P13569	Q1144R	0.7912	pathogenic
P13569	Q1144S	0.5067	ambiguous
P13569	Q1144T	0.6121	pathogenic
P13569	Q1144V	0.7275	pathogenic
P13569	Q1144W	0.9842	pathogenic
P13569	Q1144Y	0.9638	pathogenic
P13569	W1145A	0.8592	pathogenic
P13569	W1145C	0.9794	pathogenic
P13569	W1145D	0.9864	pathogenic
P13569	W1145E	0.9883	pathogenic
P13569	W1145F	0.4329	ambiguous
P13569	W1145G	0.7015	pathogenic
P13569	W1145H	0.9729	pathogenic
P13569	W1145I	0.9208	pathogenic
P13569	W1145K	0.9968	pathogenic
P13569	W1145L	0.7911	pathogenic
P13569	W1145M	0.8788	pathogenic
P13569	W1145N	0.9694	pathogenic
P13569	W1145P	0.9973	pathogenic
P13569	W1145Q	0.9898	pathogenic
P13569	W1145R	0.992	pathogenic
P13569	W1145S	0.8381	pathogenic
P13569	W1145T	0.9074	pathogenic
P13569	W1145V	0.8558	pathogenic
P13569	W1145Y	0.7504	pathogenic
P13569	A1146C	0.6587	pathogenic
P13569	A1146D	0.9521	pathogenic
P13569	A1146E	0.9331	pathogenic
P13569	A1146F	0.7447	pathogenic
P13569	A1146G	0.267	benign
P13569	A1146H	0.9692	pathogenic
P13569	A1146I	0.5688	pathogenic
P13569	A1146K	0.988	pathogenic
P13569	A1146L	0.4407	ambiguous
P13569	A1146M	0.3604	ambiguous
P13569	A1146N	0.8434	pathogenic
P13569	A1146P	0.9866	pathogenic
P13569	A1146Q	0.9281	pathogenic
P13569	A1146R	0.9755	pathogenic
P13569	A1146S	0.1673	benign
P13569	A1146T	0.1213	benign
P13569	A1146V	0.2501	benign
P13569	A1146W	0.9813	pathogenic
P13569	A1146Y	0.9426	pathogenic
P13569	V1147A	0.6995	pathogenic
P13569	V1147C	0.9494	pathogenic
P13569	V1147D	0.9875	pathogenic
P13569	V1147E	0.961	pathogenic
P13569	V1147F	0.618	pathogenic
P13569	V1147G	0.817	pathogenic
P13569	V1147H	0.9913	pathogenic
P13569	V1147I	0.1097	benign
P13569	V1147K	0.9849	pathogenic
P13569	V1147L	0.5723	pathogenic
P13569	V1147M	0.3515	ambiguous
P13569	V1147N	0.9553	pathogenic
P13569	V1147P	0.9926	pathogenic
P13569	V1147Q	0.957	pathogenic
P13569	V1147R	0.9737	pathogenic
P13569	V1147S	0.8399	pathogenic
P13569	V1147T	0.7135	pathogenic
P13569	V1147W	0.9911	pathogenic
P13569	V1147Y	0.9769	pathogenic
P13569	N1148A	0.6249	pathogenic
P13569	N1148C	0.6894	pathogenic
P13569	N1148D	0.6929	pathogenic
P13569	N1148E	0.9272	pathogenic
P13569	N1148F	0.8187	pathogenic
P13569	N1148G	0.6269	pathogenic
P13569	N1148H	0.4652	ambiguous
P13569	N1148I	0.4057	ambiguous
P13569	N1148K	0.9436	pathogenic
P13569	N1148L	0.4952	ambiguous
P13569	N1148M	0.6346	pathogenic
P13569	N1148P	0.9651	pathogenic
P13569	N1148Q	0.8521	pathogenic
P13569	N1148R	0.9261	pathogenic
P13569	N1148S	0.1531	benign
P13569	N1148T	0.3191	benign
P13569	N1148V	0.4418	ambiguous
P13569	N1148W	0.9598	pathogenic
P13569	N1148Y	0.4721	ambiguous
P13569	S1149A	0.0735	benign
P13569	S1149C	0.1596	benign
P13569	S1149D	0.9238	pathogenic
P13569	S1149E	0.9304	pathogenic
P13569	S1149F	0.6006	pathogenic
P13569	S1149G	0.1641	benign
P13569	S1149H	0.8619	pathogenic
P13569	S1149I	0.3986	ambiguous
P13569	S1149K	0.9836	pathogenic
P13569	S1149L	0.2106	benign
P13569	S1149M	0.3368	benign
P13569	S1149N	0.4703	ambiguous
P13569	S1149P	0.9504	pathogenic
P13569	S1149Q	0.8926	pathogenic
P13569	S1149R	0.9689	pathogenic
P13569	S1149T	0.0728	benign
P13569	S1149V	0.2803	benign
P13569	S1149W	0.8544	pathogenic
P13569	S1149Y	0.5963	pathogenic
P13569	S1150A	0.3715	ambiguous
P13569	S1150C	0.5985	pathogenic
P13569	S1150D	0.9906	pathogenic
P13569	S1150E	0.995	pathogenic
P13569	S1150F	0.9172	pathogenic
P13569	S1150G	0.4313	ambiguous
P13569	S1150H	0.9765	pathogenic
P13569	S1150I	0.9218	pathogenic
P13569	S1150K	0.9993	pathogenic
P13569	S1150L	0.7247	pathogenic
P13569	S1150M	0.7974	pathogenic
P13569	S1150N	0.9305	pathogenic
P13569	S1150P	0.9898	pathogenic
P13569	S1150Q	0.99	pathogenic
P13569	S1150R	0.9985	pathogenic
P13569	S1150T	0.2604	benign
P13569	S1150V	0.8566	pathogenic
P13569	S1150W	0.9423	pathogenic
P13569	S1150Y	0.9414	pathogenic
P13569	I1151A	0.796	pathogenic
P13569	I1151C	0.9821	pathogenic
P13569	I1151D	0.9954	pathogenic
P13569	I1151E	0.9868	pathogenic
P13569	I1151F	0.8356	pathogenic
P13569	I1151G	0.9809	pathogenic
P13569	I1151H	0.9916	pathogenic
P13569	I1151K	0.9792	pathogenic
P13569	I1151L	0.4171	ambiguous
P13569	I1151M	0.3366	benign
P13569	I1151N	0.9367	pathogenic
P13569	I1151P	0.986	pathogenic
P13569	I1151Q	0.9798	pathogenic
P13569	I1151R	0.9594	pathogenic
P13569	I1151S	0.87	pathogenic
P13569	I1151T	0.6271	pathogenic
P13569	I1151V	0.1623	benign
P13569	I1151W	0.9913	pathogenic
P13569	I1151Y	0.9826	pathogenic
P13569	D1152A	0.59	pathogenic
P13569	D1152C	0.9626	pathogenic
P13569	D1152E	0.3697	ambiguous
P13569	D1152F	0.925	pathogenic
P13569	D1152G	0.6504	pathogenic
P13569	D1152H	0.8597	pathogenic
P13569	D1152I	0.8723	pathogenic
P13569	D1152K	0.9482	pathogenic
P13569	D1152L	0.8508	pathogenic
P13569	D1152M	0.9322	pathogenic
P13569	D1152N	0.3851	ambiguous
P13569	D1152P	0.9868	pathogenic
P13569	D1152Q	0.8687	pathogenic
P13569	D1152R	0.9311	pathogenic
P13569	D1152S	0.4388	ambiguous
P13569	D1152T	0.679	pathogenic
P13569	D1152V	0.7165	pathogenic
P13569	D1152W	0.9895	pathogenic
P13569	D1152Y	0.7386	pathogenic
P13569	V1153A	0.2605	benign
P13569	V1153C	0.8566	pathogenic
P13569	V1153D	0.9408	pathogenic
P13569	V1153E	0.8795	pathogenic
P13569	V1153F	0.4925	ambiguous
P13569	V1153G	0.4771	ambiguous
P13569	V1153H	0.9696	pathogenic
P13569	V1153I	0.1081	benign
P13569	V1153K	0.9443	pathogenic
P13569	V1153L	0.3723	ambiguous
P13569	V1153M	0.1635	benign
P13569	V1153N	0.7895	pathogenic
P13569	V1153P	0.9906	pathogenic
P13569	V1153Q	0.8872	pathogenic
P13569	V1153R	0.9254	pathogenic
P13569	V1153S	0.4862	ambiguous
P13569	V1153T	0.1622	benign
P13569	V1153W	0.9794	pathogenic
P13569	V1153Y	0.9506	pathogenic
P13569	D1154A	0.9263	pathogenic
P13569	D1154C	0.9925	pathogenic
P13569	D1154E	0.8838	pathogenic
P13569	D1154F	0.9917	pathogenic
P13569	D1154G	0.8981	pathogenic
P13569	D1154H	0.955	pathogenic
P13569	D1154I	0.9857	pathogenic
P13569	D1154K	0.9897	pathogenic
P13569	D1154L	0.9833	pathogenic
P13569	D1154M	0.9965	pathogenic
P13569	D1154N	0.7558	pathogenic
P13569	D1154P	0.9965	pathogenic
P13569	D1154Q	0.9825	pathogenic
P13569	D1154R	0.9865	pathogenic
P13569	D1154S	0.8278	pathogenic
P13569	D1154T	0.9578	pathogenic
P13569	D1154V	0.9461	pathogenic
P13569	D1154W	0.9986	pathogenic
P13569	D1154Y	0.9489	pathogenic
P13569	S1155A	0.2363	benign
P13569	S1155C	0.4518	ambiguous
P13569	S1155D	0.9523	pathogenic
P13569	S1155E	0.9729	pathogenic
P13569	S1155F	0.8014	pathogenic
P13569	S1155G	0.1174	benign
P13569	S1155H	0.916	pathogenic
P13569	S1155I	0.6224	pathogenic
P13569	S1155K	0.9927	pathogenic
P13569	S1155L	0.5006	ambiguous
P13569	S1155M	0.6086	pathogenic
P13569	S1155N	0.5216	ambiguous
P13569	S1155P	0.9699	pathogenic
P13569	S1155Q	0.9506	pathogenic
P13569	S1155R	0.9826	pathogenic
P13569	S1155T	0.2591	benign
P13569	S1155V	0.6502	pathogenic
P13569	S1155W	0.9378	pathogenic
P13569	S1155Y	0.7887	pathogenic
P13569	L1156A	0.5898	pathogenic
P13569	L1156C	0.8085	pathogenic
P13569	L1156D	0.9617	pathogenic
P13569	L1156E	0.7844	pathogenic
P13569	L1156F	0.3913	ambiguous
P13569	L1156G	0.8546	pathogenic
P13569	L1156H	0.5964	pathogenic
P13569	L1156I	0.3485	ambiguous
P13569	L1156K	0.7662	pathogenic
P13569	L1156M	0.1615	benign
P13569	L1156N	0.7167	pathogenic
P13569	L1156P	0.9862	pathogenic
P13569	L1156Q	0.3683	ambiguous
P13569	L1156R	0.6486	pathogenic
P13569	L1156S	0.5624	ambiguous
P13569	L1156T	0.5522	ambiguous
P13569	L1156V	0.2927	benign
P13569	L1156W	0.7406	pathogenic
P13569	L1156Y	0.7302	pathogenic
P13569	M1157A	0.9423	pathogenic
P13569	M1157C	0.9544	pathogenic
P13569	M1157D	0.9988	pathogenic
P13569	M1157E	0.9859	pathogenic
P13569	M1157F	0.8116	pathogenic
P13569	M1157G	0.973	pathogenic
P13569	M1157H	0.9865	pathogenic
P13569	M1157I	0.9448	pathogenic
P13569	M1157K	0.9646	pathogenic
P13569	M1157L	0.4502	ambiguous
P13569	M1157N	0.9824	pathogenic
P13569	M1157P	0.9973	pathogenic
P13569	M1157Q	0.8992	pathogenic
P13569	M1157R	0.9631	pathogenic
P13569	M1157S	0.9314	pathogenic
P13569	M1157T	0.8881	pathogenic
P13569	M1157V	0.6277	pathogenic
P13569	M1157W	0.9833	pathogenic
P13569	M1157Y	0.9831	pathogenic
P13569	R1158A	0.9291	pathogenic
P13569	R1158C	0.4971	ambiguous
P13569	R1158D	0.9795	pathogenic
P13569	R1158E	0.8894	pathogenic
P13569	R1158F	0.9415	pathogenic
P13569	R1158G	0.7806	pathogenic
P13569	R1158H	0.3729	ambiguous
P13569	R1158I	0.8049	pathogenic
P13569	R1158K	0.4361	ambiguous
P13569	R1158L	0.725	pathogenic
P13569	R1158M	0.858	pathogenic
P13569	R1158N	0.9491	pathogenic
P13569	R1158P	0.9711	pathogenic
P13569	R1158Q	0.3624	ambiguous
P13569	R1158S	0.9406	pathogenic
P13569	R1158T	0.8713	pathogenic
P13569	R1158V	0.8647	pathogenic
P13569	R1158W	0.5757	pathogenic
P13569	R1158Y	0.8362	pathogenic
P13569	S1159A	0.195	benign
P13569	S1159C	0.4442	ambiguous
P13569	S1159D	0.9811	pathogenic
P13569	S1159E	0.9854	pathogenic
P13569	S1159F	0.933	pathogenic
P13569	S1159G	0.3551	ambiguous
P13569	S1159H	0.9656	pathogenic
P13569	S1159I	0.9054	pathogenic
P13569	S1159K	0.9973	pathogenic
P13569	S1159L	0.6979	pathogenic
P13569	S1159M	0.8311	pathogenic
P13569	S1159N	0.8384	pathogenic
P13569	S1159P	0.801	pathogenic
P13569	S1159Q	0.9749	pathogenic
P13569	S1159R	0.9933	pathogenic
P13569	S1159T	0.4484	ambiguous
P13569	S1159V	0.8342	pathogenic
P13569	S1159W	0.9618	pathogenic
P13569	S1159Y	0.8927	pathogenic
P13569	V1160A	0.4654	ambiguous
P13569	V1160C	0.9189	pathogenic
P13569	V1160D	0.9699	pathogenic
P13569	V1160E	0.9308	pathogenic
P13569	V1160F	0.7792	pathogenic
P13569	V1160G	0.7498	pathogenic
P13569	V1160H	0.9841	pathogenic
P13569	V1160I	0.1565	benign
P13569	V1160K	0.9696	pathogenic
P13569	V1160L	0.7588	pathogenic
P13569	V1160M	0.5567	ambiguous
P13569	V1160N	0.906	pathogenic
P13569	V1160P	0.9778	pathogenic
P13569	V1160Q	0.9425	pathogenic
P13569	V1160R	0.9567	pathogenic
P13569	V1160S	0.6323	pathogenic
P13569	V1160T	0.4074	ambiguous
P13569	V1160W	0.9963	pathogenic
P13569	V1160Y	0.9801	pathogenic
P13569	S1161A	0.1535	benign
P13569	S1161C	0.1571	benign
P13569	S1161D	0.3891	ambiguous
P13569	S1161E	0.4754	ambiguous
P13569	S1161F	0.5372	ambiguous
P13569	S1161G	0.0849	benign
P13569	S1161H	0.3023	benign
P13569	S1161I	0.2973	benign
P13569	S1161K	0.5359	ambiguous
P13569	S1161L	0.2974	benign
P13569	S1161M	0.3819	ambiguous
P13569	S1161N	0.1632	benign
P13569	S1161P	0.9031	pathogenic
P13569	S1161Q	0.409	ambiguous
P13569	S1161R	0.368	ambiguous
P13569	S1161T	0.1349	benign
P13569	S1161V	0.3596	ambiguous
P13569	S1161W	0.5865	pathogenic
P13569	S1161Y	0.3519	ambiguous
P13569	R1162A	0.9655	pathogenic
P13569	R1162C	0.7683	pathogenic
P13569	R1162D	0.9855	pathogenic
P13569	R1162E	0.9341	pathogenic
P13569	R1162F	0.984	pathogenic
P13569	R1162G	0.915	pathogenic
P13569	R1162H	0.5879	pathogenic
P13569	R1162I	0.942	pathogenic
P13569	R1162K	0.6473	pathogenic
P13569	R1162L	0.8935	pathogenic
P13569	R1162M	0.9521	pathogenic
P13569	R1162N	0.9778	pathogenic
P13569	R1162P	0.9923	pathogenic
P13569	R1162Q	0.6332	pathogenic
P13569	R1162S	0.9701	pathogenic
P13569	R1162T	0.9509	pathogenic
P13569	R1162V	0.9584	pathogenic
P13569	R1162W	0.7853	pathogenic
P13569	R1162Y	0.9571	pathogenic
P13569	V1163A	0.6194	pathogenic
P13569	V1163C	0.8765	pathogenic
P13569	V1163D	0.9323	pathogenic
P13569	V1163E	0.916	pathogenic
P13569	V1163F	0.5675	pathogenic
P13569	V1163G	0.6326	pathogenic
P13569	V1163H	0.9667	pathogenic
P13569	V1163I	0.0788	benign
P13569	V1163K	0.9607	pathogenic
P13569	V1163L	0.4094	ambiguous
P13569	V1163M	0.3521	ambiguous
P13569	V1163N	0.7829	pathogenic
P13569	V1163P	0.9734	pathogenic
P13569	V1163Q	0.9208	pathogenic
P13569	V1163R	0.9466	pathogenic
P13569	V1163S	0.6765	pathogenic
P13569	V1163T	0.588	pathogenic
P13569	V1163W	0.9802	pathogenic
P13569	V1163Y	0.9166	pathogenic
P13569	F1164A	0.9475	pathogenic
P13569	F1164C	0.7259	pathogenic
P13569	F1164D	0.9806	pathogenic
P13569	F1164E	0.9685	pathogenic
P13569	F1164G	0.9608	pathogenic
P13569	F1164H	0.9122	pathogenic
P13569	F1164I	0.7342	pathogenic
P13569	F1164K	0.9769	pathogenic
P13569	F1164L	0.9339	pathogenic
P13569	F1164M	0.7953	pathogenic
P13569	F1164N	0.9241	pathogenic
P13569	F1164P	0.999	pathogenic
P13569	F1164Q	0.9462	pathogenic
P13569	F1164R	0.9464	pathogenic
P13569	F1164S	0.8716	pathogenic
P13569	F1164T	0.9235	pathogenic
P13569	F1164V	0.7479	pathogenic
P13569	F1164W	0.788	pathogenic
P13569	F1164Y	0.4787	ambiguous
P13569	K1165A	0.5376	ambiguous
P13569	K1165C	0.7399	pathogenic
P13569	K1165D	0.7566	pathogenic
P13569	K1165E	0.3473	ambiguous
P13569	K1165F	0.858	pathogenic
P13569	K1165G	0.62	pathogenic
P13569	K1165H	0.307	benign
P13569	K1165I	0.536	ambiguous
P13569	K1165L	0.4687	ambiguous
P13569	K1165M	0.3791	ambiguous
P13569	K1165N	0.5555	ambiguous
P13569	K1165P	0.9208	pathogenic
P13569	K1165Q	0.169	benign
P13569	K1165R	0.079	benign
P13569	K1165S	0.5407	ambiguous
P13569	K1165T	0.2688	benign
P13569	K1165V	0.5338	ambiguous
P13569	K1165W	0.7979	pathogenic
P13569	K1165Y	0.6827	pathogenic
P13569	F1166A	0.9154	pathogenic
P13569	F1166C	0.6996	pathogenic
P13569	F1166D	0.9748	pathogenic
P13569	F1166E	0.9774	pathogenic
P13569	F1166G	0.9592	pathogenic
P13569	F1166H	0.8792	pathogenic
P13569	F1166I	0.5178	ambiguous
P13569	F1166K	0.9821	pathogenic
P13569	F1166L	0.9287	pathogenic
P13569	F1166M	0.7523	pathogenic
P13569	F1166N	0.9055	pathogenic
P13569	F1166P	0.9983	pathogenic
P13569	F1166Q	0.9663	pathogenic
P13569	F1166R	0.9611	pathogenic
P13569	F1166S	0.8811	pathogenic
P13569	F1166T	0.913	pathogenic
P13569	F1166V	0.5307	ambiguous
P13569	F1166W	0.7383	pathogenic
P13569	F1166Y	0.1932	benign
P13569	I1167A	0.2961	benign
P13569	I1167C	0.82	pathogenic
P13569	I1167D	0.9347	pathogenic
P13569	I1167E	0.8271	pathogenic
P13569	I1167F	0.4532	ambiguous
P13569	I1167G	0.8398	pathogenic
P13569	I1167H	0.8425	pathogenic
P13569	I1167K	0.6998	pathogenic
P13569	I1167L	0.1827	benign
P13569	I1167M	0.1184	benign
P13569	I1167N	0.6308	pathogenic
P13569	I1167P	0.9408	pathogenic
P13569	I1167Q	0.7286	pathogenic
P13569	I1167R	0.5306	ambiguous
P13569	I1167S	0.3517	ambiguous
P13569	I1167T	0.1205	benign
P13569	I1167V	0.1175	benign
P13569	I1167W	0.9115	pathogenic
P13569	I1167Y	0.8436	pathogenic
P13569	D1168A	0.4882	ambiguous
P13569	D1168C	0.8843	pathogenic
P13569	D1168E	0.5	ambiguous
P13569	D1168F	0.9093	pathogenic
P13569	D1168G	0.4164	ambiguous
P13569	D1168H	0.6037	pathogenic
P13569	D1168I	0.8261	pathogenic
P13569	D1168K	0.782	pathogenic
P13569	D1168L	0.7998	pathogenic
P13569	D1168M	0.9357	pathogenic
P13569	D1168N	0.2061	benign
P13569	D1168P	0.9637	pathogenic
P13569	D1168Q	0.7515	pathogenic
P13569	D1168R	0.7448	pathogenic
P13569	D1168S	0.2987	benign
P13569	D1168T	0.6181	pathogenic
P13569	D1168V	0.626	pathogenic
P13569	D1168W	0.9783	pathogenic
P13569	D1168Y	0.5224	ambiguous
P13569	M1169A	0.6298	pathogenic
P13569	M1169C	0.8359	pathogenic
P13569	M1169D	0.9499	pathogenic
P13569	M1169E	0.7958	pathogenic
P13569	M1169F	0.3897	ambiguous
P13569	M1169G	0.8433	pathogenic
P13569	M1169H	0.7672	pathogenic
P13569	M1169I	0.2583	benign
P13569	M1169K	0.4194	ambiguous
P13569	M1169L	0.0966	benign
P13569	M1169N	0.7893	pathogenic
P13569	M1169P	0.9546	pathogenic
P13569	M1169Q	0.5546	ambiguous
P13569	M1169R	0.4343	ambiguous
P13569	M1169S	0.7014	pathogenic
P13569	M1169T	0.4205	ambiguous
P13569	M1169V	0.1368	benign
P13569	M1169W	0.7675	pathogenic
P13569	M1169Y	0.7083	pathogenic
P13569	P1170A	0.0863	benign
P13569	P1170C	0.3529	ambiguous
P13569	P1170D	0.2723	benign
P13569	P1170E	0.1656	benign
P13569	P1170F	0.3755	ambiguous
P13569	P1170G	0.277	benign
P13569	P1170H	0.1362	benign
P13569	P1170I	0.2302	benign
P13569	P1170K	0.1558	benign
P13569	P1170L	0.1143	benign
P13569	P1170M	0.2608	benign
P13569	P1170N	0.2258	benign
P13569	P1170Q	0.1068	benign
P13569	P1170R	0.1224	benign
P13569	P1170S	0.1161	benign
P13569	P1170T	0.0929	benign
P13569	P1170V	0.1809	benign
P13569	P1170W	0.4947	ambiguous
P13569	P1170Y	0.3059	benign
P13569	T1171A	0.0611	benign
P13569	T1171C	0.2648	benign
P13569	T1171D	0.1927	benign
P13569	T1171E	0.1064	benign
P13569	T1171F	0.1534	benign
P13569	T1171G	0.1472	benign
P13569	T1171H	0.1541	benign
P13569	T1171I	0.0861	benign
P13569	T1171K	0.073	benign
P13569	T1171L	0.0718	benign
P13569	T1171M	0.0756	benign
P13569	T1171N	0.1006	benign
P13569	T1171P	0.0871	benign
P13569	T1171Q	0.1058	benign
P13569	T1171R	0.0672	benign
P13569	T1171S	0.0906	benign
P13569	T1171V	0.0814	benign
P13569	T1171W	0.3731	ambiguous
P13569	T1171Y	0.1815	benign
P13569	E1172A	0.4512	ambiguous
P13569	E1172C	0.939	pathogenic
P13569	E1172D	0.5164	ambiguous
P13569	E1172F	0.9596	pathogenic
P13569	E1172G	0.464	ambiguous
P13569	E1172H	0.8584	pathogenic
P13569	E1172I	0.7815	pathogenic
P13569	E1172K	0.4592	ambiguous
P13569	E1172L	0.8482	pathogenic
P13569	E1172M	0.8462	pathogenic
P13569	E1172N	0.7805	pathogenic
P13569	E1172P	0.8894	pathogenic
P13569	E1172Q	0.4332	ambiguous
P13569	E1172R	0.5856	pathogenic
P13569	E1172S	0.5859	pathogenic
P13569	E1172T	0.6503	pathogenic
P13569	E1172V	0.5971	pathogenic
P13569	E1172W	0.9829	pathogenic
P13569	E1172Y	0.9247	pathogenic
P13569	G1173A	0.0778	benign
P13569	G1173C	0.1015	benign
P13569	G1173D	0.082	benign
P13569	G1173E	0.0714	benign
P13569	G1173F	0.2586	benign
P13569	G1173H	0.1741	benign
P13569	G1173I	0.1128	benign
P13569	G1173K	0.1415	benign
P13569	G1173L	0.1747	benign
P13569	G1173M	0.2013	benign
P13569	G1173N	0.1207	benign
P13569	G1173P	0.3329	benign
P13569	G1173Q	0.1314	benign
P13569	G1173R	0.1117	benign
P13569	G1173S	0.0697	benign
P13569	G1173T	0.0874	benign
P13569	G1173V	0.0893	benign
P13569	G1173W	0.193	benign
P13569	G1173Y	0.1555	benign
P13569	K1174A	0.1145	benign
P13569	K1174C	0.2897	benign
P13569	K1174D	0.1557	benign
P13569	K1174E	0.0712	benign
P13569	K1174F	0.2168	benign
P13569	K1174G	0.1459	benign
P13569	K1174H	0.1445	benign
P13569	K1174I	0.0862	benign
P13569	K1174L	0.096	benign
P13569	K1174M	0.0852	benign
P13569	K1174N	0.0945	benign
P13569	K1174P	0.2212	benign
P13569	K1174Q	0.0851	benign
P13569	K1174R	0.0742	benign
P13569	K1174S	0.1056	benign
P13569	K1174T	0.0736	benign
P13569	K1174V	0.1017	benign
P13569	K1174W	0.4069	ambiguous
P13569	K1174Y	0.1913	benign
P13569	P1175A	0.0608	benign
P13569	P1175C	0.139	benign
P13569	P1175D	0.1374	benign
P13569	P1175E	0.1176	benign
P13569	P1175F	0.1419	benign
P13569	P1175G	0.1306	benign
P13569	P1175H	0.0789	benign
P13569	P1175I	0.106	benign
P13569	P1175K	0.1091	benign
P13569	P1175L	0.0702	benign
P13569	P1175M	0.1293	benign
P13569	P1175N	0.1112	benign
P13569	P1175Q	0.0852	benign
P13569	P1175R	0.092	benign
P13569	P1175S	0.0713	benign
P13569	P1175T	0.0604	benign
P13569	P1175V	0.0947	benign
P13569	P1175W	0.2108	benign
P13569	P1175Y	0.1106	benign
P13569	T1176A	0.0606	benign
P13569	T1176C	0.1927	benign
P13569	T1176D	0.1389	benign
P13569	T1176E	0.1101	benign
P13569	T1176F	0.1161	benign
P13569	T1176G	0.1181	benign
P13569	T1176H	0.1274	benign
P13569	T1176I	0.0781	benign
P13569	T1176K	0.0949	benign
P13569	T1176L	0.0706	benign
P13569	T1176M	0.0791	benign
P13569	T1176N	0.0777	benign
P13569	T1176P	0.0747	benign
P13569	T1176Q	0.1123	benign
P13569	T1176R	0.0801	benign
P13569	T1176S	0.0796	benign
P13569	T1176V	0.0768	benign
P13569	T1176W	0.2724	benign
P13569	T1176Y	0.1244	benign
P13569	K1177A	0.105	benign
P13569	K1177C	0.342	ambiguous
P13569	K1177D	0.1607	benign
P13569	K1177E	0.0713	benign
P13569	K1177F	0.2876	benign
P13569	K1177G	0.1335	benign
P13569	K1177H	0.1611	benign
P13569	K1177I	0.1053	benign
P13569	K1177L	0.1264	benign
P13569	K1177M	0.1062	benign
P13569	K1177N	0.1101	benign
P13569	K1177P	0.1908	benign
P13569	K1177Q	0.09	benign
P13569	K1177R	0.0721	benign
P13569	K1177S	0.1171	benign
P13569	K1177T	0.0742	benign
P13569	K1177V	0.1107	benign
P13569	K1177W	0.4257	ambiguous
P13569	K1177Y	0.2338	benign
P13569	S1178A	0.0643	benign
P13569	S1178C	0.0749	benign
P13569	S1178D	0.1228	benign
P13569	S1178E	0.159	benign
P13569	S1178F	0.0932	benign
P13569	S1178G	0.0779	benign
P13569	S1178H	0.1372	benign
P13569	S1178I	0.0855	benign
P13569	S1178K	0.208	benign
P13569	S1178L	0.0706	benign
P13569	S1178M	0.1272	benign
P13569	S1178N	0.0801	benign
P13569	S1178P	0.0673	benign
P13569	S1178Q	0.1943	benign
P13569	S1178R	0.1796	benign
P13569	S1178T	0.069	benign
P13569	S1178V	0.093	benign
P13569	S1178W	0.1501	benign
P13569	S1178Y	0.0752	benign
P13569	T1179A	0.0641	benign
P13569	T1179C	0.2022	benign
P13569	T1179D	0.1366	benign
P13569	T1179E	0.1105	benign
P13569	T1179F	0.1034	benign
P13569	T1179G	0.1231	benign
P13569	T1179H	0.1147	benign
P13569	T1179I	0.0661	benign
P13569	T1179K	0.083	benign
P13569	T1179L	0.0674	benign
P13569	T1179M	0.0727	benign
P13569	T1179N	0.0741	benign
P13569	T1179P	0.0708	benign
P13569	T1179Q	0.1067	benign
P13569	T1179R	0.0673	benign
P13569	T1179S	0.0805	benign
P13569	T1179V	0.0723	benign
P13569	T1179W	0.2406	benign
P13569	T1179Y	0.1145	benign
P13569	K1180A	0.1282	benign
P13569	K1180C	0.3934	ambiguous
P13569	K1180D	0.2053	benign
P13569	K1180E	0.0818	benign
P13569	K1180F	0.308	benign
P13569	K1180G	0.1776	benign
P13569	K1180H	0.1742	benign
P13569	K1180I	0.1111	benign
P13569	K1180L	0.1358	benign
P13569	K1180M	0.1112	benign
P13569	K1180N	0.138	benign
P13569	K1180P	0.2439	benign
P13569	K1180Q	0.0958	benign
P13569	K1180R	0.0753	benign
P13569	K1180S	0.1431	benign
P13569	K1180T	0.0845	benign
P13569	K1180V	0.1239	benign
P13569	K1180W	0.4925	ambiguous
P13569	K1180Y	0.2583	benign
P13569	P1181A	0.0663	benign
P13569	P1181C	0.1574	benign
P13569	P1181D	0.14	benign
P13569	P1181E	0.1235	benign
P13569	P1181F	0.1654	benign
P13569	P1181G	0.1382	benign
P13569	P1181H	0.0865	benign
P13569	P1181I	0.1155	benign
P13569	P1181K	0.1175	benign
P13569	P1181L	0.0722	benign
P13569	P1181M	0.1507	benign
P13569	P1181N	0.1172	benign
P13569	P1181Q	0.0919	benign
P13569	P1181R	0.0918	benign
P13569	P1181S	0.0727	benign
P13569	P1181T	0.0634	benign
P13569	P1181V	0.1058	benign
P13569	P1181W	0.2316	benign
P13569	P1181Y	0.1412	benign
P13569	Y1182A	0.0821	benign
P13569	Y1182C	0.0484	benign
P13569	Y1182D	0.062	benign
P13569	Y1182E	0.1309	benign
P13569	Y1182F	0.079	benign
P13569	Y1182G	0.0775	benign
P13569	Y1182H	0.0752	benign
P13569	Y1182I	0.1039	benign
P13569	Y1182K	0.1215	benign
P13569	Y1182L	0.1168	benign
P13569	Y1182M	0.1984	benign
P13569	Y1182N	0.0524	benign
P13569	Y1182P	0.1124	benign
P13569	Y1182Q	0.1107	benign
P13569	Y1182R	0.0864	benign
P13569	Y1182S	0.0462	benign
P13569	Y1182T	0.0791	benign
P13569	Y1182V	0.0944	benign
P13569	Y1182W	0.1879	benign
P13569	K1183A	0.1457	benign
P13569	K1183C	0.3518	ambiguous
P13569	K1183D	0.1904	benign
P13569	K1183E	0.0747	benign
P13569	K1183F	0.3818	ambiguous
P13569	K1183G	0.1472	benign
P13569	K1183H	0.1671	benign
P13569	K1183I	0.1494	benign
P13569	K1183L	0.1653	benign
P13569	K1183M	0.1323	benign
P13569	K1183N	0.1416	benign
P13569	K1183P	0.2471	benign
P13569	K1183Q	0.0875	benign
P13569	K1183R	0.0682	benign
P13569	K1183S	0.1403	benign
P13569	K1183T	0.0951	benign
P13569	K1183V	0.159	benign
P13569	K1183W	0.4294	ambiguous
P13569	K1183Y	0.2891	benign
P13569	N1184A	0.0925	benign
P13569	N1184C	0.1272	benign
P13569	N1184D	0.055	benign
P13569	N1184E	0.1003	benign
P13569	N1184F	0.2192	benign
P13569	N1184G	0.1036	benign
P13569	N1184H	0.0746	benign
P13569	N1184I	0.0907	benign
P13569	N1184K	0.0903	benign
P13569	N1184L	0.1158	benign
P13569	N1184M	0.1663	benign
P13569	N1184P	0.186	benign
P13569	N1184Q	0.1321	benign
P13569	N1184R	0.1086	benign
P13569	N1184S	0.067	benign
P13569	N1184T	0.077	benign
P13569	N1184V	0.0895	benign
P13569	N1184W	0.3909	ambiguous
P13569	N1184Y	0.0743	benign
P13569	G1185A	0.0813	benign
P13569	G1185C	0.0791	benign
P13569	G1185D	0.0626	benign
P13569	G1185E	0.0801	benign
P13569	G1185F	0.1796	benign
P13569	G1185H	0.1001	benign
P13569	G1185I	0.0925	benign
P13569	G1185K	0.1062	benign
P13569	G1185L	0.1423	benign
P13569	G1185M	0.1844	benign
P13569	G1185N	0.0965	benign
P13569	G1185P	0.2301	benign
P13569	G1185Q	0.1059	benign
P13569	G1185R	0.078	benign
P13569	G1185S	0.067	benign
P13569	G1185T	0.0832	benign
P13569	G1185V	0.0801	benign
P13569	G1185W	0.1522	benign
P13569	G1185Y	0.1038	benign
P13569	Q1186A	0.1096	benign
P13569	Q1186C	0.2433	benign
P13569	Q1186D	0.1201	benign
P13569	Q1186E	0.0648	benign
P13569	Q1186F	0.2708	benign
P13569	Q1186G	0.1222	benign
P13569	Q1186H	0.0946	benign
P13569	Q1186I	0.1427	benign
P13569	Q1186K	0.0684	benign
P13569	Q1186L	0.0765	benign
P13569	Q1186M	0.1803	benign
P13569	Q1186N	0.1148	benign
P13569	Q1186P	0.0614	benign
P13569	Q1186R	0.0777	benign
P13569	Q1186S	0.0953	benign
P13569	Q1186T	0.098	benign
P13569	Q1186V	0.1241	benign
P13569	Q1186W	0.2162	benign
P13569	Q1186Y	0.1726	benign
P13569	L1187A	0.1082	benign
P13569	L1187C	0.1978	benign
P13569	L1187D	0.1967	benign
P13569	L1187E	0.1353	benign
P13569	L1187F	0.0706	benign
P13569	L1187G	0.1826	benign
P13569	L1187H	0.0934	benign
P13569	L1187I	0.0718	benign
P13569	L1187K	0.1162	benign
P13569	L1187M	0.0931	benign
P13569	L1187N	0.1303	benign
P13569	L1187P	0.0692	benign
P13569	L1187Q	0.0877	benign
P13569	L1187R	0.0913	benign
P13569	L1187S	0.0899	benign
P13569	L1187T	0.1043	benign
P13569	L1187V	0.0757	benign
P13569	L1187W	0.1148	benign
P13569	L1187Y	0.1282	benign
P13569	S1188A	0.082	benign
P13569	S1188C	0.1031	benign
P13569	S1188D	0.2047	benign
P13569	S1188E	0.2426	benign
P13569	S1188F	0.1636	benign
P13569	S1188G	0.0991	benign
P13569	S1188H	0.2175	benign
P13569	S1188I	0.2011	benign
P13569	S1188K	0.3761	ambiguous
P13569	S1188L	0.0954	benign
P13569	S1188M	0.2141	benign
P13569	S1188N	0.1366	benign
P13569	S1188P	0.0725	benign
P13569	S1188Q	0.2988	benign
P13569	S1188R	0.3321	benign
P13569	S1188T	0.088	benign
P13569	S1188V	0.1845	benign
P13569	S1188W	0.209	benign
P13569	S1188Y	0.1223	benign
P13569	K1189A	0.1161	benign
P13569	K1189C	0.3731	ambiguous
P13569	K1189D	0.1079	benign
P13569	K1189E	0.057	benign
P13569	K1189F	0.4438	ambiguous
P13569	K1189G	0.1247	benign
P13569	K1189H	0.1507	benign
P13569	K1189I	0.2125	benign
P13569	K1189L	0.1842	benign
P13569	K1189M	0.146	benign
P13569	K1189N	0.0992	benign
P13569	K1189P	0.1784	benign
P13569	K1189Q	0.0922	benign
P13569	K1189R	0.0784	benign
P13569	K1189S	0.1138	benign
P13569	K1189T	0.0807	benign
P13569	K1189V	0.1748	benign
P13569	K1189W	0.4883	ambiguous
P13569	K1189Y	0.3052	benign
P13569	V1190A	0.1125	benign
P13569	V1190C	0.6038	pathogenic
P13569	V1190D	0.1339	benign
P13569	V1190E	0.15	benign
P13569	V1190F	0.1218	benign
P13569	V1190G	0.1146	benign
P13569	V1190H	0.4031	ambiguous
P13569	V1190I	0.0857	benign
P13569	V1190K	0.233	benign
P13569	V1190L	0.1775	benign
P13569	V1190M	0.1218	benign
P13569	V1190N	0.1433	benign
P13569	V1190P	0.2716	benign
P13569	V1190Q	0.277	benign
P13569	V1190R	0.2396	benign
P13569	V1190S	0.1426	benign
P13569	V1190T	0.1347	benign
P13569	V1190W	0.6524	pathogenic
P13569	V1190Y	0.3403	ambiguous
P13569	M1191A	0.172	benign
P13569	M1191C	0.5376	ambiguous
P13569	M1191D	0.4189	ambiguous
P13569	M1191E	0.2168	benign
P13569	M1191F	0.2453	benign
P13569	M1191G	0.3208	benign
P13569	M1191H	0.3093	benign
P13569	M1191I	0.1736	benign
P13569	M1191K	0.1025	benign
P13569	M1191L	0.0776	benign
P13569	M1191N	0.235	benign
P13569	M1191P	0.3375	benign
P13569	M1191Q	0.1748	benign
P13569	M1191R	0.1026	benign
P13569	M1191S	0.2035	benign
P13569	M1191T	0.0881	benign
P13569	M1191V	0.0781	benign
P13569	M1191W	0.4397	ambiguous
P13569	M1191Y	0.3959	ambiguous
P13569	I1192A	0.3124	benign
P13569	I1192C	0.5575	ambiguous
P13569	I1192D	0.5216	ambiguous
P13569	I1192E	0.443	ambiguous
P13569	I1192F	0.1269	benign
P13569	I1192G	0.5354	ambiguous
P13569	I1192H	0.4351	ambiguous
P13569	I1192K	0.3143	benign
P13569	I1192L	0.1119	benign
P13569	I1192M	0.0901	benign
P13569	I1192N	0.1989	benign
P13569	I1192P	0.5436	ambiguous
P13569	I1192Q	0.3904	ambiguous
P13569	I1192R	0.2323	benign
P13569	I1192S	0.2915	benign
P13569	I1192T	0.2225	benign
P13569	I1192V	0.0681	benign
P13569	I1192W	0.6999	pathogenic
P13569	I1192Y	0.4023	ambiguous
P13569	I1193A	0.1237	benign
P13569	I1193C	0.4721	ambiguous
P13569	I1193D	0.421	ambiguous
P13569	I1193E	0.2771	benign
P13569	I1193F	0.0932	benign
P13569	I1193G	0.3799	ambiguous
P13569	I1193H	0.2907	benign
P13569	I1193K	0.1756	benign
P13569	I1193L	0.0845	benign
P13569	I1193M	0.0736	benign
P13569	I1193N	0.1968	benign
P13569	I1193P	0.3214	benign
P13569	I1193Q	0.2295	benign
P13569	I1193R	0.1107	benign
P13569	I1193S	0.1548	benign
P13569	I1193T	0.0612	benign
P13569	I1193V	0.0812	benign
P13569	I1193W	0.4323	ambiguous
P13569	I1193Y	0.3194	benign
P13569	E1194A	0.1516	benign
P13569	E1194C	0.7133	pathogenic
P13569	E1194D	0.1303	benign
P13569	E1194F	0.7035	pathogenic
P13569	E1194G	0.0937	benign
P13569	E1194H	0.3408	ambiguous
P13569	E1194I	0.4031	ambiguous
P13569	E1194K	0.0773	benign
P13569	E1194L	0.3844	ambiguous
P13569	E1194M	0.4376	ambiguous
P13569	E1194N	0.2087	benign
P13569	E1194P	0.3021	benign
P13569	E1194Q	0.1163	benign
P13569	E1194R	0.1405	benign
P13569	E1194S	0.1718	benign
P13569	E1194T	0.1897	benign
P13569	E1194V	0.2629	benign
P13569	E1194W	0.7691	pathogenic
P13569	E1194Y	0.5234	ambiguous
P13569	N1195A	0.662	pathogenic
P13569	N1195C	0.6711	pathogenic
P13569	N1195D	0.3288	benign
P13569	N1195E	0.7044	pathogenic
P13569	N1195F	0.8651	pathogenic
P13569	N1195G	0.6702	pathogenic
P13569	N1195H	0.3686	ambiguous
P13569	N1195I	0.4867	ambiguous
P13569	N1195K	0.6359	pathogenic
P13569	N1195L	0.638	pathogenic
P13569	N1195M	0.6635	pathogenic
P13569	N1195P	0.7984	pathogenic
P13569	N1195Q	0.7702	pathogenic
P13569	N1195R	0.7352	pathogenic
P13569	N1195S	0.3292	benign
P13569	N1195T	0.4144	ambiguous
P13569	N1195V	0.5664	pathogenic
P13569	N1195W	0.9476	pathogenic
P13569	N1195Y	0.3741	ambiguous
P13569	S1196A	0.0685	benign
P13569	S1196C	0.0736	benign
P13569	S1196D	0.1023	benign
P13569	S1196E	0.0914	benign
P13569	S1196F	0.138	benign
P13569	S1196G	0.0719	benign
P13569	S1196H	0.0754	benign
P13569	S1196I	0.0823	benign
P13569	S1196K	0.0963	benign
P13569	S1196L	0.0698	benign
P13569	S1196M	0.1238	benign
P13569	S1196N	0.0677	benign
P13569	S1196P	0.0596	benign
P13569	S1196Q	0.0835	benign
P13569	S1196R	0.0898	benign
P13569	S1196T	0.0622	benign
P13569	S1196V	0.0947	benign
P13569	S1196W	0.1101	benign
P13569	S1196Y	0.0836	benign
P13569	H1197A	0.152	benign
P13569	H1197C	0.1083	benign
P13569	H1197D	0.0993	benign
P13569	H1197E	0.1741	benign
P13569	H1197F	0.1845	benign
P13569	H1197G	0.1609	benign
P13569	H1197I	0.178	benign
P13569	H1197K	0.1699	benign
P13569	H1197L	0.087	benign
P13569	H1197M	0.3069	benign
P13569	H1197N	0.077	benign
P13569	H1197P	0.1149	benign
P13569	H1197Q	0.1373	benign
P13569	H1197R	0.0897	benign
P13569	H1197S	0.1298	benign
P13569	H1197T	0.1541	benign
P13569	H1197V	0.1593	benign
P13569	H1197W	0.2808	benign
P13569	H1197Y	0.0772	benign
P13569	V1198A	0.0891	benign
P13569	V1198C	0.459	ambiguous
P13569	V1198D	0.1685	benign
P13569	V1198E	0.1446	benign
P13569	V1198F	0.117	benign
P13569	V1198G	0.0987	benign
P13569	V1198H	0.331	benign
P13569	V1198I	0.078	benign
P13569	V1198K	0.1527	benign
P13569	V1198L	0.1305	benign
P13569	V1198M	0.0948	benign
P13569	V1198N	0.1521	benign
P13569	V1198P	0.2948	benign
P13569	V1198Q	0.1693	benign
P13569	V1198R	0.1339	benign
P13569	V1198S	0.1118	benign
P13569	V1198T	0.1084	benign
P13569	V1198W	0.5501	ambiguous
P13569	V1198Y	0.343	ambiguous
P13569	K1199A	0.1614	benign
P13569	K1199C	0.3708	ambiguous
P13569	K1199D	0.2116	benign
P13569	K1199E	0.0752	benign
P13569	K1199F	0.4305	ambiguous
P13569	K1199G	0.1702	benign
P13569	K1199H	0.1789	benign
P13569	K1199I	0.1743	benign
P13569	K1199L	0.1596	benign
P13569	K1199M	0.1275	benign
P13569	K1199N	0.1377	benign
P13569	K1199P	0.29	benign
P13569	K1199Q	0.0832	benign
P13569	K1199R	0.072	benign
P13569	K1199S	0.1604	benign
P13569	K1199T	0.1036	benign
P13569	K1199V	0.1706	benign
P13569	K1199W	0.4505	ambiguous
P13569	K1199Y	0.3187	benign
P13569	K1200A	0.1427	benign
P13569	K1200C	0.4368	ambiguous
P13569	K1200D	0.1615	benign
P13569	K1200E	0.0653	benign
P13569	K1200F	0.4452	ambiguous
P13569	K1200G	0.1541	benign
P13569	K1200H	0.2033	benign
P13569	K1200I	0.1736	benign
P13569	K1200L	0.1793	benign
P13569	K1200M	0.1212	benign
P13569	K1200N	0.116	benign
P13569	K1200P	0.2704	benign
P13569	K1200Q	0.0971	benign
P13569	K1200R	0.0846	benign
P13569	K1200S	0.1461	benign
P13569	K1200T	0.0854	benign
P13569	K1200V	0.1634	benign
P13569	K1200W	0.5277	ambiguous
P13569	K1200Y	0.3309	benign
P13569	D1201A	0.0797	benign
P13569	D1201C	0.2062	benign
P13569	D1201E	0.0887	benign
P13569	D1201F	0.2731	benign
P13569	D1201G	0.0672	benign
P13569	D1201H	0.1133	benign
P13569	D1201I	0.1481	benign
P13569	D1201K	0.1169	benign
P13569	D1201L	0.1693	benign
P13569	D1201M	0.2649	benign
P13569	D1201N	0.0706	benign
P13569	D1201P	0.2545	benign
P13569	D1201Q	0.137	benign
P13569	D1201R	0.1258	benign
P13569	D1201S	0.0742	benign
P13569	D1201T	0.1017	benign
P13569	D1201V	0.0951	benign
P13569	D1201W	0.4906	ambiguous
P13569	D1201Y	0.0965	benign
P13569	D1202A	0.089	benign
P13569	D1202C	0.2004	benign
P13569	D1202E	0.1136	benign
P13569	D1202F	0.2356	benign
P13569	D1202G	0.0745	benign
P13569	D1202H	0.1029	benign
P13569	D1202I	0.13	benign
P13569	D1202K	0.1327	benign
P13569	D1202L	0.1705	benign
P13569	D1202M	0.2811	benign
P13569	D1202N	0.0681	benign
P13569	D1202P	0.3122	benign
P13569	D1202Q	0.156	benign
P13569	D1202R	0.1311	benign
P13569	D1202S	0.0766	benign
P13569	D1202T	0.1067	benign
P13569	D1202V	0.0972	benign
P13569	D1202W	0.547	ambiguous
P13569	D1202Y	0.0931	benign
P13569	I1203A	0.1085	benign
P13569	I1203C	0.2263	benign
P13569	I1203D	0.1456	benign
P13569	I1203E	0.1692	benign
P13569	I1203F	0.0755	benign
P13569	I1203G	0.1932	benign
P13569	I1203H	0.1359	benign
P13569	I1203K	0.1104	benign
P13569	I1203L	0.0768	benign
P13569	I1203M	0.0777	benign
P13569	I1203N	0.0609	benign
P13569	I1203P	0.2227	benign
P13569	I1203Q	0.1449	benign
P13569	I1203R	0.0849	benign
P13569	I1203S	0.0795	benign
P13569	I1203T	0.077	benign
P13569	I1203V	0.0639	benign
P13569	I1203W	0.38	ambiguous
P13569	I1203Y	0.178	benign
P13569	W1204A	0.92	pathogenic
P13569	W1204C	0.9422	pathogenic
P13569	W1204D	0.9847	pathogenic
P13569	W1204E	0.9824	pathogenic
P13569	W1204F	0.4351	ambiguous
P13569	W1204G	0.8271	pathogenic
P13569	W1204H	0.9445	pathogenic
P13569	W1204I	0.8407	pathogenic
P13569	W1204K	0.9836	pathogenic
P13569	W1204L	0.6752	pathogenic
P13569	W1204M	0.9073	pathogenic
P13569	W1204N	0.9779	pathogenic
P13569	W1204P	0.9674	pathogenic
P13569	W1204Q	0.9781	pathogenic
P13569	W1204R	0.9703	pathogenic
P13569	W1204S	0.8289	pathogenic
P13569	W1204T	0.8918	pathogenic
P13569	W1204V	0.8597	pathogenic
P13569	W1204Y	0.7211	pathogenic
P13569	P1205A	0.7777	pathogenic
P13569	P1205C	0.962	pathogenic
P13569	P1205D	0.9888	pathogenic
P13569	P1205E	0.972	pathogenic
P13569	P1205F	0.9789	pathogenic
P13569	P1205G	0.9664	pathogenic
P13569	P1205H	0.9279	pathogenic
P13569	P1205I	0.9034	pathogenic
P13569	P1205K	0.9661	pathogenic
P13569	P1205L	0.698	pathogenic
P13569	P1205M	0.9465	pathogenic
P13569	P1205N	0.9825	pathogenic
P13569	P1205Q	0.9338	pathogenic
P13569	P1205R	0.9071	pathogenic
P13569	P1205S	0.9403	pathogenic
P13569	P1205T	0.878	pathogenic
P13569	P1205V	0.8557	pathogenic
P13569	P1205W	0.9922	pathogenic
P13569	P1205Y	0.977	pathogenic
P13569	S1206A	0.0702	benign
P13569	S1206C	0.1102	benign
P13569	S1206D	0.3472	ambiguous
P13569	S1206E	0.365	ambiguous
P13569	S1206F	0.1344	benign
P13569	S1206G	0.1161	benign
P13569	S1206H	0.2765	benign
P13569	S1206I	0.1574	benign
P13569	S1206K	0.4251	ambiguous
P13569	S1206L	0.0723	benign
P13569	S1206M	0.1926	benign
P13569	S1206N	0.1797	benign
P13569	S1206P	0.3524	ambiguous
P13569	S1206Q	0.3973	ambiguous
P13569	S1206R	0.3422	ambiguous
P13569	S1206T	0.0852	benign
P13569	S1206V	0.1546	benign
P13569	S1206W	0.2487	benign
P13569	S1206Y	0.1376	benign
P13569	G1207A	0.1179	benign
P13569	G1207C	0.1748	benign
P13569	G1207D	0.2267	benign
P13569	G1207E	0.1682	benign
P13569	G1207F	0.4926	ambiguous
P13569	G1207H	0.26	benign
P13569	G1207I	0.2852	benign
P13569	G1207K	0.1827	benign
P13569	G1207L	0.3797	ambiguous
P13569	G1207M	0.4061	ambiguous
P13569	G1207N	0.2845	benign
P13569	G1207P	0.9052	pathogenic
P13569	G1207Q	0.1986	benign
P13569	G1207R	0.1237	benign
P13569	G1207S	0.1055	benign
P13569	G1207T	0.1584	benign
P13569	G1207V	0.201	benign
P13569	G1207W	0.3558	ambiguous
P13569	G1207Y	0.352	ambiguous
P13569	G1208A	0.6419	pathogenic
P13569	G1208C	0.743	pathogenic
P13569	G1208D	0.962	pathogenic
P13569	G1208E	0.9574	pathogenic
P13569	G1208F	0.9626	pathogenic
P13569	G1208H	0.9709	pathogenic
P13569	G1208I	0.9303	pathogenic
P13569	G1208K	0.9717	pathogenic
P13569	G1208L	0.9519	pathogenic
P13569	G1208M	0.96	pathogenic
P13569	G1208N	0.9529	pathogenic
P13569	G1208P	0.9879	pathogenic
P13569	G1208Q	0.954	pathogenic
P13569	G1208R	0.9196	pathogenic
P13569	G1208S	0.5377	ambiguous
P13569	G1208T	0.8767	pathogenic
P13569	G1208V	0.8962	pathogenic
P13569	G1208W	0.9199	pathogenic
P13569	G1208Y	0.9508	pathogenic
P13569	Q1209A	0.1922	benign
P13569	Q1209C	0.338	benign
P13569	Q1209D	0.3529	ambiguous
P13569	Q1209E	0.0831	benign
P13569	Q1209F	0.4368	ambiguous
P13569	Q1209G	0.1964	benign
P13569	Q1209H	0.1421	benign
P13569	Q1209I	0.2719	benign
P13569	Q1209K	0.0788	benign
P13569	Q1209L	0.1054	benign
P13569	Q1209M	0.2429	benign
P13569	Q1209N	0.2426	benign
P13569	Q1209P	0.5396	ambiguous
P13569	Q1209R	0.0815	benign
P13569	Q1209S	0.2231	benign
P13569	Q1209T	0.1879	benign
P13569	Q1209V	0.2052	benign
P13569	Q1209W	0.3059	benign
P13569	Q1209Y	0.2574	benign
P13569	M1210A	0.8915	pathogenic
P13569	M1210C	0.9128	pathogenic
P13569	M1210D	0.9976	pathogenic
P13569	M1210E	0.9788	pathogenic
P13569	M1210F	0.5306	ambiguous
P13569	M1210G	0.9746	pathogenic
P13569	M1210H	0.9782	pathogenic
P13569	M1210I	0.3561	ambiguous
P13569	M1210K	0.9133	pathogenic
P13569	M1210L	0.153	benign
P13569	M1210N	0.9777	pathogenic
P13569	M1210P	0.9958	pathogenic
P13569	M1210Q	0.9206	pathogenic
P13569	M1210R	0.9151	pathogenic
P13569	M1210S	0.9654	pathogenic
P13569	M1210T	0.892	pathogenic
P13569	M1210V	0.1712	benign
P13569	M1210W	0.9339	pathogenic
P13569	M1210Y	0.9041	pathogenic
P13569	T1211A	0.0865	benign
P13569	T1211C	0.2866	benign
P13569	T1211D	0.2159	benign
P13569	T1211E	0.1712	benign
P13569	T1211F	0.1253	benign
P13569	T1211G	0.2581	benign
P13569	T1211H	0.1444	benign
P13569	T1211I	0.0712	benign
P13569	T1211K	0.1233	benign
P13569	T1211L	0.0734	benign
P13569	T1211M	0.0715	benign
P13569	T1211N	0.091	benign
P13569	T1211P	0.4534	ambiguous
P13569	T1211Q	0.1554	benign
P13569	T1211R	0.0914	benign
P13569	T1211S	0.1068	benign
P13569	T1211V	0.084	benign
P13569	T1211W	0.369	ambiguous
P13569	T1211Y	0.1714	benign
P13569	V1212A	0.5721	pathogenic
P13569	V1212C	0.8623	pathogenic
P13569	V1212D	0.9788	pathogenic
P13569	V1212E	0.9611	pathogenic
P13569	V1212F	0.4592	ambiguous
P13569	V1212G	0.7659	pathogenic
P13569	V1212H	0.9802	pathogenic
P13569	V1212I	0.0775	benign
P13569	V1212K	0.9733	pathogenic
P13569	V1212L	0.3734	ambiguous
P13569	V1212M	0.3137	benign
P13569	V1212N	0.937	pathogenic
P13569	V1212P	0.9751	pathogenic
P13569	V1212Q	0.9535	pathogenic
P13569	V1212R	0.9496	pathogenic
P13569	V1212S	0.8279	pathogenic
P13569	V1212T	0.7328	pathogenic
P13569	V1212W	0.9762	pathogenic
P13569	V1212Y	0.9275	pathogenic
P13569	K1213A	0.2332	benign
P13569	K1213C	0.4687	ambiguous
P13569	K1213D	0.399	ambiguous
P13569	K1213E	0.1034	benign
P13569	K1213F	0.5729	pathogenic
P13569	K1213G	0.3122	benign
P13569	K1213H	0.2224	benign
P13569	K1213I	0.2231	benign
P13569	K1213L	0.2573	benign
P13569	K1213M	0.151	benign
P13569	K1213N	0.2162	benign
P13569	K1213P	0.8703	pathogenic
P13569	K1213Q	0.1052	benign
P13569	K1213R	0.0764	benign
P13569	K1213S	0.226	benign
P13569	K1213T	0.0981	benign
P13569	K1213V	0.231	benign
P13569	K1213W	0.5705	pathogenic
P13569	K1213Y	0.4487	ambiguous
P13569	D1214A	0.1486	benign
P13569	D1214C	0.3921	ambiguous
P13569	D1214E	0.1989	benign
P13569	D1214F	0.4112	ambiguous
P13569	D1214G	0.0774	benign
P13569	D1214H	0.1924	benign
P13569	D1214I	0.3795	ambiguous
P13569	D1214K	0.309	benign
P13569	D1214L	0.3613	ambiguous
P13569	D1214M	0.5542	ambiguous
P13569	D1214N	0.0678	benign
P13569	D1214P	0.8594	pathogenic
P13569	D1214Q	0.2852	benign
P13569	D1214R	0.2995	benign
P13569	D1214S	0.1086	benign
P13569	D1214T	0.2531	benign
P13569	D1214V	0.2336	benign
P13569	D1214W	0.7643	pathogenic
P13569	D1214Y	0.1222	benign
P13569	L1215A	0.831	pathogenic
P13569	L1215C	0.7768	pathogenic
P13569	L1215D	0.9965	pathogenic
P13569	L1215E	0.9768	pathogenic
P13569	L1215F	0.3667	ambiguous
P13569	L1215G	0.9687	pathogenic
P13569	L1215H	0.9321	pathogenic
P13569	L1215I	0.1247	benign
P13569	L1215K	0.9607	pathogenic
P13569	L1215M	0.1794	benign
P13569	L1215N	0.976	pathogenic
P13569	L1215P	0.9924	pathogenic
P13569	L1215Q	0.9083	pathogenic
P13569	L1215R	0.9332	pathogenic
P13569	L1215S	0.9414	pathogenic
P13569	L1215T	0.7962	pathogenic
P13569	L1215V	0.1403	benign
P13569	L1215W	0.8177	pathogenic
P13569	L1215Y	0.8765	pathogenic
P13569	T1216A	0.1062	benign
P13569	T1216C	0.3546	ambiguous
P13569	T1216D	0.5012	ambiguous
P13569	T1216E	0.3907	ambiguous
P13569	T1216F	0.2631	benign
P13569	T1216G	0.3328	benign
P13569	T1216H	0.2308	benign
P13569	T1216I	0.1893	benign
P13569	T1216K	0.1878	benign
P13569	T1216L	0.1375	benign
P13569	T1216M	0.1021	benign
P13569	T1216N	0.1643	benign
P13569	T1216P	0.5562	ambiguous
P13569	T1216Q	0.2313	benign
P13569	T1216R	0.133	benign
P13569	T1216S	0.1191	benign
P13569	T1216V	0.1764	benign
P13569	T1216W	0.5928	pathogenic
P13569	T1216Y	0.3052	benign
P13569	A1217C	0.567	pathogenic
P13569	A1217D	0.964	pathogenic
P13569	A1217E	0.9157	pathogenic
P13569	A1217F	0.7957	pathogenic
P13569	A1217G	0.3321	benign
P13569	A1217H	0.9611	pathogenic
P13569	A1217I	0.3716	ambiguous
P13569	A1217K	0.971	pathogenic
P13569	A1217L	0.3973	ambiguous
P13569	A1217M	0.4539	ambiguous
P13569	A1217N	0.8914	pathogenic
P13569	A1217P	0.9491	pathogenic
P13569	A1217Q	0.9019	pathogenic
P13569	A1217R	0.9421	pathogenic
P13569	A1217S	0.1901	benign
P13569	A1217T	0.1389	benign
P13569	A1217V	0.1351	benign
P13569	A1217W	0.9804	pathogenic
P13569	A1217Y	0.9294	pathogenic
P13569	K1218A	0.3125	benign
P13569	K1218C	0.4896	ambiguous
P13569	K1218D	0.6766	pathogenic
P13569	K1218E	0.185	benign
P13569	K1218F	0.6594	pathogenic
P13569	K1218G	0.3617	ambiguous
P13569	K1218H	0.2772	benign
P13569	K1218I	0.2935	benign
P13569	K1218L	0.3183	benign
P13569	K1218M	0.205	benign
P13569	K1218N	0.4186	ambiguous
P13569	K1218P	0.9022	pathogenic
P13569	K1218Q	0.1198	benign
P13569	K1218R	0.0634	benign
P13569	K1218S	0.3397	benign
P13569	K1218T	0.1598	benign
P13569	K1218V	0.2702	benign
P13569	K1218W	0.6408	pathogenic
P13569	K1218Y	0.5016	ambiguous
P13569	Y1219A	0.8113	pathogenic
P13569	Y1219C	0.4509	ambiguous
P13569	Y1219D	0.6397	pathogenic
P13569	Y1219E	0.8798	pathogenic
P13569	Y1219F	0.2016	benign
P13569	Y1219G	0.6774	pathogenic
P13569	Y1219H	0.5384	ambiguous
P13569	Y1219I	0.7741	pathogenic
P13569	Y1219K	0.8902	pathogenic
P13569	Y1219L	0.6601	pathogenic
P13569	Y1219M	0.8149	pathogenic
P13569	Y1219N	0.3873	ambiguous
P13569	Y1219P	0.8583	pathogenic
P13569	Y1219Q	0.848	pathogenic
P13569	Y1219R	0.8085	pathogenic
P13569	Y1219S	0.5761	pathogenic
P13569	Y1219T	0.7817	pathogenic
P13569	Y1219V	0.6632	pathogenic
P13569	Y1219W	0.6918	pathogenic
P13569	T1220A	0.0745	benign
P13569	T1220C	0.2785	benign
P13569	T1220D	0.2283	benign
P13569	T1220E	0.1773	benign
P13569	T1220F	0.139	benign
P13569	T1220G	0.1352	benign
P13569	T1220H	0.1872	benign
P13569	T1220I	0.0681	benign
P13569	T1220K	0.1274	benign
P13569	T1220L	0.0701	benign
P13569	T1220M	0.0721	benign
P13569	T1220N	0.0968	benign
P13569	T1220P	0.1636	benign
P13569	T1220Q	0.1654	benign
P13569	T1220R	0.0931	benign
P13569	T1220S	0.0923	benign
P13569	T1220V	0.0727	benign
P13569	T1220W	0.376	ambiguous
P13569	T1220Y	0.1926	benign
P13569	E1221A	0.0811	benign
P13569	E1221C	0.3527	ambiguous
P13569	E1221D	0.0553	benign
P13569	E1221F	0.3091	benign
P13569	E1221G	0.0714	benign
P13569	E1221H	0.1528	benign
P13569	E1221I	0.1541	benign
P13569	E1221K	0.0794	benign
P13569	E1221L	0.1766	benign
P13569	E1221M	0.2455	benign
P13569	E1221N	0.0763	benign
P13569	E1221P	0.2493	benign
P13569	E1221Q	0.0982	benign
P13569	E1221R	0.1133	benign
P13569	E1221S	0.0763	benign
P13569	E1221T	0.1005	benign
P13569	E1221V	0.1033	benign
P13569	E1221W	0.5363	ambiguous
P13569	E1221Y	0.1919	benign
P13569	G1222A	0.085	benign
P13569	G1222C	0.1253	benign
P13569	G1222D	0.0829	benign
P13569	G1222E	0.1003	benign
P13569	G1222F	0.2966	benign
P13569	G1222H	0.1679	benign
P13569	G1222I	0.1501	benign
P13569	G1222K	0.1612	benign
P13569	G1222L	0.2309	benign
P13569	G1222M	0.2605	benign
P13569	G1222N	0.1196	benign
P13569	G1222P	0.5448	ambiguous
P13569	G1222Q	0.163	benign
P13569	G1222R	0.1245	benign
P13569	G1222S	0.0757	benign
P13569	G1222T	0.0941	benign
P13569	G1222V	0.1103	benign
P13569	G1222W	0.2449	benign
P13569	G1222Y	0.1711	benign
P13569	G1223A	0.1368	benign
P13569	G1223C	0.1817	benign
P13569	G1223D	0.1529	benign
P13569	G1223E	0.1305	benign
P13569	G1223F	0.5024	ambiguous
P13569	G1223H	0.3239	benign
P13569	G1223I	0.2457	benign
P13569	G1223K	0.2351	benign
P13569	G1223L	0.3814	ambiguous
P13569	G1223M	0.3845	ambiguous
P13569	G1223N	0.2141	benign
P13569	G1223P	0.7804	pathogenic
P13569	G1223Q	0.205	benign
P13569	G1223R	0.1705	benign
P13569	G1223S	0.0943	benign
P13569	G1223T	0.1505	benign
P13569	G1223V	0.1848	benign
P13569	G1223W	0.3269	benign
P13569	G1223Y	0.3471	ambiguous
P13569	N1224A	0.1057	benign
P13569	N1224C	0.1383	benign
P13569	N1224D	0.0861	benign
P13569	N1224E	0.1509	benign
P13569	N1224F	0.2248	benign
P13569	N1224G	0.1559	benign
P13569	N1224H	0.0698	benign
P13569	N1224I	0.0878	benign
P13569	N1224K	0.0996	benign
P13569	N1224L	0.1079	benign
P13569	N1224M	0.1661	benign
P13569	N1224P	0.2295	benign
P13569	N1224Q	0.1482	benign
P13569	N1224R	0.1088	benign
P13569	N1224S	0.0653	benign
P13569	N1224T	0.0779	benign
P13569	N1224V	0.0958	benign
P13569	N1224W	0.4736	ambiguous
P13569	N1224Y	0.0849	benign
P13569	A1225C	0.3853	ambiguous
P13569	A1225D	0.2626	benign
P13569	A1225E	0.25	benign
P13569	A1225F	0.2847	benign
P13569	A1225G	0.1462	benign
P13569	A1225H	0.3897	ambiguous
P13569	A1225I	0.2177	benign
P13569	A1225K	0.3374	benign
P13569	A1225L	0.2025	benign
P13569	A1225M	0.2303	benign
P13569	A1225N	0.2362	benign
P13569	A1225P	0.1419	benign
P13569	A1225Q	0.3144	benign
P13569	A1225R	0.281	benign
P13569	A1225S	0.0971	benign
P13569	A1225T	0.0827	benign
P13569	A1225V	0.1228	benign
P13569	A1225W	0.6839	pathogenic
P13569	A1225Y	0.3776	ambiguous
P13569	I1226A	0.4944	ambiguous
P13569	I1226C	0.7823	pathogenic
P13569	I1226D	0.8978	pathogenic
P13569	I1226E	0.8472	pathogenic
P13569	I1226F	0.2431	benign
P13569	I1226G	0.8209	pathogenic
P13569	I1226H	0.7464	pathogenic
P13569	I1226K	0.7105	pathogenic
P13569	I1226L	0.1728	benign
P13569	I1226M	0.1755	benign
P13569	I1226N	0.5242	ambiguous
P13569	I1226P	0.8583	pathogenic
P13569	I1226Q	0.7406	pathogenic
P13569	I1226R	0.606	pathogenic
P13569	I1226S	0.5143	ambiguous
P13569	I1226T	0.4026	ambiguous
P13569	I1226V	0.0595	benign
P13569	I1226W	0.9187	pathogenic
P13569	I1226Y	0.6937	pathogenic
P13569	L1227A	0.8375	pathogenic
P13569	L1227C	0.8959	pathogenic
P13569	L1227D	0.9971	pathogenic
P13569	L1227E	0.9786	pathogenic
P13569	L1227F	0.4924	ambiguous
P13569	L1227G	0.9738	pathogenic
P13569	L1227H	0.9367	pathogenic
P13569	L1227I	0.1782	benign
P13569	L1227K	0.9657	pathogenic
P13569	L1227M	0.2879	benign
P13569	L1227N	0.9847	pathogenic
P13569	L1227P	0.9768	pathogenic
P13569	L1227Q	0.92	pathogenic
P13569	L1227R	0.9248	pathogenic
P13569	L1227S	0.9469	pathogenic
P13569	L1227T	0.8045	pathogenic
P13569	L1227V	0.2466	benign
P13569	L1227W	0.813	pathogenic
P13569	L1227Y	0.9341	pathogenic
P13569	E1228A	0.1918	benign
P13569	E1228C	0.7847	pathogenic
P13569	E1228D	0.1765	benign
P13569	E1228F	0.8304	pathogenic
P13569	E1228G	0.1318	benign
P13569	E1228H	0.3505	ambiguous
P13569	E1228I	0.5994	pathogenic
P13569	E1228K	0.1011	benign
P13569	E1228L	0.5186	ambiguous
P13569	E1228M	0.5875	pathogenic
P13569	E1228N	0.2492	benign
P13569	E1228P	0.8255	pathogenic
P13569	E1228Q	0.1021	benign
P13569	E1228R	0.1639	benign
P13569	E1228S	0.1931	benign
P13569	E1228T	0.2667	benign
P13569	E1228V	0.3747	ambiguous
P13569	E1228W	0.8606	pathogenic
P13569	E1228Y	0.632	pathogenic
P13569	N1229A	0.3646	ambiguous
P13569	N1229C	0.4571	ambiguous
P13569	N1229D	0.1177	benign
P13569	N1229E	0.377	ambiguous
P13569	N1229F	0.7302	pathogenic
P13569	N1229G	0.3048	benign
P13569	N1229H	0.1588	benign
P13569	N1229I	0.5216	ambiguous
P13569	N1229K	0.2354	benign
P13569	N1229L	0.5452	ambiguous
P13569	N1229M	0.4852	ambiguous
P13569	N1229P	0.8856	pathogenic
P13569	N1229Q	0.3833	ambiguous
P13569	N1229R	0.3243	benign
P13569	N1229S	0.1587	benign
P13569	N1229T	0.242	benign
P13569	N1229V	0.5074	ambiguous
P13569	N1229W	0.8701	pathogenic
P13569	N1229Y	0.2421	benign
P13569	I1230A	0.5148	ambiguous
P13569	I1230C	0.6734	pathogenic
P13569	I1230D	0.9313	pathogenic
P13569	I1230E	0.8983	pathogenic
P13569	I1230F	0.2846	benign
P13569	I1230G	0.8412	pathogenic
P13569	I1230H	0.815	pathogenic
P13569	I1230K	0.7763	pathogenic
P13569	I1230L	0.1187	benign
P13569	I1230M	0.1548	benign
P13569	I1230N	0.5911	pathogenic
P13569	I1230P	0.9311	pathogenic
P13569	I1230Q	0.8124	pathogenic
P13569	I1230R	0.6901	pathogenic
P13569	I1230S	0.5485	ambiguous
P13569	I1230T	0.376	ambiguous
P13569	I1230V	0.0723	benign
P13569	I1230W	0.9267	pathogenic
P13569	I1230Y	0.7229	pathogenic
P13569	S1231A	0.1464	benign
P13569	S1231C	0.158	benign
P13569	S1231D	0.6649	pathogenic
P13569	S1231E	0.843	pathogenic
P13569	S1231F	0.3823	ambiguous
P13569	S1231G	0.198	benign
P13569	S1231H	0.5508	ambiguous
P13569	S1231I	0.505	ambiguous
P13569	S1231K	0.9091	pathogenic
P13569	S1231L	0.2661	benign
P13569	S1231M	0.4976	ambiguous
P13569	S1231N	0.3299	benign
P13569	S1231P	0.8404	pathogenic
P13569	S1231Q	0.7899	pathogenic
P13569	S1231R	0.8137	pathogenic
P13569	S1231T	0.1065	benign
P13569	S1231V	0.4635	ambiguous
P13569	S1231W	0.5932	pathogenic
P13569	S1231Y	0.321	benign
P13569	F1232A	0.9195	pathogenic
P13569	F1232C	0.5668	pathogenic
P13569	F1232D	0.9957	pathogenic
P13569	F1232E	0.9967	pathogenic
P13569	F1232G	0.9754	pathogenic
P13569	F1232H	0.9689	pathogenic
P13569	F1232I	0.4144	ambiguous
P13569	F1232K	0.996	pathogenic
P13569	F1232L	0.8946	pathogenic
P13569	F1232M	0.7725	pathogenic
P13569	F1232N	0.9844	pathogenic
P13569	F1232P	0.9988	pathogenic
P13569	F1232Q	0.9927	pathogenic
P13569	F1232R	0.9877	pathogenic
P13569	F1232S	0.9266	pathogenic
P13569	F1232T	0.9357	pathogenic
P13569	F1232V	0.3933	ambiguous
P13569	F1232W	0.8598	pathogenic
P13569	F1232Y	0.5558	ambiguous
P13569	S1233A	0.0827	benign
P13569	S1233C	0.0937	benign
P13569	S1233D	0.3381	benign
P13569	S1233E	0.4093	ambiguous
P13569	S1233F	0.1487	benign
P13569	S1233G	0.1401	benign
P13569	S1233H	0.2473	benign
P13569	S1233I	0.1608	benign
P13569	S1233K	0.503	ambiguous
P13569	S1233L	0.0936	benign
P13569	S1233M	0.2068	benign
P13569	S1233N	0.1574	benign
P13569	S1233P	0.5312	ambiguous
P13569	S1233Q	0.3986	ambiguous
P13569	S1233R	0.3828	ambiguous
P13569	S1233T	0.0715	benign
P13569	S1233V	0.1651	benign
P13569	S1233W	0.2641	benign
P13569	S1233Y	0.1369	benign
P13569	I1234A	0.6829	pathogenic
P13569	I1234C	0.8015	pathogenic
P13569	I1234D	0.987	pathogenic
P13569	I1234E	0.9742	pathogenic
P13569	I1234F	0.3073	benign
P13569	I1234G	0.9468	pathogenic
P13569	I1234H	0.944	pathogenic
P13569	I1234K	0.9481	pathogenic
P13569	I1234L	0.1525	benign
P13569	I1234M	0.1961	benign
P13569	I1234N	0.8713	pathogenic
P13569	I1234P	0.9737	pathogenic
P13569	I1234Q	0.9485	pathogenic
P13569	I1234R	0.9056	pathogenic
P13569	I1234S	0.7955	pathogenic
P13569	I1234T	0.6878	pathogenic
P13569	I1234V	0.0772	benign
P13569	I1234W	0.9568	pathogenic
P13569	I1234Y	0.8568	pathogenic
P13569	S1235A	0.0873	benign
P13569	S1235C	0.0862	benign
P13569	S1235D	0.1673	benign
P13569	S1235E	0.2432	benign
P13569	S1235F	0.1299	benign
P13569	S1235G	0.0819	benign
P13569	S1235H	0.1476	benign
P13569	S1235I	0.0939	benign
P13569	S1235K	0.2547	benign
P13569	S1235L	0.0859	benign
P13569	S1235M	0.1744	benign
P13569	S1235N	0.081	benign
P13569	S1235P	0.1835	benign
P13569	S1235Q	0.2354	benign
P13569	S1235R	0.1926	benign
P13569	S1235T	0.0779	benign
P13569	S1235V	0.134	benign
P13569	S1235W	0.2438	benign
P13569	S1235Y	0.113	benign
P13569	P1236A	0.0625	benign
P13569	P1236C	0.3161	benign
P13569	P1236D	0.4679	ambiguous
P13569	P1236E	0.2675	benign
P13569	P1236F	0.5166	ambiguous
P13569	P1236G	0.1998	benign
P13569	P1236H	0.1499	benign
P13569	P1236I	0.453	ambiguous
P13569	P1236K	0.2059	benign
P13569	P1236L	0.1787	benign
P13569	P1236M	0.3949	ambiguous
P13569	P1236N	0.3287	benign
P13569	P1236Q	0.141	benign
P13569	P1236R	0.1102	benign
P13569	P1236S	0.0883	benign
P13569	P1236T	0.1112	benign
P13569	P1236V	0.2995	benign
P13569	P1236W	0.5643	pathogenic
P13569	P1236Y	0.4042	ambiguous
P13569	G1237A	0.2465	benign
P13569	G1237C	0.2656	benign
P13569	G1237D	0.5587	ambiguous
P13569	G1237E	0.3529	ambiguous
P13569	G1237F	0.7452	pathogenic
P13569	G1237H	0.4399	ambiguous
P13569	G1237I	0.7348	pathogenic
P13569	G1237K	0.3326	benign
P13569	G1237L	0.651	pathogenic
P13569	G1237M	0.6638	pathogenic
P13569	G1237N	0.4875	ambiguous
P13569	G1237P	0.965	pathogenic
P13569	G1237Q	0.2935	benign
P13569	G1237R	0.2042	benign
P13569	G1237S	0.1775	benign
P13569	G1237T	0.4067	ambiguous
P13569	G1237V	0.5812	pathogenic
P13569	G1237W	0.5989	pathogenic
P13569	G1237Y	0.6212	pathogenic
P13569	Q1238A	0.4388	ambiguous
P13569	Q1238C	0.6044	pathogenic
P13569	Q1238D	0.6004	pathogenic
P13569	Q1238E	0.1124	benign
P13569	Q1238F	0.7703	pathogenic
P13569	Q1238G	0.3971	ambiguous
P13569	Q1238H	0.311	benign
P13569	Q1238I	0.5802	pathogenic
P13569	Q1238K	0.1112	benign
P13569	Q1238L	0.2274	benign
P13569	Q1238M	0.4419	ambiguous
P13569	Q1238N	0.4248	ambiguous
P13569	Q1238P	0.8266	pathogenic
P13569	Q1238R	0.1347	benign
P13569	Q1238S	0.4493	ambiguous
P13569	Q1238T	0.4131	ambiguous
P13569	Q1238V	0.4417	ambiguous
P13569	Q1238W	0.5781	pathogenic
P13569	Q1238Y	0.5179	ambiguous
P13569	R1239A	0.583	pathogenic
P13569	R1239C	0.2509	benign
P13569	R1239D	0.9165	pathogenic
P13569	R1239E	0.5946	pathogenic
P13569	R1239F	0.8173	pathogenic
P13569	R1239G	0.4892	ambiguous
P13569	R1239H	0.1792	benign
P13569	R1239I	0.4533	ambiguous
P13569	R1239K	0.1481	benign
P13569	R1239L	0.4841	ambiguous
P13569	R1239M	0.4314	ambiguous
P13569	R1239N	0.7901	pathogenic
P13569	R1239P	0.9087	pathogenic
P13569	R1239Q	0.1494	benign
P13569	R1239S	0.6247	pathogenic
P13569	R1239T	0.3086	benign
P13569	R1239V	0.544	ambiguous
P13569	R1239W	0.3371	benign
P13569	R1239Y	0.6478	pathogenic
P13569	V1240A	0.304	benign
P13569	V1240C	0.8467	pathogenic
P13569	V1240D	0.9565	pathogenic
P13569	V1240E	0.8806	pathogenic
P13569	V1240F	0.4311	ambiguous
P13569	V1240G	0.5637	ambiguous
P13569	V1240H	0.9464	pathogenic
P13569	V1240I	0.1032	benign
P13569	V1240K	0.8874	pathogenic
P13569	V1240L	0.3951	ambiguous
P13569	V1240M	0.2436	benign
P13569	V1240N	0.8897	pathogenic
P13569	V1240P	0.9827	pathogenic
P13569	V1240Q	0.8544	pathogenic
P13569	V1240R	0.8308	pathogenic
P13569	V1240S	0.6292	pathogenic
P13569	V1240T	0.3474	ambiguous
P13569	V1240W	0.9443	pathogenic
P13569	V1240Y	0.8711	pathogenic
P13569	G1241A	0.3716	ambiguous
P13569	G1241C	0.6669	pathogenic
P13569	G1241D	0.9861	pathogenic
P13569	G1241E	0.983	pathogenic
P13569	G1241F	0.9693	pathogenic
P13569	G1241H	0.9915	pathogenic
P13569	G1241I	0.8911	pathogenic
P13569	G1241K	0.9947	pathogenic
P13569	G1241L	0.9109	pathogenic
P13569	G1241M	0.9573	pathogenic
P13569	G1241N	0.9855	pathogenic
P13569	G1241P	0.9962	pathogenic
P13569	G1241Q	0.9842	pathogenic
P13569	G1241R	0.9757	pathogenic
P13569	G1241S	0.6132	pathogenic
P13569	G1241T	0.8844	pathogenic
P13569	G1241V	0.8015	pathogenic
P13569	G1241W	0.97	pathogenic
P13569	G1241Y	0.9741	pathogenic
P13569	L1242A	0.8784	pathogenic
P13569	L1242C	0.8128	pathogenic
P13569	L1242D	0.9983	pathogenic
P13569	L1242E	0.9891	pathogenic
P13569	L1242F	0.4017	ambiguous
P13569	L1242G	0.9796	pathogenic
P13569	L1242H	0.9598	pathogenic
P13569	L1242I	0.0921	benign
P13569	L1242K	0.9875	pathogenic
P13569	L1242M	0.2249	benign
P13569	L1242N	0.9847	pathogenic
P13569	L1242P	0.9945	pathogenic
P13569	L1242Q	0.956	pathogenic
P13569	L1242R	0.9724	pathogenic
P13569	L1242S	0.9638	pathogenic
P13569	L1242T	0.8943	pathogenic
P13569	L1242V	0.1156	benign
P13569	L1242W	0.8761	pathogenic
P13569	L1242Y	0.9055	pathogenic
P13569	L1243A	0.6894	pathogenic
P13569	L1243C	0.8202	pathogenic
P13569	L1243D	0.9944	pathogenic
P13569	L1243E	0.97	pathogenic
P13569	L1243F	0.4359	ambiguous
P13569	L1243G	0.9501	pathogenic
P13569	L1243H	0.8905	pathogenic
P13569	L1243I	0.1883	benign
P13569	L1243K	0.9615	pathogenic
P13569	L1243M	0.2951	benign
P13569	L1243N	0.9732	pathogenic
P13569	L1243P	0.9553	pathogenic
P13569	L1243Q	0.8767	pathogenic
P13569	L1243R	0.885	pathogenic
P13569	L1243S	0.8736	pathogenic
P13569	L1243T	0.7068	pathogenic
P13569	L1243V	0.2343	benign
P13569	L1243W	0.7043	pathogenic
P13569	L1243Y	0.8953	pathogenic
P13569	G1244A	0.8839	pathogenic
P13569	G1244C	0.9626	pathogenic
P13569	G1244D	0.9849	pathogenic
P13569	G1244E	0.9886	pathogenic
P13569	G1244F	0.9965	pathogenic
P13569	G1244H	0.997	pathogenic
P13569	G1244I	0.9928	pathogenic
P13569	G1244K	0.997	pathogenic
P13569	G1244L	0.9898	pathogenic
P13569	G1244M	0.9966	pathogenic
P13569	G1244N	0.9942	pathogenic
P13569	G1244P	0.9983	pathogenic
P13569	G1244Q	0.993	pathogenic
P13569	G1244R	0.9905	pathogenic
P13569	G1244S	0.8645	pathogenic
P13569	G1244T	0.9822	pathogenic
P13569	G1244V	0.9841	pathogenic
P13569	G1244W	0.9885	pathogenic
P13569	G1244Y	0.9953	pathogenic
P13569	R1245A	0.8793	pathogenic
P13569	R1245C	0.4562	ambiguous
P13569	R1245D	0.9703	pathogenic
P13569	R1245E	0.7965	pathogenic
P13569	R1245F	0.9292	pathogenic
P13569	R1245G	0.7578	pathogenic
P13569	R1245H	0.3095	benign
P13569	R1245I	0.8061	pathogenic
P13569	R1245K	0.2643	benign
P13569	R1245L	0.7573	pathogenic
P13569	R1245M	0.8065	pathogenic
P13569	R1245N	0.9313	pathogenic
P13569	R1245P	0.8899	pathogenic
P13569	R1245Q	0.2492	benign
P13569	R1245S	0.8934	pathogenic
P13569	R1245T	0.8281	pathogenic
P13569	R1245V	0.8494	pathogenic
P13569	R1245W	0.5293	ambiguous
P13569	R1245Y	0.8354	pathogenic
P13569	T1246A	0.8414	pathogenic
P13569	T1246C	0.9856	pathogenic
P13569	T1246D	0.9903	pathogenic
P13569	T1246E	0.977	pathogenic
P13569	T1246F	0.9848	pathogenic
P13569	T1246G	0.9241	pathogenic
P13569	T1246H	0.972	pathogenic
P13569	T1246I	0.9803	pathogenic
P13569	T1246K	0.9702	pathogenic
P13569	T1246L	0.9524	pathogenic
P13569	T1246M	0.8261	pathogenic
P13569	T1246N	0.9335	pathogenic
P13569	T1246P	0.8916	pathogenic
P13569	T1246Q	0.9686	pathogenic
P13569	T1246R	0.9585	pathogenic
P13569	T1246S	0.7145	pathogenic
P13569	T1246V	0.9458	pathogenic
P13569	T1246W	0.9937	pathogenic
P13569	T1246Y	0.9847	pathogenic
P13569	G1247A	0.7653	pathogenic
P13569	G1247C	0.9262	pathogenic
P13569	G1247D	0.9774	pathogenic
P13569	G1247E	0.9797	pathogenic
P13569	G1247F	0.991	pathogenic
P13569	G1247H	0.9894	pathogenic
P13569	G1247I	0.9773	pathogenic
P13569	G1247K	0.9887	pathogenic
P13569	G1247L	0.9831	pathogenic
P13569	G1247M	0.9892	pathogenic
P13569	G1247N	0.9751	pathogenic
P13569	G1247P	0.9974	pathogenic
P13569	G1247Q	0.9789	pathogenic
P13569	G1247R	0.9525	pathogenic
P13569	G1247S	0.6575	pathogenic
P13569	G1247T	0.9447	pathogenic
P13569	G1247V	0.9447	pathogenic
P13569	G1247W	0.9841	pathogenic
P13569	G1247Y	0.9892	pathogenic
P13569	S1248A	0.0965	benign
P13569	S1248C	0.1497	benign
P13569	S1248D	0.9718	pathogenic
P13569	S1248E	0.9664	pathogenic
P13569	S1248F	0.7393	pathogenic
P13569	S1248G	0.2586	benign
P13569	S1248H	0.9055	pathogenic
P13569	S1248I	0.7794	pathogenic
P13569	S1248K	0.9903	pathogenic
P13569	S1248L	0.3876	ambiguous
P13569	S1248M	0.636	pathogenic
P13569	S1248N	0.7735	pathogenic
P13569	S1248P	0.981	pathogenic
P13569	S1248Q	0.9407	pathogenic
P13569	S1248R	0.9685	pathogenic
P13569	S1248T	0.3026	benign
P13569	S1248V	0.6507	pathogenic
P13569	S1248W	0.8452	pathogenic
P13569	S1248Y	0.7347	pathogenic
P13569	G1249A	0.8899	pathogenic
P13569	G1249C	0.9315	pathogenic
P13569	G1249D	0.9926	pathogenic
P13569	G1249E	0.9876	pathogenic
P13569	G1249F	0.9948	pathogenic
P13569	G1249H	0.9939	pathogenic
P13569	G1249I	0.9922	pathogenic
P13569	G1249K	0.9895	pathogenic
P13569	G1249L	0.9859	pathogenic
P13569	G1249M	0.9916	pathogenic
P13569	G1249N	0.9907	pathogenic
P13569	G1249P	0.9985	pathogenic
P13569	G1249Q	0.9777	pathogenic
P13569	G1249R	0.9533	pathogenic
P13569	G1249S	0.811	pathogenic
P13569	G1249T	0.9726	pathogenic
P13569	G1249V	0.9779	pathogenic
P13569	G1249W	0.9829	pathogenic
P13569	G1249Y	0.9928	pathogenic
P13569	K1250A	0.9961	pathogenic
P13569	K1250C	0.9974	pathogenic
P13569	K1250D	0.9935	pathogenic
P13569	K1250E	0.9737	pathogenic
P13569	K1250F	0.9993	pathogenic
P13569	K1250G	0.9915	pathogenic
P13569	K1250H	0.9818	pathogenic
P13569	K1250I	0.9959	pathogenic
P13569	K1250L	0.9965	pathogenic
P13569	K1250M	0.9891	pathogenic
P13569	K1250N	0.9832	pathogenic
P13569	K1250P	0.998	pathogenic
P13569	K1250Q	0.9711	pathogenic
P13569	K1250R	0.6899	pathogenic
P13569	K1250S	0.9933	pathogenic
P13569	K1250T	0.9842	pathogenic
P13569	K1250V	0.9974	pathogenic
P13569	K1250W	0.999	pathogenic
P13569	K1250Y	0.9963	pathogenic
P13569	S1251A	0.7942	pathogenic
P13569	S1251C	0.9373	pathogenic
P13569	S1251D	0.9836	pathogenic
P13569	S1251E	0.9835	pathogenic
P13569	S1251F	0.9806	pathogenic
P13569	S1251G	0.7292	pathogenic
P13569	S1251H	0.9771	pathogenic
P13569	S1251I	0.9721	pathogenic
P13569	S1251K	0.9962	pathogenic
P13569	S1251L	0.9203	pathogenic
P13569	S1251M	0.9243	pathogenic
P13569	S1251N	0.9332	pathogenic
P13569	S1251P	0.974	pathogenic
P13569	S1251Q	0.9866	pathogenic
P13569	S1251R	0.9944	pathogenic
P13569	S1251T	0.3278	benign
P13569	S1251V	0.9587	pathogenic
P13569	S1251W	0.9809	pathogenic
P13569	S1251Y	0.9669	pathogenic
P13569	T1252A	0.4669	ambiguous
P13569	T1252C	0.9491	pathogenic
P13569	T1252D	0.988	pathogenic
P13569	T1252E	0.9855	pathogenic
P13569	T1252F	0.914	pathogenic
P13569	T1252G	0.8833	pathogenic
P13569	T1252H	0.9211	pathogenic
P13569	T1252I	0.8835	pathogenic
P13569	T1252K	0.9708	pathogenic
P13569	T1252L	0.6699	pathogenic
P13569	T1252M	0.5028	ambiguous
P13569	T1252N	0.8694	pathogenic
P13569	T1252P	0.845	pathogenic
P13569	T1252Q	0.9516	pathogenic
P13569	T1252R	0.9475	pathogenic
P13569	T1252S	0.3181	benign
P13569	T1252V	0.7238	pathogenic
P13569	T1252W	0.9898	pathogenic
P13569	T1252Y	0.953	pathogenic
P13569	L1253A	0.809	pathogenic
P13569	L1253C	0.8572	pathogenic
P13569	L1253D	0.9989	pathogenic
P13569	L1253E	0.9928	pathogenic
P13569	L1253F	0.3361	benign
P13569	L1253G	0.9778	pathogenic
P13569	L1253H	0.9654	pathogenic
P13569	L1253I	0.1583	benign
P13569	L1253K	0.9916	pathogenic
P13569	L1253M	0.2297	benign
P13569	L1253N	0.9904	pathogenic
P13569	L1253P	0.9904	pathogenic
P13569	L1253Q	0.9604	pathogenic
P13569	L1253R	0.9748	pathogenic
P13569	L1253S	0.9418	pathogenic
P13569	L1253T	0.8316	pathogenic
P13569	L1253V	0.1823	benign
P13569	L1253W	0.8807	pathogenic
P13569	L1253Y	0.9259	pathogenic
P13569	L1254A	0.7757	pathogenic
P13569	L1254C	0.7829	pathogenic
P13569	L1254D	0.9913	pathogenic
P13569	L1254E	0.9584	pathogenic
P13569	L1254F	0.2243	benign
P13569	L1254G	0.9297	pathogenic
P13569	L1254H	0.7809	pathogenic
P13569	L1254I	0.178	benign
P13569	L1254K	0.9339	pathogenic
P13569	L1254M	0.245	benign
P13569	L1254N	0.9303	pathogenic
P13569	L1254P	0.939	pathogenic
P13569	L1254Q	0.7534	pathogenic
P13569	L1254R	0.8498	pathogenic
P13569	L1254S	0.854	pathogenic
P13569	L1254T	0.7332	pathogenic
P13569	L1254V	0.2508	benign
P13569	L1254W	0.6806	pathogenic
P13569	L1254Y	0.7552	pathogenic
P13569	S1255A	0.063	benign
P13569	S1255C	0.1008	benign
P13569	S1255D	0.7045	pathogenic
P13569	S1255E	0.7423	pathogenic
P13569	S1255F	0.1358	benign
P13569	S1255G	0.1356	benign
P13569	S1255H	0.4081	ambiguous
P13569	S1255I	0.3259	benign
P13569	S1255K	0.8743	pathogenic
P13569	S1255L	0.0834	benign
P13569	S1255M	0.1713	benign
P13569	S1255N	0.2744	benign
P13569	S1255P	0.7872	pathogenic
P13569	S1255Q	0.5849	pathogenic
P13569	S1255R	0.8305	pathogenic
P13569	S1255T	0.1219	benign
P13569	S1255V	0.2467	benign
P13569	S1255W	0.2677	benign
P13569	S1255Y	0.1374	benign
P13569	A1256C	0.5958	pathogenic
P13569	A1256D	0.9637	pathogenic
P13569	A1256E	0.9543	pathogenic
P13569	A1256F	0.838	pathogenic
P13569	A1256G	0.3067	benign
P13569	A1256H	0.9556	pathogenic
P13569	A1256I	0.5345	ambiguous
P13569	A1256K	0.9836	pathogenic
P13569	A1256L	0.4955	ambiguous
P13569	A1256M	0.5463	ambiguous
P13569	A1256N	0.8718	pathogenic
P13569	A1256P	0.9677	pathogenic
P13569	A1256Q	0.936	pathogenic
P13569	A1256R	0.9627	pathogenic
P13569	A1256S	0.1562	benign
P13569	A1256T	0.1654	benign
P13569	A1256V	0.2483	benign
P13569	A1256W	0.9863	pathogenic
P13569	A1256Y	0.9275	pathogenic
P13569	F1257A	0.7385	pathogenic
P13569	F1257C	0.3297	benign
P13569	F1257D	0.9897	pathogenic
P13569	F1257E	0.9883	pathogenic
P13569	F1257G	0.922	pathogenic
P13569	F1257H	0.9305	pathogenic
P13569	F1257I	0.2023	benign
P13569	F1257K	0.9871	pathogenic
P13569	F1257L	0.4239	ambiguous
P13569	F1257M	0.3777	ambiguous
P13569	F1257N	0.9441	pathogenic
P13569	F1257P	0.9919	pathogenic
P13569	F1257Q	0.968	pathogenic
P13569	F1257R	0.9744	pathogenic
P13569	F1257S	0.769	pathogenic
P13569	F1257T	0.766	pathogenic
P13569	F1257V	0.2204	benign
P13569	F1257W	0.7159	pathogenic
P13569	F1257Y	0.4195	ambiguous
P13569	L1258A	0.8535	pathogenic
P13569	L1258C	0.7761	pathogenic
P13569	L1258D	0.9953	pathogenic
P13569	L1258E	0.962	pathogenic
P13569	L1258F	0.4594	ambiguous
P13569	L1258G	0.9461	pathogenic
P13569	L1258H	0.8588	pathogenic
P13569	L1258I	0.2998	benign
P13569	L1258K	0.9444	pathogenic
P13569	L1258M	0.3072	benign
P13569	L1258N	0.9583	pathogenic
P13569	L1258P	0.961	pathogenic
P13569	L1258Q	0.7847	pathogenic
P13569	L1258R	0.868	pathogenic
P13569	L1258S	0.8764	pathogenic
P13569	L1258T	0.7642	pathogenic
P13569	L1258V	0.3381	benign
P13569	L1258W	0.8177	pathogenic
P13569	L1258Y	0.915	pathogenic
P13569	R1259A	0.7665	pathogenic
P13569	R1259C	0.1369	benign
P13569	R1259D	0.9408	pathogenic
P13569	R1259E	0.7016	pathogenic
P13569	R1259F	0.8092	pathogenic
P13569	R1259G	0.4539	ambiguous
P13569	R1259H	0.1459	benign
P13569	R1259I	0.7568	pathogenic
P13569	R1259K	0.2098	benign
P13569	R1259L	0.4947	ambiguous
P13569	R1259M	0.6197	pathogenic
P13569	R1259N	0.841	pathogenic
P13569	R1259P	0.9443	pathogenic
P13569	R1259Q	0.1412	benign
P13569	R1259S	0.8075	pathogenic
P13569	R1259T	0.7461	pathogenic
P13569	R1259V	0.7787	pathogenic
P13569	R1259W	0.352	ambiguous
P13569	R1259Y	0.5841	pathogenic
P13569	L1260A	0.7493	pathogenic
P13569	L1260C	0.7799	pathogenic
P13569	L1260D	0.9666	pathogenic
P13569	L1260E	0.8308	pathogenic
P13569	L1260F	0.3186	benign
P13569	L1260G	0.894	pathogenic
P13569	L1260H	0.6542	pathogenic
P13569	L1260I	0.1156	benign
P13569	L1260K	0.8086	pathogenic
P13569	L1260M	0.1467	benign
P13569	L1260N	0.7764	pathogenic
P13569	L1260P	0.9697	pathogenic
P13569	L1260Q	0.5121	ambiguous
P13569	L1260R	0.7268	pathogenic
P13569	L1260S	0.7545	pathogenic
P13569	L1260T	0.631	pathogenic
P13569	L1260V	0.186	benign
P13569	L1260W	0.6639	pathogenic
P13569	L1260Y	0.6994	pathogenic
P13569	L1261A	0.3578	ambiguous
P13569	L1261C	0.5025	ambiguous
P13569	L1261D	0.9133	pathogenic
P13569	L1261E	0.6287	pathogenic
P13569	L1261F	0.2718	benign
P13569	L1261G	0.6735	pathogenic
P13569	L1261H	0.4649	ambiguous
P13569	L1261I	0.1227	benign
P13569	L1261K	0.5782	pathogenic
P13569	L1261M	0.1402	benign
P13569	L1261N	0.6	pathogenic
P13569	L1261P	0.8642	pathogenic
P13569	L1261Q	0.2882	benign
P13569	L1261R	0.4216	ambiguous
P13569	L1261S	0.4023	ambiguous
P13569	L1261T	0.3322	benign
P13569	L1261V	0.1097	benign
P13569	L1261W	0.4673	ambiguous
P13569	L1261Y	0.6228	pathogenic
P13569	N1262A	0.1576	benign
P13569	N1262C	0.1624	benign
P13569	N1262D	0.0943	benign
P13569	N1262E	0.2015	benign
P13569	N1262F	0.3032	benign
P13569	N1262G	0.2187	benign
P13569	N1262H	0.0706	benign
P13569	N1262I	0.1121	benign
P13569	N1262K	0.1517	benign
P13569	N1262L	0.1434	benign
P13569	N1262M	0.2164	benign
P13569	N1262P	0.4405	ambiguous
P13569	N1262Q	0.1834	benign
P13569	N1262R	0.1735	benign
P13569	N1262S	0.0739	benign
P13569	N1262T	0.0918	benign
P13569	N1262V	0.1275	benign
P13569	N1262W	0.5559	ambiguous
P13569	N1262Y	0.0952	benign
P13569	T1263A	0.1015	benign
P13569	T1263C	0.4018	ambiguous
P13569	T1263D	0.6646	pathogenic
P13569	T1263E	0.543	ambiguous
P13569	T1263F	0.4431	ambiguous
P13569	T1263G	0.3607	ambiguous
P13569	T1263H	0.4366	ambiguous
P13569	T1263I	0.1996	benign
P13569	T1263K	0.3574	ambiguous
P13569	T1263L	0.164	benign
P13569	T1263M	0.1206	benign
P13569	T1263N	0.2621	benign
P13569	T1263P	0.2654	benign
P13569	T1263Q	0.4184	ambiguous
P13569	T1263R	0.2607	benign
P13569	T1263S	0.1815	benign
P13569	T1263V	0.1633	benign
P13569	T1263W	0.7728	pathogenic
P13569	T1263Y	0.504	ambiguous
P13569	E1264A	0.1274	benign
P13569	E1264C	0.6566	pathogenic
P13569	E1264D	0.1183	benign
P13569	E1264F	0.6428	pathogenic
P13569	E1264G	0.1259	benign
P13569	E1264H	0.2725	benign
P13569	E1264I	0.2829	benign
P13569	E1264K	0.0659	benign
P13569	E1264L	0.3343	benign
P13569	E1264M	0.3394	benign
P13569	E1264N	0.1596	benign
P13569	E1264P	0.7491	pathogenic
P13569	E1264Q	0.0994	benign
P13569	E1264R	0.1199	benign
P13569	E1264S	0.1317	benign
P13569	E1264T	0.1383	benign
P13569	E1264V	0.1808	benign
P13569	E1264W	0.7748	pathogenic
P13569	E1264Y	0.4721	ambiguous
P13569	G1265A	0.6333	pathogenic
P13569	G1265C	0.93	pathogenic
P13569	G1265D	0.9352	pathogenic
P13569	G1265E	0.9478	pathogenic
P13569	G1265F	0.99	pathogenic
P13569	G1265H	0.9889	pathogenic
P13569	G1265I	0.9717	pathogenic
P13569	G1265K	0.9771	pathogenic
P13569	G1265L	0.9834	pathogenic
P13569	G1265M	0.9812	pathogenic
P13569	G1265N	0.9544	pathogenic
P13569	G1265P	0.9955	pathogenic
P13569	G1265Q	0.9779	pathogenic
P13569	G1265R	0.9649	pathogenic
P13569	G1265S	0.6524	pathogenic
P13569	G1265T	0.8968	pathogenic
P13569	G1265V	0.9312	pathogenic
P13569	G1265W	0.9678	pathogenic
P13569	G1265Y	0.9768	pathogenic
P13569	E1266A	0.1494	benign
P13569	E1266C	0.698	pathogenic
P13569	E1266D	0.0864	benign
P13569	E1266F	0.618	pathogenic
P13569	E1266G	0.1634	benign
P13569	E1266H	0.3174	benign
P13569	E1266I	0.2689	benign
P13569	E1266K	0.1044	benign
P13569	E1266L	0.3638	ambiguous
P13569	E1266M	0.367	ambiguous
P13569	E1266N	0.1514	benign
P13569	E1266P	0.8707	pathogenic
P13569	E1266Q	0.1332	benign
P13569	E1266R	0.1936	benign
P13569	E1266S	0.1681	benign
P13569	E1266T	0.1758	benign
P13569	E1266V	0.1739	benign
P13569	E1266W	0.8027	pathogenic
P13569	E1266Y	0.4441	ambiguous
P13569	I1267A	0.8684	pathogenic
P13569	I1267C	0.8732	pathogenic
P13569	I1267D	0.9897	pathogenic
P13569	I1267E	0.9698	pathogenic
P13569	I1267F	0.2698	benign
P13569	I1267G	0.9594	pathogenic
P13569	I1267H	0.9371	pathogenic
P13569	I1267K	0.9277	pathogenic
P13569	I1267L	0.188	benign
P13569	I1267M	0.1035	benign
P13569	I1267N	0.8441	pathogenic
P13569	I1267P	0.9883	pathogenic
P13569	I1267Q	0.9255	pathogenic
P13569	I1267R	0.8957	pathogenic
P13569	I1267S	0.8638	pathogenic
P13569	I1267T	0.8483	pathogenic
P13569	I1267V	0.1714	benign
P13569	I1267W	0.9192	pathogenic
P13569	I1267Y	0.7392	pathogenic
P13569	Q1268A	0.2329	benign
P13569	Q1268C	0.3773	ambiguous
P13569	Q1268D	0.4065	ambiguous
P13569	Q1268E	0.0832	benign
P13569	Q1268F	0.4795	ambiguous
P13569	Q1268G	0.2905	benign
P13569	Q1268H	0.1624	benign
P13569	Q1268I	0.2614	benign
P13569	Q1268K	0.0933	benign
P13569	Q1268L	0.1107	benign
P13569	Q1268M	0.2546	benign
P13569	Q1268N	0.2999	benign
P13569	Q1268P	0.7952	pathogenic
P13569	Q1268R	0.089	benign
P13569	Q1268S	0.2419	benign
P13569	Q1268T	0.1606	benign
P13569	Q1268V	0.2086	benign
P13569	Q1268W	0.3471	ambiguous
P13569	Q1268Y	0.3049	benign
P13569	I1269A	0.7202	pathogenic
P13569	I1269C	0.9209	pathogenic
P13569	I1269D	0.9926	pathogenic
P13569	I1269E	0.9742	pathogenic
P13569	I1269F	0.5855	pathogenic
P13569	I1269G	0.9687	pathogenic
P13569	I1269H	0.976	pathogenic
P13569	I1269K	0.9516	pathogenic
P13569	I1269L	0.3071	benign
P13569	I1269M	0.193	benign
P13569	I1269N	0.9156	pathogenic
P13569	I1269P	0.9915	pathogenic
P13569	I1269Q	0.9596	pathogenic
P13569	I1269R	0.9232	pathogenic
P13569	I1269S	0.866	pathogenic
P13569	I1269T	0.5955	pathogenic
P13569	I1269V	0.1041	benign
P13569	I1269W	0.9705	pathogenic
P13569	I1269Y	0.9207	pathogenic
P13569	D1270A	0.8236	pathogenic
P13569	D1270C	0.952	pathogenic
P13569	D1270E	0.9233	pathogenic
P13569	D1270F	0.9905	pathogenic
P13569	D1270G	0.7082	pathogenic
P13569	D1270H	0.9579	pathogenic
P13569	D1270I	0.9843	pathogenic
P13569	D1270K	0.9823	pathogenic
P13569	D1270L	0.9711	pathogenic
P13569	D1270M	0.9927	pathogenic
P13569	D1270N	0.5027	ambiguous
P13569	D1270P	0.9932	pathogenic
P13569	D1270Q	0.9744	pathogenic
P13569	D1270R	0.9634	pathogenic
P13569	D1270S	0.5964	pathogenic
P13569	D1270T	0.9401	pathogenic
P13569	D1270V	0.9449	pathogenic
P13569	D1270W	0.9959	pathogenic
P13569	D1270Y	0.9129	pathogenic
P13569	G1271A	0.2273	benign
P13569	G1271C	0.2779	benign
P13569	G1271D	0.1408	benign
P13569	G1271E	0.2173	benign
P13569	G1271F	0.7373	pathogenic
P13569	G1271H	0.3337	benign
P13569	G1271I	0.6327	pathogenic
P13569	G1271K	0.3429	ambiguous
P13569	G1271L	0.678	pathogenic
P13569	G1271M	0.6373	pathogenic
P13569	G1271N	0.2016	benign
P13569	G1271P	0.9752	pathogenic
P13569	G1271Q	0.3035	benign
P13569	G1271R	0.2396	benign
P13569	G1271S	0.1052	benign
P13569	G1271T	0.273	benign
P13569	G1271V	0.5051	ambiguous
P13569	G1271W	0.559	ambiguous
P13569	G1271Y	0.5143	ambiguous
P13569	V1272A	0.2248	benign
P13569	V1272C	0.6013	pathogenic
P13569	V1272D	0.2882	benign
P13569	V1272E	0.2473	benign
P13569	V1272F	0.1102	benign
P13569	V1272G	0.2682	benign
P13569	V1272H	0.3959	ambiguous
P13569	V1272I	0.0682	benign
P13569	V1272K	0.2488	benign
P13569	V1272L	0.1917	benign
P13569	V1272M	0.114	benign
P13569	V1272N	0.2108	benign
P13569	V1272P	0.8842	pathogenic
P13569	V1272Q	0.2568	benign
P13569	V1272R	0.2287	benign
P13569	V1272S	0.2384	benign
P13569	V1272T	0.2188	benign
P13569	V1272W	0.7059	pathogenic
P13569	V1272Y	0.3695	ambiguous
P13569	S1273A	0.1066	benign
P13569	S1273C	0.1258	benign
P13569	S1273D	0.3907	ambiguous
P13569	S1273E	0.6173	pathogenic
P13569	S1273F	0.242	benign
P13569	S1273G	0.1352	benign
P13569	S1273H	0.372	ambiguous
P13569	S1273I	0.2842	benign
P13569	S1273K	0.6847	pathogenic
P13569	S1273L	0.1045	benign
P13569	S1273M	0.3063	benign
P13569	S1273N	0.1846	benign
P13569	S1273P	0.1304	benign
P13569	S1273Q	0.5891	pathogenic
P13569	S1273R	0.5639	ambiguous
P13569	S1273T	0.1192	benign
P13569	S1273V	0.2903	benign
P13569	S1273W	0.3637	ambiguous
P13569	S1273Y	0.2078	benign
P13569	W1274A	0.3447	ambiguous
P13569	W1274C	0.6253	pathogenic
P13569	W1274D	0.9005	pathogenic
P13569	W1274E	0.8664	pathogenic
P13569	W1274F	0.3937	ambiguous
P13569	W1274G	0.2819	benign
P13569	W1274H	0.7918	pathogenic
P13569	W1274I	0.6443	pathogenic
P13569	W1274K	0.8847	pathogenic
P13569	W1274L	0.4846	ambiguous
P13569	W1274M	0.6727	pathogenic
P13569	W1274N	0.8372	pathogenic
P13569	W1274P	0.8334	pathogenic
P13569	W1274Q	0.8328	pathogenic
P13569	W1274R	0.8278	pathogenic
P13569	W1274S	0.2373	benign
P13569	W1274T	0.419	ambiguous
P13569	W1274V	0.5494	ambiguous
P13569	W1274Y	0.5918	pathogenic
P13569	D1275A	0.1327	benign
P13569	D1275C	0.361	ambiguous
P13569	D1275E	0.1269	benign
P13569	D1275F	0.4142	ambiguous
P13569	D1275G	0.1046	benign
P13569	D1275H	0.1462	benign
P13569	D1275I	0.2685	benign
P13569	D1275K	0.2099	benign
P13569	D1275L	0.2787	benign
P13569	D1275M	0.4933	ambiguous
P13569	D1275N	0.0727	benign
P13569	D1275P	0.6386	pathogenic
P13569	D1275Q	0.2081	benign
P13569	D1275R	0.2192	benign
P13569	D1275S	0.0951	benign
P13569	D1275T	0.1855	benign
P13569	D1275V	0.1635	benign
P13569	D1275W	0.755	pathogenic
P13569	D1275Y	0.133	benign
P13569	S1276A	0.0776	benign
P13569	S1276C	0.1079	benign
P13569	S1276D	0.1972	benign
P13569	S1276E	0.3097	benign
P13569	S1276F	0.1633	benign
P13569	S1276G	0.0917	benign
P13569	S1276H	0.2517	benign
P13569	S1276I	0.1736	benign
P13569	S1276K	0.383	ambiguous
P13569	S1276L	0.0923	benign
P13569	S1276M	0.1904	benign
P13569	S1276N	0.1085	benign
P13569	S1276P	0.5058	ambiguous
P13569	S1276Q	0.397	ambiguous
P13569	S1276R	0.3287	benign
P13569	S1276T	0.0725	benign
P13569	S1276V	0.178	benign
P13569	S1276W	0.2876	benign
P13569	S1276Y	0.127	benign
P13569	I1277A	0.1694	benign
P13569	I1277C	0.4025	ambiguous
P13569	I1277D	0.4345	ambiguous
P13569	I1277E	0.3208	benign
P13569	I1277F	0.1023	benign
P13569	I1277G	0.3755	ambiguous
P13569	I1277H	0.2937	benign
P13569	I1277K	0.1904	benign
P13569	I1277L	0.0747	benign
P13569	I1277M	0.0685	benign
P13569	I1277N	0.141	benign
P13569	I1277P	0.6108	pathogenic
P13569	I1277Q	0.2337	benign
P13569	I1277R	0.139	benign
P13569	I1277S	0.151	benign
P13569	I1277T	0.0909	benign
P13569	I1277V	0.0585	benign
P13569	I1277W	0.614	pathogenic
P13569	I1277Y	0.3058	benign
P13569	T1278A	0.0853	benign
P13569	T1278C	0.3041	benign
P13569	T1278D	0.2088	benign
P13569	T1278E	0.2009	benign
P13569	T1278F	0.2296	benign
P13569	T1278G	0.1896	benign
P13569	T1278H	0.1616	benign
P13569	T1278I	0.2496	benign
P13569	T1278K	0.1526	benign
P13569	T1278L	0.1109	benign
P13569	T1278M	0.1032	benign
P13569	T1278N	0.0937	benign
P13569	T1278P	0.0632	benign
P13569	T1278Q	0.1597	benign
P13569	T1278R	0.1324	benign
P13569	T1278S	0.078	benign
P13569	T1278V	0.207	benign
P13569	T1278W	0.5449	ambiguous
P13569	T1278Y	0.2378	benign
P13569	L1279A	0.2568	benign
P13569	L1279C	0.4781	ambiguous
P13569	L1279D	0.7263	pathogenic
P13569	L1279E	0.3985	ambiguous
P13569	L1279F	0.1871	benign
P13569	L1279G	0.5064	ambiguous
P13569	L1279H	0.2636	benign
P13569	L1279I	0.0751	benign
P13569	L1279K	0.3303	benign
P13569	L1279M	0.14	benign
P13569	L1279N	0.4334	ambiguous
P13569	L1279P	0.1671	benign
P13569	L1279Q	0.1982	benign
P13569	L1279R	0.2167	benign
P13569	L1279S	0.2545	benign
P13569	L1279T	0.1865	benign
P13569	L1279V	0.0718	benign
P13569	L1279W	0.3042	benign
P13569	L1279Y	0.414	ambiguous
P13569	Q1280A	0.2225	benign
P13569	Q1280C	0.5134	ambiguous
P13569	Q1280D	0.3956	ambiguous
P13569	Q1280E	0.0872	benign
P13569	Q1280F	0.5773	pathogenic
P13569	Q1280G	0.2447	benign
P13569	Q1280H	0.1918	benign
P13569	Q1280I	0.3664	ambiguous
P13569	Q1280K	0.0924	benign
P13569	Q1280L	0.1301	benign
P13569	Q1280M	0.4113	ambiguous
P13569	Q1280N	0.3144	benign
P13569	Q1280P	0.1026	benign
P13569	Q1280R	0.0985	benign
P13569	Q1280S	0.2467	benign
P13569	Q1280T	0.2259	benign
P13569	Q1280V	0.2802	benign
P13569	Q1280W	0.39	ambiguous
P13569	Q1280Y	0.3598	ambiguous
P13569	Q1281A	0.1849	benign
P13569	Q1281C	0.4988	ambiguous
P13569	Q1281D	0.2324	benign
P13569	Q1281E	0.0623	benign
P13569	Q1281F	0.6432	pathogenic
P13569	Q1281G	0.1995	benign
P13569	Q1281H	0.196	benign
P13569	Q1281I	0.3328	benign
P13569	Q1281K	0.076	benign
P13569	Q1281L	0.1381	benign
P13569	Q1281M	0.32	benign
P13569	Q1281N	0.2327	benign
P13569	Q1281P	0.2652	benign
P13569	Q1281R	0.1028	benign
P13569	Q1281S	0.2307	benign
P13569	Q1281T	0.1627	benign
P13569	Q1281V	0.2342	benign
P13569	Q1281W	0.4411	ambiguous
P13569	Q1281Y	0.3879	ambiguous
P13569	W1282A	0.9582	pathogenic
P13569	W1282C	0.9585	pathogenic
P13569	W1282D	0.9985	pathogenic
P13569	W1282E	0.9959	pathogenic
P13569	W1282F	0.6287	pathogenic
P13569	W1282G	0.913	pathogenic
P13569	W1282H	0.9838	pathogenic
P13569	W1282I	0.9267	pathogenic
P13569	W1282K	0.9966	pathogenic
P13569	W1282L	0.7306	pathogenic
P13569	W1282M	0.926	pathogenic
P13569	W1282N	0.9946	pathogenic
P13569	W1282P	0.9985	pathogenic
P13569	W1282Q	0.9941	pathogenic
P13569	W1282R	0.9934	pathogenic
P13569	W1282S	0.9595	pathogenic
P13569	W1282T	0.9626	pathogenic
P13569	W1282V	0.9143	pathogenic
P13569	W1282Y	0.8175	pathogenic
P13569	R1283A	0.9897	pathogenic
P13569	R1283C	0.7035	pathogenic
P13569	R1283D	0.9977	pathogenic
P13569	R1283E	0.9405	pathogenic
P13569	R1283F	0.9958	pathogenic
P13569	R1283G	0.9613	pathogenic
P13569	R1283H	0.755	pathogenic
P13569	R1283I	0.9703	pathogenic
P13569	R1283K	0.692	pathogenic
P13569	R1283L	0.9345	pathogenic
P13569	R1283M	0.9709	pathogenic
P13569	R1283N	0.9926	pathogenic
P13569	R1283P	0.9938	pathogenic
P13569	R1283Q	0.5713	pathogenic
P13569	R1283S	0.9924	pathogenic
P13569	R1283T	0.9886	pathogenic
P13569	R1283V	0.9822	pathogenic
P13569	R1283W	0.8456	pathogenic
P13569	R1283Y	0.9715	pathogenic
P13569	K1284A	0.4204	ambiguous
P13569	K1284C	0.6956	pathogenic
P13569	K1284D	0.7097	pathogenic
P13569	K1284E	0.1749	benign
P13569	K1284F	0.8315	pathogenic
P13569	K1284G	0.4887	ambiguous
P13569	K1284H	0.3773	ambiguous
P13569	K1284I	0.5052	ambiguous
P13569	K1284L	0.4256	ambiguous
P13569	K1284M	0.2501	benign
P13569	K1284N	0.4709	ambiguous
P13569	K1284P	0.9458	pathogenic
P13569	K1284Q	0.1451	benign
P13569	K1284R	0.085	benign
P13569	K1284S	0.4584	ambiguous
P13569	K1284T	0.2548	benign
P13569	K1284V	0.4709	ambiguous
P13569	K1284W	0.8052	pathogenic
P13569	K1284Y	0.6596	pathogenic
P13569	A1285C	0.6711	pathogenic
P13569	A1285D	0.8534	pathogenic
P13569	A1285E	0.814	pathogenic
P13569	A1285F	0.7681	pathogenic
P13569	A1285G	0.3352	benign
P13569	A1285H	0.8361	pathogenic
P13569	A1285I	0.5804	pathogenic
P13569	A1285K	0.8847	pathogenic
P13569	A1285L	0.5679	pathogenic
P13569	A1285M	0.5614	ambiguous
P13569	A1285N	0.6661	pathogenic
P13569	A1285P	0.9469	pathogenic
P13569	A1285Q	0.7692	pathogenic
P13569	A1285R	0.7978	pathogenic
P13569	A1285S	0.1748	benign
P13569	A1285T	0.2696	benign
P13569	A1285V	0.318	benign
P13569	A1285W	0.9599	pathogenic
P13569	A1285Y	0.8065	pathogenic
P13569	F1286A	0.9432	pathogenic
P13569	F1286C	0.7988	pathogenic
P13569	F1286D	0.9987	pathogenic
P13569	F1286E	0.9983	pathogenic
P13569	F1286G	0.9899	pathogenic
P13569	F1286H	0.9781	pathogenic
P13569	F1286I	0.7442	pathogenic
P13569	F1286K	0.997	pathogenic
P13569	F1286L	0.973	pathogenic
P13569	F1286M	0.8675	pathogenic
P13569	F1286N	0.9916	pathogenic
P13569	F1286P	0.9994	pathogenic
P13569	F1286Q	0.9943	pathogenic
P13569	F1286R	0.9898	pathogenic
P13569	F1286S	0.9436	pathogenic
P13569	F1286T	0.9441	pathogenic
P13569	F1286V	0.6747	pathogenic
P13569	F1286W	0.8397	pathogenic
P13569	F1286Y	0.7026	pathogenic
P13569	G1287A	0.2567	benign
P13569	G1287C	0.5847	pathogenic
P13569	G1287D	0.9502	pathogenic
P13569	G1287E	0.9376	pathogenic
P13569	G1287F	0.9674	pathogenic
P13569	G1287H	0.9429	pathogenic
P13569	G1287I	0.8986	pathogenic
P13569	G1287K	0.9635	pathogenic
P13569	G1287L	0.9167	pathogenic
P13569	G1287M	0.9387	pathogenic
P13569	G1287N	0.9341	pathogenic
P13569	G1287P	0.9955	pathogenic
P13569	G1287Q	0.9012	pathogenic
P13569	G1287R	0.8617	pathogenic
P13569	G1287S	0.2835	benign
P13569	G1287T	0.6835	pathogenic
P13569	G1287V	0.7998	pathogenic
P13569	G1287W	0.9262	pathogenic
P13569	G1287Y	0.9559	pathogenic
P13569	V1288A	0.7269	pathogenic
P13569	V1288C	0.8936	pathogenic
P13569	V1288D	0.9635	pathogenic
P13569	V1288E	0.9337	pathogenic
P13569	V1288F	0.5053	ambiguous
P13569	V1288G	0.7675	pathogenic
P13569	V1288H	0.9731	pathogenic
P13569	V1288I	0.1014	benign
P13569	V1288K	0.9537	pathogenic
P13569	V1288L	0.6226	pathogenic
P13569	V1288M	0.3918	ambiguous
P13569	V1288N	0.8824	pathogenic
P13569	V1288P	0.9847	pathogenic
P13569	V1288Q	0.9365	pathogenic
P13569	V1288R	0.9328	pathogenic
P13569	V1288S	0.8035	pathogenic
P13569	V1288T	0.7274	pathogenic
P13569	V1288W	0.9816	pathogenic
P13569	V1288Y	0.9167	pathogenic
P13569	I1289A	0.9169	pathogenic
P13569	I1289C	0.9278	pathogenic
P13569	I1289D	0.9952	pathogenic
P13569	I1289E	0.9883	pathogenic
P13569	I1289F	0.443	ambiguous
P13569	I1289G	0.9903	pathogenic
P13569	I1289H	0.9685	pathogenic
P13569	I1289K	0.9759	pathogenic
P13569	I1289L	0.2109	benign
P13569	I1289M	0.2061	benign
P13569	I1289N	0.913	pathogenic
P13569	I1289P	0.9886	pathogenic
P13569	I1289Q	0.966	pathogenic
P13569	I1289R	0.9609	pathogenic
P13569	I1289S	0.9004	pathogenic
P13569	I1289T	0.8748	pathogenic
P13569	I1289V	0.1765	benign
P13569	I1289W	0.9776	pathogenic
P13569	I1289Y	0.9155	pathogenic
P13569	P1290A	0.4508	ambiguous
P13569	P1290C	0.8973	pathogenic
P13569	P1290D	0.9803	pathogenic
P13569	P1290E	0.9324	pathogenic
P13569	P1290F	0.9582	pathogenic
P13569	P1290G	0.8622	pathogenic
P13569	P1290H	0.7996	pathogenic
P13569	P1290I	0.9174	pathogenic
P13569	P1290K	0.9574	pathogenic
P13569	P1290L	0.4939	ambiguous
P13569	P1290M	0.8602	pathogenic
P13569	P1290N	0.9247	pathogenic
P13569	P1290Q	0.7718	pathogenic
P13569	P1290R	0.8465	pathogenic
P13569	P1290S	0.5321	ambiguous
P13569	P1290T	0.3816	ambiguous
P13569	P1290V	0.8319	pathogenic
P13569	P1290W	0.981	pathogenic
P13569	P1290Y	0.9633	pathogenic
P13569	Q1291A	0.8316	pathogenic
P13569	Q1291C	0.9948	pathogenic
P13569	Q1291D	0.9782	pathogenic
P13569	Q1291E	0.3244	benign
P13569	Q1291F	0.9975	pathogenic
P13569	Q1291G	0.7697	pathogenic
P13569	Q1291H	0.9749	pathogenic
P13569	Q1291I	0.9839	pathogenic
P13569	Q1291K	0.7934	pathogenic
P13569	Q1291L	0.8718	pathogenic
P13569	Q1291M	0.9262	pathogenic
P13569	Q1291N	0.9281	pathogenic
P13569	Q1291P	0.7945	pathogenic
P13569	Q1291R	0.7929	pathogenic
P13569	Q1291S	0.8297	pathogenic
P13569	Q1291T	0.8972	pathogenic
P13569	Q1291V	0.9414	pathogenic
P13569	Q1291W	0.9968	pathogenic
P13569	Q1291Y	0.9952	pathogenic
P13569	K1292A	0.612	pathogenic
P13569	K1292C	0.8354	pathogenic
P13569	K1292D	0.6752	pathogenic
P13569	K1292E	0.2822	benign
P13569	K1292F	0.9185	pathogenic
P13569	K1292G	0.6948	pathogenic
P13569	K1292H	0.3882	ambiguous
P13569	K1292I	0.6557	pathogenic
P13569	K1292L	0.6602	pathogenic
P13569	K1292M	0.433	ambiguous
P13569	K1292N	0.5086	ambiguous
P13569	K1292P	0.9095	pathogenic
P13569	K1292Q	0.2162	benign
P13569	K1292R	0.0943	benign
P13569	K1292S	0.6329	pathogenic
P13569	K1292T	0.3446	ambiguous
P13569	K1292V	0.6032	pathogenic
P13569	K1292W	0.8628	pathogenic
P13569	K1292Y	0.743	pathogenic
P13569	V1293A	0.4108	ambiguous
P13569	V1293C	0.8636	pathogenic
P13569	V1293D	0.8097	pathogenic
P13569	V1293E	0.7842	pathogenic
P13569	V1293F	0.5764	pathogenic
P13569	V1293G	0.498	ambiguous
P13569	V1293H	0.94	pathogenic
P13569	V1293I	0.1118	benign
P13569	V1293K	0.9186	pathogenic
P13569	V1293L	0.5717	pathogenic
P13569	V1293M	0.445	ambiguous
P13569	V1293N	0.6214	pathogenic
P13569	V1293P	0.533	ambiguous
P13569	V1293Q	0.861	pathogenic
P13569	V1293R	0.8876	pathogenic
P13569	V1293S	0.5159	ambiguous
P13569	V1293T	0.4922	ambiguous
P13569	V1293W	0.9794	pathogenic
P13569	V1293Y	0.8822	pathogenic
P13569	F1294A	0.8897	pathogenic
P13569	F1294C	0.68	pathogenic
P13569	F1294D	0.9792	pathogenic
P13569	F1294E	0.9815	pathogenic
P13569	F1294G	0.9618	pathogenic
P13569	F1294H	0.896	pathogenic
P13569	F1294I	0.6606	pathogenic
P13569	F1294K	0.9869	pathogenic
P13569	F1294L	0.9626	pathogenic
P13569	F1294M	0.8619	pathogenic
P13569	F1294N	0.9281	pathogenic
P13569	F1294P	0.9918	pathogenic
P13569	F1294Q	0.9666	pathogenic
P13569	F1294R	0.9585	pathogenic
P13569	F1294S	0.8022	pathogenic
P13569	F1294T	0.8955	pathogenic
P13569	F1294V	0.5904	pathogenic
P13569	F1294W	0.837	pathogenic
P13569	F1294Y	0.478	ambiguous
P13569	I1295A	0.7788	pathogenic
P13569	I1295C	0.8245	pathogenic
P13569	I1295D	0.9888	pathogenic
P13569	I1295E	0.9837	pathogenic
P13569	I1295F	0.44	ambiguous
P13569	I1295G	0.957	pathogenic
P13569	I1295H	0.9459	pathogenic
P13569	I1295K	0.9737	pathogenic
P13569	I1295L	0.1324	benign
P13569	I1295M	0.2725	benign
P13569	I1295N	0.8567	pathogenic
P13569	I1295P	0.9457	pathogenic
P13569	I1295Q	0.957	pathogenic
P13569	I1295R	0.9407	pathogenic
P13569	I1295S	0.8018	pathogenic
P13569	I1295T	0.699	pathogenic
P13569	I1295V	0.0946	benign
P13569	I1295W	0.9735	pathogenic
P13569	I1295Y	0.8909	pathogenic
P13569	F1296A	0.9173	pathogenic
P13569	F1296C	0.6388	pathogenic
P13569	F1296D	0.9901	pathogenic
P13569	F1296E	0.9906	pathogenic
P13569	F1296G	0.9694	pathogenic
P13569	F1296H	0.9091	pathogenic
P13569	F1296I	0.5106	ambiguous
P13569	F1296K	0.9882	pathogenic
P13569	F1296L	0.8495	pathogenic
P13569	F1296M	0.8059	pathogenic
P13569	F1296N	0.9603	pathogenic
P13569	F1296P	0.9897	pathogenic
P13569	F1296Q	0.9756	pathogenic
P13569	F1296R	0.9629	pathogenic
P13569	F1296S	0.8672	pathogenic
P13569	F1296T	0.913	pathogenic
P13569	F1296V	0.5293	ambiguous
P13569	F1296W	0.7879	pathogenic
P13569	F1296Y	0.4257	ambiguous
P13569	S1297A	0.109	benign
P13569	S1297C	0.1179	benign
P13569	S1297D	0.5661	pathogenic
P13569	S1297E	0.6502	pathogenic
P13569	S1297F	0.3637	ambiguous
P13569	S1297G	0.1061	benign
P13569	S1297H	0.3467	ambiguous
P13569	S1297I	0.3673	ambiguous
P13569	S1297K	0.6498	pathogenic
P13569	S1297L	0.1705	benign
P13569	S1297M	0.3309	benign
P13569	S1297N	0.1892	benign
P13569	S1297P	0.3246	benign
P13569	S1297Q	0.5656	pathogenic
P13569	S1297R	0.4876	ambiguous
P13569	S1297T	0.0851	benign
P13569	S1297V	0.366	ambiguous
P13569	S1297W	0.4334	ambiguous
P13569	S1297Y	0.2581	benign
P13569	G1298A	0.4349	ambiguous
P13569	G1298C	0.6495	pathogenic
P13569	G1298D	0.6234	pathogenic
P13569	G1298E	0.745	pathogenic
P13569	G1298F	0.9651	pathogenic
P13569	G1298H	0.9132	pathogenic
P13569	G1298I	0.9467	pathogenic
P13569	G1298K	0.9168	pathogenic
P13569	G1298L	0.9309	pathogenic
P13569	G1298M	0.9281	pathogenic
P13569	G1298N	0.7593	pathogenic
P13569	G1298P	0.9942	pathogenic
P13569	G1298Q	0.8301	pathogenic
P13569	G1298R	0.8259	pathogenic
P13569	G1298S	0.2562	benign
P13569	G1298T	0.6894	pathogenic
P13569	G1298V	0.8703	pathogenic
P13569	G1298W	0.9176	pathogenic
P13569	G1298Y	0.926	pathogenic
P13569	T1299A	0.1675	benign
P13569	T1299C	0.4955	ambiguous
P13569	T1299D	0.5178	ambiguous
P13569	T1299E	0.6319	pathogenic
P13569	T1299F	0.6524	pathogenic
P13569	T1299G	0.3854	ambiguous
P13569	T1299H	0.4074	ambiguous
P13569	T1299I	0.6346	pathogenic
P13569	T1299K	0.4325	ambiguous
P13569	T1299L	0.3527	ambiguous
P13569	T1299M	0.238	benign
P13569	T1299N	0.1626	benign
P13569	T1299P	0.1166	benign
P13569	T1299Q	0.4873	ambiguous
P13569	T1299R	0.378	ambiguous
P13569	T1299S	0.1017	benign
P13569	T1299V	0.5121	ambiguous
P13569	T1299W	0.8778	pathogenic
P13569	T1299Y	0.5725	pathogenic
P13569	F1300A	0.9179	pathogenic
P13569	F1300C	0.6673	pathogenic
P13569	F1300D	0.9981	pathogenic
P13569	F1300E	0.9971	pathogenic
P13569	F1300G	0.9883	pathogenic
P13569	F1300H	0.9864	pathogenic
P13569	F1300I	0.2337	benign
P13569	F1300K	0.9975	pathogenic
P13569	F1300L	0.7793	pathogenic
P13569	F1300M	0.6124	pathogenic
P13569	F1300N	0.9896	pathogenic
P13569	F1300P	0.9946	pathogenic
P13569	F1300Q	0.9944	pathogenic
P13569	F1300R	0.9931	pathogenic
P13569	F1300S	0.9578	pathogenic
P13569	F1300T	0.9436	pathogenic
P13569	F1300V	0.2671	benign
P13569	F1300W	0.8641	pathogenic
P13569	F1300Y	0.6421	pathogenic
P13569	R1301A	0.8753	pathogenic
P13569	R1301C	0.3287	benign
P13569	R1301D	0.9903	pathogenic
P13569	R1301E	0.8121	pathogenic
P13569	R1301F	0.9294	pathogenic
P13569	R1301G	0.7393	pathogenic
P13569	R1301H	0.3305	benign
P13569	R1301I	0.7908	pathogenic
P13569	R1301K	0.2493	benign
P13569	R1301L	0.7332	pathogenic
P13569	R1301M	0.8005	pathogenic
P13569	R1301N	0.9752	pathogenic
P13569	R1301P	0.9754	pathogenic
P13569	R1301Q	0.1819	benign
P13569	R1301S	0.9113	pathogenic
P13569	R1301T	0.8447	pathogenic
P13569	R1301V	0.8748	pathogenic
P13569	R1301W	0.4452	ambiguous
P13569	R1301Y	0.8298	pathogenic
P13569	K1302A	0.3395	benign
P13569	K1302C	0.5754	pathogenic
P13569	K1302D	0.5658	pathogenic
P13569	K1302E	0.1326	benign
P13569	K1302F	0.6789	pathogenic
P13569	K1302G	0.4028	ambiguous
P13569	K1302H	0.3094	benign
P13569	K1302I	0.3151	benign
P13569	K1302L	0.266	benign
P13569	K1302M	0.1462	benign
P13569	K1302N	0.3413	ambiguous
P13569	K1302P	0.9416	pathogenic
P13569	K1302Q	0.1028	benign
P13569	K1302R	0.0837	benign
P13569	K1302S	0.3647	ambiguous
P13569	K1302T	0.1835	benign
P13569	K1302V	0.3141	benign
P13569	K1302W	0.6436	pathogenic
P13569	K1302Y	0.4625	ambiguous
P13569	N1303A	0.9606	pathogenic
P13569	N1303C	0.8946	pathogenic
P13569	N1303D	0.9594	pathogenic
P13569	N1303E	0.9879	pathogenic
P13569	N1303F	0.983	pathogenic
P13569	N1303G	0.9654	pathogenic
P13569	N1303H	0.8845	pathogenic
P13569	N1303I	0.7889	pathogenic
P13569	N1303K	0.9907	pathogenic
P13569	N1303L	0.8733	pathogenic
P13569	N1303M	0.8948	pathogenic
P13569	N1303P	0.9931	pathogenic
P13569	N1303Q	0.9856	pathogenic
P13569	N1303R	0.9923	pathogenic
P13569	N1303S	0.7406	pathogenic
P13569	N1303T	0.8504	pathogenic
P13569	N1303V	0.8269	pathogenic
P13569	N1303W	0.9961	pathogenic
P13569	N1303Y	0.8104	pathogenic
P13569	L1304A	0.879	pathogenic
P13569	L1304C	0.8949	pathogenic
P13569	L1304D	0.999	pathogenic
P13569	L1304E	0.9919	pathogenic
P13569	L1304F	0.5757	pathogenic
P13569	L1304G	0.9891	pathogenic
P13569	L1304H	0.9799	pathogenic
P13569	L1304I	0.1357	benign
P13569	L1304K	0.9902	pathogenic
P13569	L1304M	0.2181	benign
P13569	L1304N	0.9926	pathogenic
P13569	L1304P	0.9965	pathogenic
P13569	L1304Q	0.9682	pathogenic
P13569	L1304R	0.9767	pathogenic
P13569	L1304S	0.9738	pathogenic
P13569	L1304T	0.8343	pathogenic
P13569	L1304V	0.2053	benign
P13569	L1304W	0.9045	pathogenic
P13569	L1304Y	0.9596	pathogenic
P13569	D1305A	0.7139	pathogenic
P13569	D1305C	0.9253	pathogenic
P13569	D1305E	0.916	pathogenic
P13569	D1305F	0.954	pathogenic
P13569	D1305G	0.9262	pathogenic
P13569	D1305H	0.9027	pathogenic
P13569	D1305I	0.9333	pathogenic
P13569	D1305K	0.9846	pathogenic
P13569	D1305L	0.8958	pathogenic
P13569	D1305M	0.9789	pathogenic
P13569	D1305N	0.7035	pathogenic
P13569	D1305P	0.9902	pathogenic
P13569	D1305Q	0.9668	pathogenic
P13569	D1305R	0.973	pathogenic
P13569	D1305S	0.7233	pathogenic
P13569	D1305T	0.9457	pathogenic
P13569	D1305V	0.819	pathogenic
P13569	D1305W	0.9928	pathogenic
P13569	D1305Y	0.7804	pathogenic
P13569	P1306A	0.5465	ambiguous
P13569	P1306C	0.9216	pathogenic
P13569	P1306D	0.9856	pathogenic
P13569	P1306E	0.9574	pathogenic
P13569	P1306F	0.9539	pathogenic
P13569	P1306G	0.9376	pathogenic
P13569	P1306H	0.8774	pathogenic
P13569	P1306I	0.7346	pathogenic
P13569	P1306K	0.9535	pathogenic
P13569	P1306L	0.5826	pathogenic
P13569	P1306M	0.881	pathogenic
P13569	P1306N	0.9725	pathogenic
P13569	P1306Q	0.8972	pathogenic
P13569	P1306R	0.8452	pathogenic
P13569	P1306S	0.8221	pathogenic
P13569	P1306T	0.6754	pathogenic
P13569	P1306V	0.6809	pathogenic
P13569	P1306W	0.9849	pathogenic
P13569	P1306Y	0.9606	pathogenic
P13569	Y1307A	0.2122	benign
P13569	Y1307C	0.0644	benign
P13569	Y1307D	0.1141	benign
P13569	Y1307E	0.2647	benign
P13569	Y1307F	0.102	benign
P13569	Y1307G	0.151	benign
P13569	Y1307H	0.0889	benign
P13569	Y1307I	0.3186	benign
P13569	Y1307K	0.2169	benign
P13569	Y1307L	0.2471	benign
P13569	Y1307M	0.3641	ambiguous
P13569	Y1307N	0.0779	benign
P13569	Y1307P	0.7162	pathogenic
P13569	Y1307Q	0.1812	benign
P13569	Y1307R	0.139	benign
P13569	Y1307S	0.0927	benign
P13569	Y1307T	0.2078	benign
P13569	Y1307V	0.2464	benign
P13569	Y1307W	0.2559	benign
P13569	E1308A	0.1055	benign
P13569	E1308C	0.3282	benign
P13569	E1308D	0.0962	benign
P13569	E1308F	0.4536	ambiguous
P13569	E1308G	0.0485	benign
P13569	E1308H	0.2033	benign
P13569	E1308I	0.2831	benign
P13569	E1308K	0.0872	benign
P13569	E1308L	0.2211	benign
P13569	E1308M	0.2804	benign
P13569	E1308N	0.1361	benign
P13569	E1308P	0.6072	pathogenic
P13569	E1308Q	0.0851	benign
P13569	E1308R	0.105	benign
P13569	E1308S	0.1014	benign
P13569	E1308T	0.1693	benign
P13569	E1308V	0.1912	benign
P13569	E1308W	0.4964	ambiguous
P13569	E1308Y	0.2879	benign
P13569	Q1309A	0.1954	benign
P13569	Q1309C	0.374	ambiguous
P13569	Q1309D	0.3163	benign
P13569	Q1309E	0.0788	benign
P13569	Q1309F	0.5341	ambiguous
P13569	Q1309G	0.21	benign
P13569	Q1309H	0.1714	benign
P13569	Q1309I	0.2546	benign
P13569	Q1309K	0.0658	benign
P13569	Q1309L	0.1061	benign
P13569	Q1309M	0.2572	benign
P13569	Q1309N	0.2153	benign
P13569	Q1309P	0.3886	ambiguous
P13569	Q1309R	0.0813	benign
P13569	Q1309S	0.2441	benign
P13569	Q1309T	0.1724	benign
P13569	Q1309V	0.2019	benign
P13569	Q1309W	0.3983	ambiguous
P13569	Q1309Y	0.316	benign
P13569	W1310A	0.6337	pathogenic
P13569	W1310C	0.5964	pathogenic
P13569	W1310D	0.8895	pathogenic
P13569	W1310E	0.8655	pathogenic
P13569	W1310F	0.2934	benign
P13569	W1310G	0.4141	ambiguous
P13569	W1310H	0.5252	ambiguous
P13569	W1310I	0.7741	pathogenic
P13569	W1310K	0.7909	pathogenic
P13569	W1310L	0.4863	ambiguous
P13569	W1310M	0.7501	pathogenic
P13569	W1310N	0.7748	pathogenic
P13569	W1310P	0.9807	pathogenic
P13569	W1310Q	0.7878	pathogenic
P13569	W1310R	0.7022	pathogenic
P13569	W1310S	0.5159	ambiguous
P13569	W1310T	0.7666	pathogenic
P13569	W1310V	0.6931	pathogenic
P13569	W1310Y	0.3157	benign
P13569	S1311A	0.1293	benign
P13569	S1311C	0.0972	benign
P13569	S1311D	0.0979	benign
P13569	S1311E	0.2231	benign
P13569	S1311F	0.3945	ambiguous
P13569	S1311G	0.0755	benign
P13569	S1311H	0.1711	benign
P13569	S1311I	0.1975	benign
P13569	S1311K	0.2202	benign
P13569	S1311L	0.1555	benign
P13569	S1311M	0.2043	benign
P13569	S1311N	0.0572	benign
P13569	S1311P	0.2714	benign
P13569	S1311Q	0.2665	benign
P13569	S1311R	0.2047	benign
P13569	S1311T	0.0735	benign
P13569	S1311V	0.2305	benign
P13569	S1311W	0.4144	ambiguous
P13569	S1311Y	0.2177	benign
P13569	D1312A	0.3901	ambiguous
P13569	D1312C	0.7885	pathogenic
P13569	D1312E	0.2427	benign
P13569	D1312F	0.8584	pathogenic
P13569	D1312G	0.3933	ambiguous
P13569	D1312H	0.4688	ambiguous
P13569	D1312I	0.633	pathogenic
P13569	D1312K	0.5559	ambiguous
P13569	D1312L	0.6594	pathogenic
P13569	D1312M	0.8483	pathogenic
P13569	D1312N	0.123	benign
P13569	D1312P	0.7787	pathogenic
P13569	D1312Q	0.536	ambiguous
P13569	D1312R	0.5893	pathogenic
P13569	D1312S	0.2008	benign
P13569	D1312T	0.454	ambiguous
P13569	D1312V	0.4571	ambiguous
P13569	D1312W	0.9675	pathogenic
P13569	D1312Y	0.4465	ambiguous
P13569	Q1313A	0.108	benign
P13569	Q1313C	0.3549	ambiguous
P13569	Q1313D	0.119	benign
P13569	Q1313E	0.0486	benign
P13569	Q1313F	0.4626	ambiguous
P13569	Q1313G	0.1187	benign
P13569	Q1313H	0.1253	benign
P13569	Q1313I	0.229	benign
P13569	Q1313K	0.0649	benign
P13569	Q1313L	0.1022	benign
P13569	Q1313M	0.24	benign
P13569	Q1313N	0.1407	benign
P13569	Q1313P	0.1061	benign
P13569	Q1313R	0.0788	benign
P13569	Q1313S	0.1285	benign
P13569	Q1313T	0.1075	benign
P13569	Q1313V	0.1625	benign
P13569	Q1313W	0.2675	benign
P13569	Q1313Y	0.2648	benign
P13569	E1314A	0.2004	benign
P13569	E1314C	0.8953	pathogenic
P13569	E1314D	0.1499	benign
P13569	E1314F	0.8729	pathogenic
P13569	E1314G	0.2897	benign
P13569	E1314H	0.6172	pathogenic
P13569	E1314I	0.5147	ambiguous
P13569	E1314K	0.2164	benign
P13569	E1314L	0.5608	ambiguous
P13569	E1314M	0.5356	ambiguous
P13569	E1314N	0.3436	ambiguous
P13569	E1314P	0.938	pathogenic
P13569	E1314Q	0.1983	benign
P13569	E1314R	0.4081	ambiguous
P13569	E1314S	0.351	ambiguous
P13569	E1314T	0.353	ambiguous
P13569	E1314V	0.3027	benign
P13569	E1314W	0.9464	pathogenic
P13569	E1314Y	0.7159	pathogenic
P13569	I1315A	0.8441	pathogenic
P13569	I1315C	0.9028	pathogenic
P13569	I1315D	0.9842	pathogenic
P13569	I1315E	0.9614	pathogenic
P13569	I1315F	0.5189	ambiguous
P13569	I1315G	0.9573	pathogenic
P13569	I1315H	0.9502	pathogenic
P13569	I1315K	0.895	pathogenic
P13569	I1315L	0.0829	benign
P13569	I1315M	0.15	benign
P13569	I1315N	0.823	pathogenic
P13569	I1315P	0.9794	pathogenic
P13569	I1315Q	0.9255	pathogenic
P13569	I1315R	0.8697	pathogenic
P13569	I1315S	0.8861	pathogenic
P13569	I1315T	0.766	pathogenic
P13569	I1315V	0.1645	benign
P13569	I1315W	0.9542	pathogenic
P13569	I1315Y	0.8663	pathogenic
P13569	W1316A	0.8274	pathogenic
P13569	W1316C	0.8623	pathogenic
P13569	W1316D	0.9661	pathogenic
P13569	W1316E	0.9006	pathogenic
P13569	W1316F	0.4974	ambiguous
P13569	W1316G	0.6849	pathogenic
P13569	W1316H	0.9162	pathogenic
P13569	W1316I	0.8296	pathogenic
P13569	W1316K	0.9566	pathogenic
P13569	W1316L	0.5608	ambiguous
P13569	W1316M	0.7895	pathogenic
P13569	W1316N	0.9421	pathogenic
P13569	W1316P	0.9963	pathogenic
P13569	W1316Q	0.9123	pathogenic
P13569	W1316R	0.9217	pathogenic
P13569	W1316S	0.7144	pathogenic
P13569	W1316T	0.8437	pathogenic
P13569	W1316V	0.8157	pathogenic
P13569	W1316Y	0.7072	pathogenic
P13569	K1317A	0.197	benign
P13569	K1317C	0.5188	ambiguous
P13569	K1317D	0.2791	benign
P13569	K1317E	0.0891	benign
P13569	K1317F	0.6056	pathogenic
P13569	K1317G	0.2974	benign
P13569	K1317H	0.2094	benign
P13569	K1317I	0.2525	benign
P13569	K1317L	0.2259	benign
P13569	K1317M	0.1359	benign
P13569	K1317N	0.1613	benign
P13569	K1317P	0.8844	pathogenic
P13569	K1317Q	0.0974	benign
P13569	K1317R	0.0793	benign
P13569	K1317S	0.235	benign
P13569	K1317T	0.1251	benign
P13569	K1317V	0.2462	benign
P13569	K1317W	0.6278	pathogenic
P13569	K1317Y	0.4349	ambiguous
P13569	V1318A	0.2068	benign
P13569	V1318C	0.911	pathogenic
P13569	V1318D	0.8739	pathogenic
P13569	V1318E	0.7919	pathogenic
P13569	V1318F	0.5931	pathogenic
P13569	V1318G	0.5586	ambiguous
P13569	V1318H	0.9173	pathogenic
P13569	V1318I	0.1411	benign
P13569	V1318K	0.8286	pathogenic
P13569	V1318L	0.7149	pathogenic
P13569	V1318M	0.4168	ambiguous
P13569	V1318N	0.786	pathogenic
P13569	V1318P	0.971	pathogenic
P13569	V1318Q	0.8184	pathogenic
P13569	V1318R	0.7941	pathogenic
P13569	V1318S	0.451	ambiguous
P13569	V1318T	0.2784	benign
P13569	V1318W	0.9761	pathogenic
P13569	V1318Y	0.8983	pathogenic
P13569	A1319C	0.4897	ambiguous
P13569	A1319D	0.951	pathogenic
P13569	A1319E	0.885	pathogenic
P13569	A1319F	0.793	pathogenic
P13569	A1319G	0.3683	ambiguous
P13569	A1319H	0.9599	pathogenic
P13569	A1319I	0.3215	benign
P13569	A1319K	0.9626	pathogenic
P13569	A1319L	0.3112	benign
P13569	A1319M	0.3385	benign
P13569	A1319N	0.8614	pathogenic
P13569	A1319P	0.9543	pathogenic
P13569	A1319Q	0.8897	pathogenic
P13569	A1319R	0.9252	pathogenic
P13569	A1319S	0.2006	benign
P13569	A1319T	0.0886	benign
P13569	A1319V	0.1424	benign
P13569	A1319W	0.9705	pathogenic
P13569	A1319Y	0.9273	pathogenic
P13569	D1320A	0.123	benign
P13569	D1320C	0.3911	ambiguous
P13569	D1320E	0.0859	benign
P13569	D1320F	0.4995	ambiguous
P13569	D1320G	0.1204	benign
P13569	D1320H	0.1723	benign
P13569	D1320I	0.3297	benign
P13569	D1320K	0.2002	benign
P13569	D1320L	0.3446	ambiguous
P13569	D1320M	0.4923	ambiguous
P13569	D1320N	0.0785	benign
P13569	D1320P	0.8832	pathogenic
P13569	D1320Q	0.1824	benign
P13569	D1320R	0.2175	benign
P13569	D1320S	0.0928	benign
P13569	D1320T	0.1886	benign
P13569	D1320V	0.1836	benign
P13569	D1320W	0.7662	pathogenic
P13569	D1320Y	0.1773	benign
P13569	E1321A	0.1836	benign
P13569	E1321C	0.8429	pathogenic
P13569	E1321D	0.26	benign
P13569	E1321F	0.7968	pathogenic
P13569	E1321G	0.2801	benign
P13569	E1321H	0.4874	ambiguous
P13569	E1321I	0.3916	ambiguous
P13569	E1321K	0.1135	benign
P13569	E1321L	0.4485	ambiguous
P13569	E1321M	0.4397	ambiguous
P13569	E1321N	0.3823	ambiguous
P13569	E1321P	0.9761	pathogenic
P13569	E1321Q	0.1319	benign
P13569	E1321R	0.2095	benign
P13569	E1321S	0.2834	benign
P13569	E1321T	0.2502	benign
P13569	E1321V	0.2588	benign
P13569	E1321W	0.9154	pathogenic
P13569	E1321Y	0.6713	pathogenic
P13569	V1322A	0.3493	ambiguous
P13569	V1322C	0.9299	pathogenic
P13569	V1322D	0.97	pathogenic
P13569	V1322E	0.9463	pathogenic
P13569	V1322F	0.8268	pathogenic
P13569	V1322G	0.6096	pathogenic
P13569	V1322H	0.9833	pathogenic
P13569	V1322I	0.2442	benign
P13569	V1322K	0.978	pathogenic
P13569	V1322L	0.8446	pathogenic
P13569	V1322M	0.6851	pathogenic
P13569	V1322N	0.9174	pathogenic
P13569	V1322P	0.9916	pathogenic
P13569	V1322Q	0.9624	pathogenic
P13569	V1322R	0.9608	pathogenic
P13569	V1322S	0.6066	pathogenic
P13569	V1322T	0.4273	ambiguous
P13569	V1322W	0.9944	pathogenic
P13569	V1322Y	0.9746	pathogenic
P13569	G1323A	0.4504	ambiguous
P13569	G1323C	0.4482	ambiguous
P13569	G1323D	0.6902	pathogenic
P13569	G1323E	0.6664	pathogenic
P13569	G1323F	0.9251	pathogenic
P13569	G1323H	0.7918	pathogenic
P13569	G1323I	0.8961	pathogenic
P13569	G1323K	0.8258	pathogenic
P13569	G1323L	0.8738	pathogenic
P13569	G1323M	0.8886	pathogenic
P13569	G1323N	0.7107	pathogenic
P13569	G1323P	0.9908	pathogenic
P13569	G1323Q	0.6582	pathogenic
P13569	G1323R	0.7031	pathogenic
P13569	G1323S	0.318	benign
P13569	G1323T	0.7808	pathogenic
P13569	G1323V	0.8183	pathogenic
P13569	G1323W	0.8545	pathogenic
P13569	G1323Y	0.8452	pathogenic
P13569	L1324A	0.959	pathogenic
P13569	L1324C	0.9375	pathogenic
P13569	L1324D	0.9984	pathogenic
P13569	L1324E	0.9901	pathogenic
P13569	L1324F	0.5621	ambiguous
P13569	L1324G	0.9877	pathogenic
P13569	L1324H	0.9826	pathogenic
P13569	L1324I	0.3062	benign
P13569	L1324K	0.9878	pathogenic
P13569	L1324M	0.2809	benign
P13569	L1324N	0.9915	pathogenic
P13569	L1324P	0.996	pathogenic
P13569	L1324Q	0.9643	pathogenic
P13569	L1324R	0.9792	pathogenic
P13569	L1324S	0.9873	pathogenic
P13569	L1324T	0.9683	pathogenic
P13569	L1324V	0.4364	ambiguous
P13569	L1324W	0.9026	pathogenic
P13569	L1324Y	0.9567	pathogenic
P13569	R1325A	0.2801	benign
P13569	R1325C	0.1335	benign
P13569	R1325D	0.7256	pathogenic
P13569	R1325E	0.3126	benign
P13569	R1325F	0.4875	ambiguous
P13569	R1325G	0.1501	benign
P13569	R1325H	0.1166	benign
P13569	R1325I	0.2207	benign
P13569	R1325K	0.0646	benign
P13569	R1325L	0.2085	benign
P13569	R1325M	0.2105	benign
P13569	R1325N	0.5251	ambiguous
P13569	R1325P	0.7959	pathogenic
P13569	R1325Q	0.0966	benign
P13569	R1325S	0.352	ambiguous
P13569	R1325T	0.2207	benign
P13569	R1325V	0.3161	benign
P13569	R1325W	0.2042	benign
P13569	R1325Y	0.33	benign
P13569	S1326A	0.0665	benign
P13569	S1326C	0.1269	benign
P13569	S1326D	0.3296	benign
P13569	S1326E	0.4057	ambiguous
P13569	S1326F	0.197	benign
P13569	S1326G	0.1059	benign
P13569	S1326H	0.3216	benign
P13569	S1326I	0.2505	benign
P13569	S1326K	0.5542	ambiguous
P13569	S1326L	0.0953	benign
P13569	S1326M	0.2034	benign
P13569	S1326N	0.1805	benign
P13569	S1326P	0.182	benign
P13569	S1326Q	0.4689	ambiguous
P13569	S1326R	0.5346	ambiguous
P13569	S1326T	0.0878	benign
P13569	S1326V	0.1943	benign
P13569	S1326W	0.2692	benign
P13569	S1326Y	0.1552	benign
P13569	V1327A	0.4503	ambiguous
P13569	V1327C	0.8693	pathogenic
P13569	V1327D	0.8634	pathogenic
P13569	V1327E	0.744	pathogenic
P13569	V1327F	0.3287	benign
P13569	V1327G	0.7	pathogenic
P13569	V1327H	0.8966	pathogenic
P13569	V1327I	0.0957	benign
P13569	V1327K	0.8114	pathogenic
P13569	V1327L	0.3412	ambiguous
P13569	V1327M	0.1825	benign
P13569	V1327N	0.7666	pathogenic
P13569	V1327P	0.9496	pathogenic
P13569	V1327Q	0.7474	pathogenic
P13569	V1327R	0.7716	pathogenic
P13569	V1327S	0.6095	pathogenic
P13569	V1327T	0.4877	ambiguous
P13569	V1327W	0.9511	pathogenic
P13569	V1327Y	0.8411	pathogenic
P13569	I1328A	0.5757	pathogenic
P13569	I1328C	0.9317	pathogenic
P13569	I1328D	0.9955	pathogenic
P13569	I1328E	0.9812	pathogenic
P13569	I1328F	0.5146	ambiguous
P13569	I1328G	0.966	pathogenic
P13569	I1328H	0.9853	pathogenic
P13569	I1328K	0.9709	pathogenic
P13569	I1328L	0.2628	benign
P13569	I1328M	0.1662	benign
P13569	I1328N	0.9569	pathogenic
P13569	I1328P	0.9825	pathogenic
P13569	I1328Q	0.9681	pathogenic
P13569	I1328R	0.9426	pathogenic
P13569	I1328S	0.8268	pathogenic
P13569	I1328T	0.3548	ambiguous
P13569	I1328V	0.1136	benign
P13569	I1328W	0.9757	pathogenic
P13569	I1328Y	0.9533	pathogenic
P13569	E1329A	0.2245	benign
P13569	E1329C	0.8429	pathogenic
P13569	E1329D	0.2284	benign
P13569	E1329F	0.8316	pathogenic
P13569	E1329G	0.2021	benign
P13569	E1329H	0.5264	ambiguous
P13569	E1329I	0.5545	ambiguous
P13569	E1329K	0.1661	benign
P13569	E1329L	0.4622	ambiguous
P13569	E1329M	0.5438	ambiguous
P13569	E1329N	0.346	ambiguous
P13569	E1329P	0.9534	pathogenic
P13569	E1329Q	0.1537	benign
P13569	E1329R	0.2806	benign
P13569	E1329S	0.2416	benign
P13569	E1329T	0.3245	benign
P13569	E1329V	0.3738	ambiguous
P13569	E1329W	0.9354	pathogenic
P13569	E1329Y	0.7099	pathogenic
P13569	Q1330A	0.2726	benign
P13569	Q1330C	0.6829	pathogenic
P13569	Q1330D	0.4359	ambiguous
P13569	Q1330E	0.1118	benign
P13569	Q1330F	0.8066	pathogenic
P13569	Q1330G	0.3211	benign
P13569	Q1330H	0.298	benign
P13569	Q1330I	0.4777	ambiguous
P13569	Q1330K	0.1263	benign
P13569	Q1330L	0.2129	benign
P13569	Q1330M	0.4193	ambiguous
P13569	Q1330N	0.2902	benign
P13569	Q1330P	0.4726	ambiguous
P13569	Q1330R	0.1588	benign
P13569	Q1330S	0.3437	ambiguous
P13569	Q1330T	0.2759	benign
P13569	Q1330V	0.3846	ambiguous
P13569	Q1330W	0.7168	pathogenic
P13569	Q1330Y	0.514	ambiguous
P13569	F1331A	0.948	pathogenic
P13569	F1331C	0.7378	pathogenic
P13569	F1331D	0.9825	pathogenic
P13569	F1331E	0.9743	pathogenic
P13569	F1331G	0.9801	pathogenic
P13569	F1331H	0.8556	pathogenic
P13569	F1331I	0.5945	pathogenic
P13569	F1331K	0.9697	pathogenic
P13569	F1331L	0.9311	pathogenic
P13569	F1331M	0.7894	pathogenic
P13569	F1331N	0.9205	pathogenic
P13569	F1331P	0.9987	pathogenic
P13569	F1331Q	0.9472	pathogenic
P13569	F1331R	0.9491	pathogenic
P13569	F1331S	0.9079	pathogenic
P13569	F1331T	0.9523	pathogenic
P13569	F1331V	0.6641	pathogenic
P13569	F1331W	0.8013	pathogenic
P13569	F1331Y	0.3411	ambiguous
P13569	P1332A	0.2248	benign
P13569	P1332C	0.6689	pathogenic
P13569	P1332D	0.6188	pathogenic
P13569	P1332E	0.4471	ambiguous
P13569	P1332F	0.7846	pathogenic
P13569	P1332G	0.5961	pathogenic
P13569	P1332H	0.2947	benign
P13569	P1332I	0.6564	pathogenic
P13569	P1332K	0.4997	ambiguous
P13569	P1332L	0.3036	benign
P13569	P1332M	0.674	pathogenic
P13569	P1332N	0.6276	pathogenic
P13569	P1332Q	0.3059	benign
P13569	P1332R	0.2733	benign
P13569	P1332S	0.2501	benign
P13569	P1332T	0.2478	benign
P13569	P1332V	0.5367	ambiguous
P13569	P1332W	0.7777	pathogenic
P13569	P1332Y	0.6859	pathogenic
P13569	G1333A	0.2315	benign
P13569	G1333C	0.3028	benign
P13569	G1333D	0.184	benign
P13569	G1333E	0.2206	benign
P13569	G1333F	0.7508	pathogenic
P13569	G1333H	0.4849	ambiguous
P13569	G1333I	0.6803	pathogenic
P13569	G1333K	0.4507	ambiguous
P13569	G1333L	0.6112	pathogenic
P13569	G1333M	0.6605	pathogenic
P13569	G1333N	0.3209	benign
P13569	G1333P	0.9398	pathogenic
P13569	G1333Q	0.3388	benign
P13569	G1333R	0.3228	benign
P13569	G1333S	0.1564	benign
P13569	G1333T	0.3813	ambiguous
P13569	G1333V	0.475	ambiguous
P13569	G1333W	0.5444	ambiguous
P13569	G1333Y	0.5414	ambiguous
P13569	K1334A	0.2651	benign
P13569	K1334C	0.4181	ambiguous
P13569	K1334D	0.3706	ambiguous
P13569	K1334E	0.1078	benign
P13569	K1334F	0.6284	pathogenic
P13569	K1334G	0.2303	benign
P13569	K1334H	0.1983	benign
P13569	K1334I	0.3668	ambiguous
P13569	K1334L	0.2715	benign
P13569	K1334M	0.175	benign
P13569	K1334N	0.1703	benign
P13569	K1334P	0.7076	pathogenic
P13569	K1334Q	0.0823	benign
P13569	K1334R	0.0819	benign
P13569	K1334S	0.2173	benign
P13569	K1334T	0.1631	benign
P13569	K1334V	0.3237	benign
P13569	K1334W	0.679	pathogenic
P13569	K1334Y	0.4037	ambiguous
P13569	L1335A	0.7975	pathogenic
P13569	L1335C	0.916	pathogenic
P13569	L1335D	0.9835	pathogenic
P13569	L1335E	0.9229	pathogenic
P13569	L1335F	0.6151	pathogenic
P13569	L1335G	0.9437	pathogenic
P13569	L1335H	0.9087	pathogenic
P13569	L1335I	0.2631	benign
P13569	L1335K	0.885	pathogenic
P13569	L1335M	0.2354	benign
P13569	L1335N	0.9499	pathogenic
P13569	L1335P	0.8177	pathogenic
P13569	L1335Q	0.8445	pathogenic
P13569	L1335R	0.8355	pathogenic
P13569	L1335S	0.9314	pathogenic
P13569	L1335T	0.7155	pathogenic
P13569	L1335V	0.3315	benign
P13569	L1335W	0.7437	pathogenic
P13569	L1335Y	0.8903	pathogenic
P13569	D1336A	0.2966	benign
P13569	D1336C	0.7044	pathogenic
P13569	D1336E	0.2805	benign
P13569	D1336F	0.7866	pathogenic
P13569	D1336G	0.2148	benign
P13569	D1336H	0.3515	ambiguous
P13569	D1336I	0.6828	pathogenic
P13569	D1336K	0.6117	pathogenic
P13569	D1336L	0.6441	pathogenic
P13569	D1336M	0.8279	pathogenic
P13569	D1336N	0.0984	benign
P13569	D1336P	0.854	pathogenic
P13569	D1336Q	0.4992	ambiguous
P13569	D1336R	0.5859	pathogenic
P13569	D1336S	0.1636	benign
P13569	D1336T	0.416	ambiguous
P13569	D1336V	0.4843	ambiguous
P13569	D1336W	0.939	pathogenic
P13569	D1336Y	0.3301	benign
P13569	F1337A	0.7857	pathogenic
P13569	F1337C	0.6176	pathogenic
P13569	F1337D	0.9683	pathogenic
P13569	F1337E	0.9723	pathogenic
P13569	F1337G	0.9381	pathogenic
P13569	F1337H	0.8816	pathogenic
P13569	F1337I	0.5116	ambiguous
P13569	F1337K	0.9793	pathogenic
P13569	F1337L	0.9411	pathogenic
P13569	F1337M	0.7423	pathogenic
P13569	F1337N	0.9285	pathogenic
P13569	F1337P	0.9982	pathogenic
P13569	F1337Q	0.9643	pathogenic
P13569	F1337R	0.9441	pathogenic
P13569	F1337S	0.762	pathogenic
P13569	F1337T	0.7326	pathogenic
P13569	F1337V	0.4411	ambiguous
P13569	F1337W	0.8301	pathogenic
P13569	F1337Y	0.4355	ambiguous
P13569	V1338A	0.1579	benign
P13569	V1338C	0.4702	ambiguous
P13569	V1338D	0.2063	benign
P13569	V1338E	0.1905	benign
P13569	V1338F	0.1016	benign
P13569	V1338G	0.1991	benign
P13569	V1338H	0.2988	benign
P13569	V1338I	0.0706	benign
P13569	V1338K	0.2097	benign
P13569	V1338L	0.1188	benign
P13569	V1338M	0.107	benign
P13569	V1338N	0.1519	benign
P13569	V1338P	0.3688	ambiguous
P13569	V1338Q	0.2025	benign
P13569	V1338R	0.1833	benign
P13569	V1338S	0.1458	benign
P13569	V1338T	0.135	benign
P13569	V1338W	0.6075	pathogenic
P13569	V1338Y	0.3174	benign
P13569	L1339A	0.8569	pathogenic
P13569	L1339C	0.8979	pathogenic
P13569	L1339D	0.9974	pathogenic
P13569	L1339E	0.9841	pathogenic
P13569	L1339F	0.6609	pathogenic
P13569	L1339G	0.9801	pathogenic
P13569	L1339H	0.969	pathogenic
P13569	L1339I	0.2437	benign
P13569	L1339K	0.9854	pathogenic
P13569	L1339M	0.3257	benign
P13569	L1339N	0.9869	pathogenic
P13569	L1339P	0.9623	pathogenic
P13569	L1339Q	0.9596	pathogenic
P13569	L1339R	0.9637	pathogenic
P13569	L1339S	0.9647	pathogenic
P13569	L1339T	0.8624	pathogenic
P13569	L1339V	0.252	benign
P13569	L1339W	0.9397	pathogenic
P13569	L1339Y	0.9719	pathogenic
P13569	V1340A	0.0957	benign
P13569	V1340C	0.5126	ambiguous
P13569	V1340D	0.1975	benign
P13569	V1340E	0.115	benign
P13569	V1340F	0.1204	benign
P13569	V1340G	0.13	benign
P13569	V1340H	0.3125	benign
P13569	V1340I	0.0753	benign
P13569	V1340K	0.1422	benign
P13569	V1340L	0.0821	benign
P13569	V1340M	0.0915	benign
P13569	V1340N	0.1702	benign
P13569	V1340P	0.4111	ambiguous
P13569	V1340Q	0.1493	benign
P13569	V1340R	0.1379	benign
P13569	V1340S	0.1252	benign
P13569	V1340T	0.1045	benign
P13569	V1340W	0.4799	ambiguous
P13569	V1340Y	0.357	ambiguous
P13569	D1341A	0.2693	benign
P13569	D1341C	0.7179	pathogenic
P13569	D1341E	0.2194	benign
P13569	D1341F	0.6912	pathogenic
P13569	D1341G	0.1847	benign
P13569	D1341H	0.3939	ambiguous
P13569	D1341I	0.6434	pathogenic
P13569	D1341K	0.544	ambiguous
P13569	D1341L	0.6107	pathogenic
P13569	D1341M	0.7987	pathogenic
P13569	D1341N	0.1371	benign
P13569	D1341P	0.8418	pathogenic
P13569	D1341Q	0.485	ambiguous
P13569	D1341R	0.5209	ambiguous
P13569	D1341S	0.1652	benign
P13569	D1341T	0.4157	ambiguous
P13569	D1341V	0.4051	ambiguous
P13569	D1341W	0.9035	pathogenic
P13569	D1341Y	0.2571	benign
P13569	G1342A	0.1527	benign
P13569	G1342C	0.2154	benign
P13569	G1342D	0.2946	benign
P13569	G1342E	0.241	benign
P13569	G1342F	0.6625	pathogenic
P13569	G1342H	0.3985	ambiguous
P13569	G1342I	0.5127	ambiguous
P13569	G1342K	0.3719	ambiguous
P13569	G1342L	0.5802	pathogenic
P13569	G1342M	0.5514	ambiguous
P13569	G1342N	0.3065	benign
P13569	G1342P	0.9311	pathogenic
P13569	G1342Q	0.3066	benign
P13569	G1342R	0.2234	benign
P13569	G1342S	0.1021	benign
P13569	G1342T	0.2303	benign
P13569	G1342V	0.3604	ambiguous
P13569	G1342W	0.4869	ambiguous
P13569	G1342Y	0.4844	ambiguous
P13569	G1343A	0.5612	ambiguous
P13569	G1343C	0.7788	pathogenic
P13569	G1343D	0.9273	pathogenic
P13569	G1343E	0.9334	pathogenic
P13569	G1343F	0.9689	pathogenic
P13569	G1343H	0.9735	pathogenic
P13569	G1343I	0.9192	pathogenic
P13569	G1343K	0.9778	pathogenic
P13569	G1343L	0.9578	pathogenic
P13569	G1343M	0.9629	pathogenic
P13569	G1343N	0.9344	pathogenic
P13569	G1343P	0.989	pathogenic
P13569	G1343Q	0.9558	pathogenic
P13569	G1343R	0.9392	pathogenic
P13569	G1343S	0.4737	ambiguous
P13569	G1343T	0.8481	pathogenic
P13569	G1343V	0.8651	pathogenic
P13569	G1343W	0.9426	pathogenic
P13569	G1343Y	0.9603	pathogenic
P13569	C1344A	0.1658	benign
P13569	C1344D	0.2038	benign
P13569	C1344E	0.3422	ambiguous
P13569	C1344F	0.0648	benign
P13569	C1344G	0.0925	benign
P13569	C1344H	0.1423	benign
P13569	C1344I	0.2156	benign
P13569	C1344K	0.3735	ambiguous
P13569	C1344L	0.1974	benign
P13569	C1344M	0.2876	benign
P13569	C1344N	0.1168	benign
P13569	C1344P	0.7182	pathogenic
P13569	C1344Q	0.2358	benign
P13569	C1344R	0.1698	benign
P13569	C1344S	0.0854	benign
P13569	C1344T	0.1735	benign
P13569	C1344V	0.2004	benign
P13569	C1344W	0.1726	benign
P13569	C1344Y	0.0584	benign
P13569	V1345A	0.4244	ambiguous
P13569	V1345C	0.8291	pathogenic
P13569	V1345D	0.7317	pathogenic
P13569	V1345E	0.6646	pathogenic
P13569	V1345F	0.2845	benign
P13569	V1345G	0.5233	ambiguous
P13569	V1345H	0.8423	pathogenic
P13569	V1345I	0.0954	benign
P13569	V1345K	0.7771	pathogenic
P13569	V1345L	0.3796	ambiguous
P13569	V1345M	0.267	benign
P13569	V1345N	0.5671	pathogenic
P13569	V1345P	0.8022	pathogenic
P13569	V1345Q	0.6969	pathogenic
P13569	V1345R	0.6856	pathogenic
P13569	V1345S	0.4426	ambiguous
P13569	V1345T	0.4499	ambiguous
P13569	V1345W	0.9397	pathogenic
P13569	V1345Y	0.7821	pathogenic
P13569	L1346A	0.9588	pathogenic
P13569	L1346C	0.9547	pathogenic
P13569	L1346D	0.9989	pathogenic
P13569	L1346E	0.9953	pathogenic
P13569	L1346F	0.4878	ambiguous
P13569	L1346G	0.9913	pathogenic
P13569	L1346H	0.9829	pathogenic
P13569	L1346I	0.362	ambiguous
P13569	L1346K	0.9926	pathogenic
P13569	L1346M	0.4082	ambiguous
P13569	L1346N	0.995	pathogenic
P13569	L1346P	0.9873	pathogenic
P13569	L1346Q	0.9812	pathogenic
P13569	L1346R	0.9794	pathogenic
P13569	L1346S	0.9876	pathogenic
P13569	L1346T	0.9661	pathogenic
P13569	L1346V	0.4542	ambiguous
P13569	L1346W	0.8977	pathogenic
P13569	L1346Y	0.9496	pathogenic
P13569	S1347A	0.4657	ambiguous
P13569	S1347C	0.4181	ambiguous
P13569	S1347D	0.9643	pathogenic
P13569	S1347E	0.9837	pathogenic
P13569	S1347F	0.9263	pathogenic
P13569	S1347G	0.5487	ambiguous
P13569	S1347H	0.9246	pathogenic
P13569	S1347I	0.9341	pathogenic
P13569	S1347K	0.995	pathogenic
P13569	S1347L	0.7199	pathogenic
P13569	S1347M	0.8849	pathogenic
P13569	S1347N	0.8451	pathogenic
P13569	S1347P	0.8422	pathogenic
P13569	S1347Q	0.9726	pathogenic
P13569	S1347R	0.9866	pathogenic
P13569	S1347T	0.4777	ambiguous
P13569	S1347V	0.9122	pathogenic
P13569	S1347W	0.9377	pathogenic
P13569	S1347Y	0.8986	pathogenic
P13569	H1348A	0.3021	benign
P13569	H1348C	0.2185	benign
P13569	H1348D	0.2843	benign
P13569	H1348E	0.3858	ambiguous
P13569	H1348F	0.2959	benign
P13569	H1348G	0.3708	ambiguous
P13569	H1348I	0.3618	ambiguous
P13569	H1348K	0.4522	ambiguous
P13569	H1348L	0.1373	benign
P13569	H1348M	0.4986	ambiguous
P13569	H1348N	0.085	benign
P13569	H1348P	0.1774	benign
P13569	H1348Q	0.2567	benign
P13569	H1348R	0.2019	benign
P13569	H1348S	0.2074	benign
P13569	H1348T	0.3118	benign
P13569	H1348V	0.2923	benign
P13569	H1348W	0.4501	ambiguous
P13569	H1348Y	0.0906	benign
P13569	G1349A	0.7381	pathogenic
P13569	G1349C	0.9	pathogenic
P13569	G1349D	0.9801	pathogenic
P13569	G1349E	0.9692	pathogenic
P13569	G1349F	0.9902	pathogenic
P13569	G1349H	0.9885	pathogenic
P13569	G1349I	0.9625	pathogenic
P13569	G1349K	0.989	pathogenic
P13569	G1349L	0.9838	pathogenic
P13569	G1349M	0.9884	pathogenic
P13569	G1349N	0.9784	pathogenic
P13569	G1349P	0.9949	pathogenic
P13569	G1349Q	0.9726	pathogenic
P13569	G1349R	0.9584	pathogenic
P13569	G1349S	0.6111	pathogenic
P13569	G1349T	0.9069	pathogenic
P13569	G1349V	0.9279	pathogenic
P13569	G1349W	0.9745	pathogenic
P13569	G1349Y	0.9859	pathogenic
P13569	H1350A	0.785	pathogenic
P13569	H1350C	0.49	ambiguous
P13569	H1350D	0.681	pathogenic
P13569	H1350E	0.6653	pathogenic
P13569	H1350F	0.732	pathogenic
P13569	H1350G	0.843	pathogenic
P13569	H1350I	0.7727	pathogenic
P13569	H1350K	0.7803	pathogenic
P13569	H1350L	0.4215	ambiguous
P13569	H1350M	0.7883	pathogenic
P13569	H1350N	0.3034	benign
P13569	H1350P	0.808	pathogenic
P13569	H1350Q	0.3957	ambiguous
P13569	H1350R	0.5826	pathogenic
P13569	H1350S	0.6929	pathogenic
P13569	H1350T	0.7956	pathogenic
P13569	H1350V	0.7505	pathogenic
P13569	H1350W	0.7878	pathogenic
P13569	H1350Y	0.3059	benign
P13569	K1351A	0.9175	pathogenic
P13569	K1351C	0.9061	pathogenic
P13569	K1351D	0.9947	pathogenic
P13569	K1351E	0.8106	pathogenic
P13569	K1351F	0.9882	pathogenic
P13569	K1351G	0.9443	pathogenic
P13569	K1351H	0.8272	pathogenic
P13569	K1351I	0.8729	pathogenic
P13569	K1351L	0.8248	pathogenic
P13569	K1351M	0.7148	pathogenic
P13569	K1351N	0.9701	pathogenic
P13569	K1351P	0.9958	pathogenic
P13569	K1351Q	0.3339	benign
P13569	K1351R	0.1043	benign
P13569	K1351S	0.9461	pathogenic
P13569	K1351T	0.7927	pathogenic
P13569	K1351V	0.858	pathogenic
P13569	K1351W	0.9765	pathogenic
P13569	K1351Y	0.9623	pathogenic
P13569	Q1352A	0.6839	pathogenic
P13569	Q1352C	0.9788	pathogenic
P13569	Q1352D	0.9852	pathogenic
P13569	Q1352E	0.4285	ambiguous
P13569	Q1352F	0.9854	pathogenic
P13569	Q1352G	0.7984	pathogenic
P13569	Q1352H	0.9226	pathogenic
P13569	Q1352I	0.8371	pathogenic
P13569	Q1352K	0.7356	pathogenic
P13569	Q1352L	0.5274	ambiguous
P13569	Q1352M	0.6766	pathogenic
P13569	Q1352N	0.8591	pathogenic
P13569	Q1352P	0.9243	pathogenic
P13569	Q1352R	0.8096	pathogenic
P13569	Q1352S	0.7652	pathogenic
P13569	Q1352T	0.7522	pathogenic
P13569	Q1352V	0.7499	pathogenic
P13569	Q1352W	0.9903	pathogenic
P13569	Q1352Y	0.9726	pathogenic
P13569	L1353A	0.8561	pathogenic
P13569	L1353C	0.9	pathogenic
P13569	L1353D	0.9951	pathogenic
P13569	L1353E	0.9587	pathogenic
P13569	L1353F	0.7624	pathogenic
P13569	L1353G	0.9544	pathogenic
P13569	L1353H	0.898	pathogenic
P13569	L1353I	0.4398	ambiguous
P13569	L1353K	0.8659	pathogenic
P13569	L1353M	0.3066	benign
P13569	L1353N	0.9495	pathogenic
P13569	L1353P	0.9947	pathogenic
P13569	L1353Q	0.7574	pathogenic
P13569	L1353R	0.7739	pathogenic
P13569	L1353S	0.9361	pathogenic
P13569	L1353T	0.8779	pathogenic
P13569	L1353V	0.4453	ambiguous
P13569	L1353W	0.8667	pathogenic
P13569	L1353Y	0.9212	pathogenic
P13569	M1354A	0.7146	pathogenic
P13569	M1354C	0.8436	pathogenic
P13569	M1354D	0.9953	pathogenic
P13569	M1354E	0.9656	pathogenic
P13569	M1354F	0.4777	ambiguous
P13569	M1354G	0.936	pathogenic
P13569	M1354H	0.9548	pathogenic
P13569	M1354I	0.2253	benign
P13569	M1354K	0.891	pathogenic
P13569	M1354L	0.0951	benign
P13569	M1354N	0.9386	pathogenic
P13569	M1354P	0.9857	pathogenic
P13569	M1354Q	0.8554	pathogenic
P13569	M1354R	0.8922	pathogenic
P13569	M1354S	0.8422	pathogenic
P13569	M1354T	0.5659	pathogenic
P13569	M1354V	0.0778	benign
P13569	M1354W	0.9185	pathogenic
P13569	M1354Y	0.913	pathogenic
P13569	C1355A	0.7285	pathogenic
P13569	C1355D	0.9883	pathogenic
P13569	C1355E	0.995	pathogenic
P13569	C1355F	0.7582	pathogenic
P13569	C1355G	0.4562	ambiguous
P13569	C1355H	0.9712	pathogenic
P13569	C1355I	0.89	pathogenic
P13569	C1355K	0.9974	pathogenic
P13569	C1355L	0.8351	pathogenic
P13569	C1355M	0.9215	pathogenic
P13569	C1355N	0.9213	pathogenic
P13569	C1355P	0.9924	pathogenic
P13569	C1355Q	0.984	pathogenic
P13569	C1355R	0.9769	pathogenic
P13569	C1355S	0.6135	pathogenic
P13569	C1355T	0.8511	pathogenic
P13569	C1355V	0.7749	pathogenic
P13569	C1355W	0.9597	pathogenic
P13569	C1355Y	0.8756	pathogenic
P13569	L1356A	0.8776	pathogenic
P13569	L1356C	0.8973	pathogenic
P13569	L1356D	0.9988	pathogenic
P13569	L1356E	0.9897	pathogenic
P13569	L1356F	0.3601	ambiguous
P13569	L1356G	0.9858	pathogenic
P13569	L1356H	0.9509	pathogenic
P13569	L1356I	0.2114	benign
P13569	L1356K	0.9836	pathogenic
P13569	L1356M	0.2451	benign
P13569	L1356N	0.9908	pathogenic
P13569	L1356P	0.9939	pathogenic
P13569	L1356Q	0.9477	pathogenic
P13569	L1356R	0.9611	pathogenic
P13569	L1356S	0.9636	pathogenic
P13569	L1356T	0.8751	pathogenic
P13569	L1356V	0.2593	benign
P13569	L1356W	0.8325	pathogenic
P13569	L1356Y	0.9115	pathogenic
P13569	A1357C	0.8205	pathogenic
P13569	A1357D	0.9906	pathogenic
P13569	A1357E	0.9781	pathogenic
P13569	A1357F	0.9326	pathogenic
P13569	A1357G	0.2754	benign
P13569	A1357H	0.9907	pathogenic
P13569	A1357I	0.8632	pathogenic
P13569	A1357K	0.9944	pathogenic
P13569	A1357L	0.6758	pathogenic
P13569	A1357M	0.7749	pathogenic
P13569	A1357N	0.9775	pathogenic
P13569	A1357P	0.9876	pathogenic
P13569	A1357Q	0.9628	pathogenic
P13569	A1357R	0.9837	pathogenic
P13569	A1357S	0.2422	benign
P13569	A1357T	0.4913	ambiguous
P13569	A1357V	0.5927	pathogenic
P13569	A1357W	0.9944	pathogenic
P13569	A1357Y	0.9821	pathogenic
P13569	R1358A	0.9775	pathogenic
P13569	R1358C	0.6947	pathogenic
P13569	R1358D	0.9973	pathogenic
P13569	R1358E	0.9698	pathogenic
P13569	R1358F	0.9911	pathogenic
P13569	R1358G	0.9541	pathogenic
P13569	R1358H	0.705	pathogenic
P13569	R1358I	0.9621	pathogenic
P13569	R1358K	0.7184	pathogenic
P13569	R1358L	0.9196	pathogenic
P13569	R1358M	0.972	pathogenic
P13569	R1358N	0.9918	pathogenic
P13569	R1358P	0.9921	pathogenic
P13569	R1358Q	0.651	pathogenic
P13569	R1358S	0.9825	pathogenic
P13569	R1358T	0.9779	pathogenic
P13569	R1358V	0.9653	pathogenic
P13569	R1358W	0.8459	pathogenic
P13569	R1358Y	0.9718	pathogenic
P13569	S1359A	0.1268	benign
P13569	S1359C	0.1511	benign
P13569	S1359D	0.9826	pathogenic
P13569	S1359E	0.9839	pathogenic
P13569	S1359F	0.8287	pathogenic
P13569	S1359G	0.2309	benign
P13569	S1359H	0.9453	pathogenic
P13569	S1359I	0.6227	pathogenic
P13569	S1359K	0.9961	pathogenic
P13569	S1359L	0.3301	benign
P13569	S1359M	0.555	ambiguous
P13569	S1359N	0.771	pathogenic
P13569	S1359P	0.9461	pathogenic
P13569	S1359Q	0.9695	pathogenic
P13569	S1359R	0.9892	pathogenic
P13569	S1359T	0.2355	benign
P13569	S1359V	0.5122	ambiguous
P13569	S1359W	0.9141	pathogenic
P13569	S1359Y	0.8057	pathogenic
P13569	V1360A	0.3491	ambiguous
P13569	V1360C	0.7269	pathogenic
P13569	V1360D	0.8138	pathogenic
P13569	V1360E	0.5753	pathogenic
P13569	V1360F	0.1666	benign
P13569	V1360G	0.5172	ambiguous
P13569	V1360H	0.7093	pathogenic
P13569	V1360I	0.072	benign
P13569	V1360K	0.4637	ambiguous
P13569	V1360L	0.2013	benign
P13569	V1360M	0.1231	benign
P13569	V1360N	0.6031	pathogenic
P13569	V1360P	0.9806	pathogenic
P13569	V1360Q	0.4991	ambiguous
P13569	V1360R	0.443	ambiguous
P13569	V1360S	0.4467	ambiguous
P13569	V1360T	0.3672	ambiguous
P13569	V1360W	0.8431	pathogenic
P13569	V1360Y	0.5958	pathogenic
P13569	L1361A	0.8307	pathogenic
P13569	L1361C	0.8451	pathogenic
P13569	L1361D	0.9968	pathogenic
P13569	L1361E	0.9777	pathogenic
P13569	L1361F	0.5194	ambiguous
P13569	L1361G	0.9637	pathogenic
P13569	L1361H	0.9012	pathogenic
P13569	L1361I	0.2553	benign
P13569	L1361K	0.9243	pathogenic
P13569	L1361M	0.3453	ambiguous
P13569	L1361N	0.9736	pathogenic
P13569	L1361P	0.98	pathogenic
P13569	L1361Q	0.8567	pathogenic
P13569	L1361R	0.8257	pathogenic
P13569	L1361S	0.9384	pathogenic
P13569	L1361T	0.8837	pathogenic
P13569	L1361V	0.3189	benign
P13569	L1361W	0.8275	pathogenic
P13569	L1361Y	0.912	pathogenic
P13569	S1362A	0.1757	benign
P13569	S1362C	0.1174	benign
P13569	S1362D	0.7459	pathogenic
P13569	S1362E	0.7755	pathogenic
P13569	S1362F	0.5725	pathogenic
P13569	S1362G	0.1033	benign
P13569	S1362H	0.4719	ambiguous
P13569	S1362I	0.4502	ambiguous
P13569	S1362K	0.717	pathogenic
P13569	S1362L	0.2489	benign
P13569	S1362M	0.4077	ambiguous
P13569	S1362N	0.2483	benign
P13569	S1362P	0.8623	pathogenic
P13569	S1362Q	0.5606	ambiguous
P13569	S1362R	0.5107	ambiguous
P13569	S1362T	0.1839	benign
P13569	S1362V	0.4613	ambiguous
P13569	S1362W	0.5692	pathogenic
P13569	S1362Y	0.4292	ambiguous
P13569	K1363A	0.5024	ambiguous
P13569	K1363C	0.7258	pathogenic
P13569	K1363D	0.6154	pathogenic
P13569	K1363E	0.1789	benign
P13569	K1363F	0.9097	pathogenic
P13569	K1363G	0.3874	ambiguous
P13569	K1363H	0.3535	ambiguous
P13569	K1363I	0.7648	pathogenic
P13569	K1363L	0.643	pathogenic
P13569	K1363M	0.4438	ambiguous
P13569	K1363N	0.4408	ambiguous
P13569	K1363P	0.8628	pathogenic
P13569	K1363Q	0.1593	benign
P13569	K1363R	0.0844	benign
P13569	K1363S	0.4947	ambiguous
P13569	K1363T	0.3529	ambiguous
P13569	K1363V	0.6795	pathogenic
P13569	K1363W	0.8735	pathogenic
P13569	K1363Y	0.7775	pathogenic
P13569	A1364C	0.7771	pathogenic
P13569	A1364D	0.916	pathogenic
P13569	A1364E	0.8544	pathogenic
P13569	A1364F	0.9354	pathogenic
P13569	A1364G	0.3575	ambiguous
P13569	A1364H	0.9277	pathogenic
P13569	A1364I	0.9345	pathogenic
P13569	A1364K	0.9308	pathogenic
P13569	A1364L	0.8336	pathogenic
P13569	A1364M	0.823	pathogenic
P13569	A1364N	0.7752	pathogenic
P13569	A1364P	0.9228	pathogenic
P13569	A1364Q	0.7907	pathogenic
P13569	A1364R	0.8402	pathogenic
P13569	A1364S	0.168	benign
P13569	A1364T	0.4363	ambiguous
P13569	A1364V	0.6871	pathogenic
P13569	A1364W	0.985	pathogenic
P13569	A1364Y	0.932	pathogenic
P13569	K1365A	0.6092	pathogenic
P13569	K1365C	0.8323	pathogenic
P13569	K1365D	0.8043	pathogenic
P13569	K1365E	0.3048	benign
P13569	K1365F	0.9643	pathogenic
P13569	K1365G	0.6489	pathogenic
P13569	K1365H	0.4742	ambiguous
P13569	K1365I	0.8139	pathogenic
P13569	K1365L	0.767	pathogenic
P13569	K1365M	0.6038	pathogenic
P13569	K1365N	0.5784	pathogenic
P13569	K1365P	0.8419	pathogenic
P13569	K1365Q	0.1961	benign
P13569	K1365R	0.0755	benign
P13569	K1365S	0.5939	pathogenic
P13569	K1365T	0.3978	ambiguous
P13569	K1365V	0.7022	pathogenic
P13569	K1365W	0.9266	pathogenic
P13569	K1365Y	0.8875	pathogenic
P13569	I1366A	0.9803	pathogenic
P13569	I1366C	0.9658	pathogenic
P13569	I1366D	0.9979	pathogenic
P13569	I1366E	0.9962	pathogenic
P13569	I1366F	0.654	pathogenic
P13569	I1366G	0.9937	pathogenic
P13569	I1366H	0.987	pathogenic
P13569	I1366K	0.9841	pathogenic
P13569	I1366L	0.4176	ambiguous
P13569	I1366M	0.3945	ambiguous
P13569	I1366N	0.9528	pathogenic
P13569	I1366P	0.9958	pathogenic
P13569	I1366Q	0.9913	pathogenic
P13569	I1366R	0.9795	pathogenic
P13569	I1366S	0.9723	pathogenic
P13569	I1366T	0.9637	pathogenic
P13569	I1366V	0.2518	benign
P13569	I1366W	0.9893	pathogenic
P13569	I1366Y	0.927	pathogenic
P13569	L1367A	0.9153	pathogenic
P13569	L1367C	0.8836	pathogenic
P13569	L1367D	0.9993	pathogenic
P13569	L1367E	0.9956	pathogenic
P13569	L1367F	0.6441	pathogenic
P13569	L1367G	0.9907	pathogenic
P13569	L1367H	0.9738	pathogenic
P13569	L1367I	0.1199	benign
P13569	L1367K	0.9904	pathogenic
P13569	L1367M	0.3557	ambiguous
P13569	L1367N	0.9919	pathogenic
P13569	L1367P	0.9938	pathogenic
P13569	L1367Q	0.9685	pathogenic
P13569	L1367R	0.9739	pathogenic
P13569	L1367S	0.9762	pathogenic
P13569	L1367T	0.929	pathogenic
P13569	L1367V	0.1727	benign
P13569	L1367W	0.9397	pathogenic
P13569	L1367Y	0.9603	pathogenic
P13569	L1368A	0.9373	pathogenic
P13569	L1368C	0.9016	pathogenic
P13569	L1368D	0.9993	pathogenic
P13569	L1368E	0.9966	pathogenic
P13569	L1368F	0.5856	pathogenic
P13569	L1368G	0.9912	pathogenic
P13569	L1368H	0.978	pathogenic
P13569	L1368I	0.2521	benign
P13569	L1368K	0.9947	pathogenic
P13569	L1368M	0.4212	ambiguous
P13569	L1368N	0.995	pathogenic
P13569	L1368P	0.9929	pathogenic
P13569	L1368Q	0.9786	pathogenic
P13569	L1368R	0.9852	pathogenic
P13569	L1368S	0.985	pathogenic
P13569	L1368T	0.9685	pathogenic
P13569	L1368V	0.313	benign
P13569	L1368W	0.9375	pathogenic
P13569	L1368Y	0.9579	pathogenic
P13569	L1369A	0.6998	pathogenic
P13569	L1369C	0.7515	pathogenic
P13569	L1369D	0.9964	pathogenic
P13569	L1369E	0.9755	pathogenic
P13569	L1369F	0.5685	pathogenic
P13569	L1369G	0.9476	pathogenic
P13569	L1369H	0.9455	pathogenic
P13569	L1369I	0.3801	ambiguous
P13569	L1369K	0.9796	pathogenic
P13569	L1369M	0.1961	benign
P13569	L1369N	0.9835	pathogenic
P13569	L1369P	0.9908	pathogenic
P13569	L1369Q	0.8923	pathogenic
P13569	L1369R	0.9496	pathogenic
P13569	L1369S	0.8963	pathogenic
P13569	L1369T	0.8397	pathogenic
P13569	L1369V	0.3349	benign
P13569	L1369W	0.8502	pathogenic
P13569	L1369Y	0.948	pathogenic
P13569	D1370A	0.9679	pathogenic
P13569	D1370C	0.9932	pathogenic
P13569	D1370E	0.956	pathogenic
P13569	D1370F	0.9947	pathogenic
P13569	D1370G	0.9009	pathogenic
P13569	D1370H	0.9728	pathogenic
P13569	D1370I	0.9935	pathogenic
P13569	D1370K	0.9908	pathogenic
P13569	D1370L	0.9782	pathogenic
P13569	D1370M	0.9971	pathogenic
P13569	D1370N	0.9042	pathogenic
P13569	D1370P	0.9962	pathogenic
P13569	D1370Q	0.9868	pathogenic
P13569	D1370R	0.9815	pathogenic
P13569	D1370S	0.8963	pathogenic
P13569	D1370T	0.9845	pathogenic
P13569	D1370V	0.9785	pathogenic
P13569	D1370W	0.9959	pathogenic
P13569	D1370Y	0.9481	pathogenic
P13569	E1371A	0.9635	pathogenic
P13569	E1371C	0.9964	pathogenic
P13569	E1371D	0.9596	pathogenic
P13569	E1371F	0.9972	pathogenic
P13569	E1371G	0.9684	pathogenic
P13569	E1371H	0.9892	pathogenic
P13569	E1371I	0.9875	pathogenic
P13569	E1371K	0.9365	pathogenic
P13569	E1371L	0.992	pathogenic
P13569	E1371M	0.9773	pathogenic
P13569	E1371N	0.9726	pathogenic
P13569	E1371P	0.9994	pathogenic
P13569	E1371Q	0.9274	pathogenic
P13569	E1371R	0.9719	pathogenic
P13569	E1371S	0.9625	pathogenic
P13569	E1371T	0.9863	pathogenic
P13569	E1371V	0.9791	pathogenic
P13569	E1371W	0.9996	pathogenic
P13569	E1371Y	0.997	pathogenic
P13569	P1372A	0.4758	ambiguous
P13569	P1372C	0.9609	pathogenic
P13569	P1372D	0.9959	pathogenic
P13569	P1372E	0.9922	pathogenic
P13569	P1372F	0.9911	pathogenic
P13569	P1372G	0.9593	pathogenic
P13569	P1372H	0.9837	pathogenic
P13569	P1372I	0.9259	pathogenic
P13569	P1372K	0.996	pathogenic
P13569	P1372L	0.7689	pathogenic
P13569	P1372M	0.9427	pathogenic
P13569	P1372N	0.9894	pathogenic
P13569	P1372Q	0.9798	pathogenic
P13569	P1372R	0.985	pathogenic
P13569	P1372S	0.8669	pathogenic
P13569	P1372T	0.7968	pathogenic
P13569	P1372V	0.8332	pathogenic
P13569	P1372W	0.9983	pathogenic
P13569	P1372Y	0.9924	pathogenic
P13569	S1373A	0.1707	benign
P13569	S1373C	0.3208	benign
P13569	S1373D	0.9691	pathogenic
P13569	S1373E	0.9707	pathogenic
P13569	S1373F	0.7328	pathogenic
P13569	S1373G	0.3035	benign
P13569	S1373H	0.9292	pathogenic
P13569	S1373I	0.7326	pathogenic
P13569	S1373K	0.9936	pathogenic
P13569	S1373L	0.3076	benign
P13569	S1373M	0.5278	ambiguous
P13569	S1373N	0.819	pathogenic
P13569	S1373P	0.9207	pathogenic
P13569	S1373Q	0.9607	pathogenic
P13569	S1373R	0.9834	pathogenic
P13569	S1373T	0.1375	benign
P13569	S1373V	0.5939	pathogenic
P13569	S1373W	0.8662	pathogenic
P13569	S1373Y	0.7926	pathogenic
P13569	A1374C	0.7244	pathogenic
P13569	A1374D	0.8939	pathogenic
P13569	A1374E	0.8189	pathogenic
P13569	A1374F	0.7716	pathogenic
P13569	A1374G	0.3858	ambiguous
P13569	A1374H	0.8699	pathogenic
P13569	A1374I	0.7309	pathogenic
P13569	A1374K	0.9362	pathogenic
P13569	A1374L	0.5811	pathogenic
P13569	A1374M	0.6139	pathogenic
P13569	A1374N	0.7378	pathogenic
P13569	A1374P	0.9369	pathogenic
P13569	A1374Q	0.7507	pathogenic
P13569	A1374R	0.8199	pathogenic
P13569	A1374S	0.1132	benign
P13569	A1374T	0.2567	benign
P13569	A1374V	0.3974	ambiguous
P13569	A1374W	0.971	pathogenic
P13569	A1374Y	0.8838	pathogenic
P13569	H1375A	0.6456	pathogenic
P13569	H1375C	0.2736	benign
P13569	H1375D	0.6186	pathogenic
P13569	H1375E	0.7424	pathogenic
P13569	H1375F	0.3316	benign
P13569	H1375G	0.6898	pathogenic
P13569	H1375I	0.6404	pathogenic
P13569	H1375K	0.7768	pathogenic
P13569	H1375L	0.2479	benign
P13569	H1375M	0.7209	pathogenic
P13569	H1375N	0.2025	benign
P13569	H1375P	0.6197	pathogenic
P13569	H1375Q	0.5264	ambiguous
P13569	H1375R	0.4182	ambiguous
P13569	H1375S	0.482	ambiguous
P13569	H1375T	0.669	pathogenic
P13569	H1375V	0.5503	ambiguous
P13569	H1375W	0.5465	ambiguous
P13569	H1375Y	0.1011	benign
P13569	L1376A	0.7939	pathogenic
P13569	L1376C	0.8276	pathogenic
P13569	L1376D	0.9938	pathogenic
P13569	L1376E	0.9513	pathogenic
P13569	L1376F	0.7253	pathogenic
P13569	L1376G	0.9597	pathogenic
P13569	L1376H	0.9069	pathogenic
P13569	L1376I	0.1947	benign
P13569	L1376K	0.9484	pathogenic
P13569	L1376M	0.3034	benign
P13569	L1376N	0.9609	pathogenic
P13569	L1376P	0.9744	pathogenic
P13569	L1376Q	0.8095	pathogenic
P13569	L1376R	0.8632	pathogenic
P13569	L1376S	0.8816	pathogenic
P13569	L1376T	0.701	pathogenic
P13569	L1376V	0.2108	benign
P13569	L1376W	0.8805	pathogenic
P13569	L1376Y	0.9519	pathogenic
P13569	D1377A	0.8656	pathogenic
P13569	D1377C	0.955	pathogenic
P13569	D1377E	0.8776	pathogenic
P13569	D1377F	0.9795	pathogenic
P13569	D1377G	0.9071	pathogenic
P13569	D1377H	0.8828	pathogenic
P13569	D1377I	0.975	pathogenic
P13569	D1377K	0.9829	pathogenic
P13569	D1377L	0.9356	pathogenic
P13569	D1377M	0.992	pathogenic
P13569	D1377N	0.7932	pathogenic
P13569	D1377P	0.9688	pathogenic
P13569	D1377Q	0.9683	pathogenic
P13569	D1377R	0.9741	pathogenic
P13569	D1377S	0.7647	pathogenic
P13569	D1377T	0.9678	pathogenic
P13569	D1377V	0.9348	pathogenic
P13569	D1377W	0.996	pathogenic
P13569	D1377Y	0.8693	pathogenic
P13569	P1378A	0.1127	benign
P13569	P1378C	0.6284	pathogenic
P13569	P1378D	0.5822	pathogenic
P13569	P1378E	0.3898	ambiguous
P13569	P1378F	0.5784	pathogenic
P13569	P1378G	0.4699	ambiguous
P13569	P1378H	0.2425	benign
P13569	P1378I	0.3725	ambiguous
P13569	P1378K	0.414	ambiguous
P13569	P1378L	0.1423	benign
P13569	P1378M	0.3606	ambiguous
P13569	P1378N	0.4815	ambiguous
P13569	P1378Q	0.2243	benign
P13569	P1378R	0.2317	benign
P13569	P1378S	0.1854	benign
P13569	P1378T	0.1272	benign
P13569	P1378V	0.2619	benign
P13569	P1378W	0.6961	pathogenic
P13569	P1378Y	0.5337	ambiguous
P13569	V1379A	0.1942	benign
P13569	V1379C	0.6302	pathogenic
P13569	V1379D	0.3617	ambiguous
P13569	V1379E	0.2798	benign
P13569	V1379F	0.129	benign
P13569	V1379G	0.2481	benign
P13569	V1379H	0.4194	ambiguous
P13569	V1379I	0.0601	benign
P13569	V1379K	0.2083	benign
P13569	V1379L	0.1087	benign
P13569	V1379M	0.0913	benign
P13569	V1379N	0.2345	benign
P13569	V1379P	0.5163	ambiguous
P13569	V1379Q	0.2676	benign
P13569	V1379R	0.1914	benign
P13569	V1379S	0.2328	benign
P13569	V1379T	0.2185	benign
P13569	V1379W	0.6668	pathogenic
P13569	V1379Y	0.3922	ambiguous
P13569	T1380A	0.2078	benign
P13569	T1380C	0.7018	pathogenic
P13569	T1380D	0.9144	pathogenic
P13569	T1380E	0.8632	pathogenic
P13569	T1380F	0.759	pathogenic
P13569	T1380G	0.6247	pathogenic
P13569	T1380H	0.7436	pathogenic
P13569	T1380I	0.6134	pathogenic
P13569	T1380K	0.8248	pathogenic
P13569	T1380L	0.4062	ambiguous
P13569	T1380M	0.2481	benign
P13569	T1380N	0.5135	ambiguous
P13569	T1380P	0.6289	pathogenic
P13569	T1380Q	0.7124	pathogenic
P13569	T1380R	0.7051	pathogenic
P13569	T1380S	0.2497	benign
P13569	T1380V	0.4749	ambiguous
P13569	T1380W	0.9379	pathogenic
P13569	T1380Y	0.8188	pathogenic
P13569	Y1381A	0.3633	ambiguous
P13569	Y1381C	0.1318	benign
P13569	Y1381D	0.3651	ambiguous
P13569	Y1381E	0.6663	pathogenic
P13569	Y1381F	0.1359	benign
P13569	Y1381G	0.3753	ambiguous
P13569	Y1381H	0.2525	benign
P13569	Y1381I	0.5682	pathogenic
P13569	Y1381K	0.7334	pathogenic
P13569	Y1381L	0.418	ambiguous
P13569	Y1381M	0.6254	pathogenic
P13569	Y1381N	0.2369	benign
P13569	Y1381P	0.9334	pathogenic
P13569	Y1381Q	0.5407	ambiguous
P13569	Y1381R	0.5356	ambiguous
P13569	Y1381S	0.1476	benign
P13569	Y1381T	0.4061	ambiguous
P13569	Y1381V	0.4275	ambiguous
P13569	Y1381W	0.3974	ambiguous
P13569	Q1382A	0.2977	benign
P13569	Q1382C	0.6557	pathogenic
P13569	Q1382D	0.4141	ambiguous
P13569	Q1382E	0.0933	benign
P13569	Q1382F	0.7866	pathogenic
P13569	Q1382G	0.2701	benign
P13569	Q1382H	0.238	benign
P13569	Q1382I	0.5533	ambiguous
P13569	Q1382K	0.0903	benign
P13569	Q1382L	0.2015	benign
P13569	Q1382M	0.4679	ambiguous
P13569	Q1382N	0.333	benign
P13569	Q1382P	0.4031	ambiguous
P13569	Q1382R	0.0911	benign
P13569	Q1382S	0.3351	benign
P13569	Q1382T	0.2819	benign
P13569	Q1382V	0.3889	ambiguous
P13569	Q1382W	0.5811	pathogenic
P13569	Q1382Y	0.555	ambiguous
P13569	I1383A	0.4607	ambiguous
P13569	I1383C	0.5916	pathogenic
P13569	I1383D	0.7426	pathogenic
P13569	I1383E	0.6318	pathogenic
P13569	I1383F	0.1857	benign
P13569	I1383G	0.6536	pathogenic
P13569	I1383H	0.4938	ambiguous
P13569	I1383K	0.3784	ambiguous
P13569	I1383L	0.1394	benign
P13569	I1383M	0.1093	benign
P13569	I1383N	0.2757	benign
P13569	I1383P	0.9377	pathogenic
P13569	I1383Q	0.4706	ambiguous
P13569	I1383R	0.2861	benign
P13569	I1383S	0.3844	ambiguous
P13569	I1383T	0.3242	benign
P13569	I1383V	0.0765	benign
P13569	I1383W	0.755	pathogenic
P13569	I1383Y	0.4613	ambiguous
P13569	I1384A	0.9081	pathogenic
P13569	I1384C	0.9208	pathogenic
P13569	I1384D	0.9961	pathogenic
P13569	I1384E	0.9825	pathogenic
P13569	I1384F	0.3661	ambiguous
P13569	I1384G	0.9812	pathogenic
P13569	I1384H	0.9553	pathogenic
P13569	I1384K	0.9517	pathogenic
P13569	I1384L	0.1344	benign
P13569	I1384M	0.1876	benign
P13569	I1384N	0.9246	pathogenic
P13569	I1384P	0.988	pathogenic
P13569	I1384Q	0.9406	pathogenic
P13569	I1384R	0.9184	pathogenic
P13569	I1384S	0.9	pathogenic
P13569	I1384T	0.8444	pathogenic
P13569	I1384V	0.2046	benign
P13569	I1384W	0.9453	pathogenic
P13569	I1384Y	0.8816	pathogenic
P13569	R1385A	0.5628	ambiguous
P13569	R1385C	0.1582	benign
P13569	R1385D	0.8927	pathogenic
P13569	R1385E	0.4986	ambiguous
P13569	R1385F	0.7304	pathogenic
P13569	R1385G	0.3364	benign
P13569	R1385H	0.1505	benign
P13569	R1385I	0.4597	ambiguous
P13569	R1385K	0.1257	benign
P13569	R1385L	0.3487	ambiguous
P13569	R1385M	0.4262	ambiguous
P13569	R1385N	0.7752	pathogenic
P13569	R1385P	0.9233	pathogenic
P13569	R1385Q	0.0934	benign
P13569	R1385S	0.6143	pathogenic
P13569	R1385T	0.4052	ambiguous
P13569	R1385V	0.5428	ambiguous
P13569	R1385W	0.2117	benign
P13569	R1385Y	0.5523	ambiguous
P13569	R1386A	0.2893	benign
P13569	R1386C	0.1578	benign
P13569	R1386D	0.5079	ambiguous
P13569	R1386E	0.252	benign
P13569	R1386F	0.4977	ambiguous
P13569	R1386G	0.1526	benign
P13569	R1386H	0.1011	benign
P13569	R1386I	0.2437	benign
P13569	R1386K	0.0789	benign
P13569	R1386L	0.218	benign
P13569	R1386M	0.2069	benign
P13569	R1386N	0.3895	ambiguous
P13569	R1386P	0.8275	pathogenic
P13569	R1386Q	0.0891	benign
P13569	R1386S	0.3444	ambiguous
P13569	R1386T	0.1812	benign
P13569	R1386V	0.3232	benign
P13569	R1386W	0.1737	benign
P13569	R1386Y	0.3403	ambiguous
P13569	T1387A	0.0897	benign
P13569	T1387C	0.3828	ambiguous
P13569	T1387D	0.7815	pathogenic
P13569	T1387E	0.5748	pathogenic
P13569	T1387F	0.3811	ambiguous
P13569	T1387G	0.4182	ambiguous
P13569	T1387H	0.4021	ambiguous
P13569	T1387I	0.1331	benign
P13569	T1387K	0.3551	ambiguous
P13569	T1387L	0.1552	benign
P13569	T1387M	0.1108	benign
P13569	T1387N	0.2466	benign
P13569	T1387P	0.6669	pathogenic
P13569	T1387Q	0.3795	ambiguous
P13569	T1387R	0.2924	benign
P13569	T1387S	0.185	benign
P13569	T1387V	0.12	benign
P13569	T1387W	0.7906	pathogenic
P13569	T1387Y	0.4666	ambiguous
P13569	L1388A	0.7575	pathogenic
P13569	L1388C	0.8362	pathogenic
P13569	L1388D	0.9947	pathogenic
P13569	L1388E	0.9394	pathogenic
P13569	L1388F	0.4641	ambiguous
P13569	L1388G	0.9576	pathogenic
P13569	L1388H	0.8892	pathogenic
P13569	L1388I	0.1392	benign
P13569	L1388K	0.9002	pathogenic
P13569	L1388M	0.1698	benign
P13569	L1388N	0.9593	pathogenic
P13569	L1388P	0.9811	pathogenic
P13569	L1388Q	0.7431	pathogenic
P13569	L1388R	0.8203	pathogenic
P13569	L1388S	0.8836	pathogenic
P13569	L1388T	0.7194	pathogenic
P13569	L1388V	0.1549	benign
P13569	L1388W	0.7472	pathogenic
P13569	L1388Y	0.9046	pathogenic
P13569	K1389A	0.6137	pathogenic
P13569	K1389C	0.7878	pathogenic
P13569	K1389D	0.8573	pathogenic
P13569	K1389E	0.3669	ambiguous
P13569	K1389F	0.8939	pathogenic
P13569	K1389G	0.6595	pathogenic
P13569	K1389H	0.4027	ambiguous
P13569	K1389I	0.6069	pathogenic
P13569	K1389L	0.5141	ambiguous
P13569	K1389M	0.424	ambiguous
P13569	K1389N	0.6987	pathogenic
P13569	K1389P	0.9289	pathogenic
P13569	K1389Q	0.16	benign
P13569	K1389R	0.0871	benign
P13569	K1389S	0.6598	pathogenic
P13569	K1389T	0.3893	ambiguous
P13569	K1389V	0.5972	pathogenic
P13569	K1389W	0.8405	pathogenic
P13569	K1389Y	0.7731	pathogenic
P13569	Q1390A	0.1769	benign
P13569	Q1390C	0.4165	ambiguous
P13569	Q1390D	0.2336	benign
P13569	Q1390E	0.0795	benign
P13569	Q1390F	0.4799	ambiguous
P13569	Q1390G	0.1738	benign
P13569	Q1390H	0.1211	benign
P13569	Q1390I	0.2885	benign
P13569	Q1390K	0.0713	benign
P13569	Q1390L	0.1069	benign
P13569	Q1390M	0.277	benign
P13569	Q1390N	0.1618	benign
P13569	Q1390P	0.345	ambiguous
P13569	Q1390R	0.0746	benign
P13569	Q1390S	0.1985	benign
P13569	Q1390T	0.1525	benign
P13569	Q1390V	0.2056	benign
P13569	Q1390W	0.2894	benign
P13569	Q1390Y	0.2478	benign
P13569	A1391C	0.3786	ambiguous
P13569	A1391D	0.3394	benign
P13569	A1391E	0.2626	benign
P13569	A1391F	0.3376	benign
P13569	A1391G	0.1708	benign
P13569	A1391H	0.3809	ambiguous
P13569	A1391I	0.2447	benign
P13569	A1391K	0.3515	ambiguous
P13569	A1391L	0.2487	benign
P13569	A1391M	0.2337	benign
P13569	A1391N	0.2364	benign
P13569	A1391P	0.7844	pathogenic
P13569	A1391Q	0.3124	benign
P13569	A1391R	0.3035	benign
P13569	A1391S	0.0911	benign
P13569	A1391T	0.0831	benign
P13569	A1391V	0.1171	benign
P13569	A1391W	0.7241	pathogenic
P13569	A1391Y	0.404	ambiguous
P13569	F1392A	0.9452	pathogenic
P13569	F1392C	0.8257	pathogenic
P13569	F1392D	0.9955	pathogenic
P13569	F1392E	0.995	pathogenic
P13569	F1392G	0.9798	pathogenic
P13569	F1392H	0.9464	pathogenic
P13569	F1392I	0.8628	pathogenic
P13569	F1392K	0.9903	pathogenic
P13569	F1392L	0.9655	pathogenic
P13569	F1392M	0.8938	pathogenic
P13569	F1392N	0.9764	pathogenic
P13569	F1392P	0.9979	pathogenic
P13569	F1392Q	0.986	pathogenic
P13569	F1392R	0.9737	pathogenic
P13569	F1392S	0.9295	pathogenic
P13569	F1392T	0.9619	pathogenic
P13569	F1392V	0.7863	pathogenic
P13569	F1392W	0.8506	pathogenic
P13569	F1392Y	0.5915	pathogenic
P13569	A1393C	0.3488	ambiguous
P13569	A1393D	0.194	benign
P13569	A1393E	0.1908	benign
P13569	A1393F	0.2773	benign
P13569	A1393G	0.1158	benign
P13569	A1393H	0.2831	benign
P13569	A1393I	0.1904	benign
P13569	A1393K	0.219	benign
P13569	A1393L	0.1586	benign
P13569	A1393M	0.2005	benign
P13569	A1393N	0.1923	benign
P13569	A1393P	0.2092	benign
P13569	A1393Q	0.2203	benign
P13569	A1393R	0.1778	benign
P13569	A1393S	0.0757	benign
P13569	A1393T	0.0741	benign
P13569	A1393V	0.102	benign
P13569	A1393W	0.5967	pathogenic
P13569	A1393Y	0.3666	ambiguous
P13569	D1394A	0.1252	benign
P13569	D1394C	0.3342	benign
P13569	D1394E	0.1637	benign
P13569	D1394F	0.4839	ambiguous
P13569	D1394G	0.0798	benign
P13569	D1394H	0.1372	benign
P13569	D1394I	0.3235	benign
P13569	D1394K	0.2077	benign
P13569	D1394L	0.321	benign
P13569	D1394M	0.5347	ambiguous
P13569	D1394N	0.063	benign
P13569	D1394P	0.5257	ambiguous
P13569	D1394Q	0.2193	benign
P13569	D1394R	0.2057	benign
P13569	D1394S	0.0768	benign
P13569	D1394T	0.1535	benign
P13569	D1394V	0.2086	benign
P13569	D1394W	0.7654	pathogenic
P13569	D1394Y	0.1685	benign
P13569	C1395A	0.7	pathogenic
P13569	C1395D	0.9601	pathogenic
P13569	C1395E	0.9797	pathogenic
P13569	C1395F	0.8089	pathogenic
P13569	C1395G	0.4523	ambiguous
P13569	C1395H	0.866	pathogenic
P13569	C1395I	0.9188	pathogenic
P13569	C1395K	0.9519	pathogenic
P13569	C1395L	0.9003	pathogenic
P13569	C1395M	0.9376	pathogenic
P13569	C1395N	0.8583	pathogenic
P13569	C1395P	0.9914	pathogenic
P13569	C1395Q	0.9056	pathogenic
P13569	C1395R	0.7042	pathogenic
P13569	C1395S	0.4598	ambiguous
P13569	C1395T	0.7204	pathogenic
P13569	C1395V	0.8361	pathogenic
P13569	C1395W	0.9402	pathogenic
P13569	C1395Y	0.8655	pathogenic
P13569	T1396A	0.6071	pathogenic
P13569	T1396C	0.9234	pathogenic
P13569	T1396D	0.982	pathogenic
P13569	T1396E	0.9793	pathogenic
P13569	T1396F	0.9787	pathogenic
P13569	T1396G	0.897	pathogenic
P13569	T1396H	0.9269	pathogenic
P13569	T1396I	0.9281	pathogenic
P13569	T1396K	0.9344	pathogenic
P13569	T1396L	0.8234	pathogenic
P13569	T1396M	0.6209	pathogenic
P13569	T1396N	0.8379	pathogenic
P13569	T1396P	0.8566	pathogenic
P13569	T1396Q	0.9305	pathogenic
P13569	T1396R	0.9081	pathogenic
P13569	T1396S	0.4599	ambiguous
P13569	T1396V	0.8368	pathogenic
P13569	T1396W	0.9928	pathogenic
P13569	T1396Y	0.9825	pathogenic
P13569	V1397A	0.6243	pathogenic
P13569	V1397C	0.9153	pathogenic
P13569	V1397D	0.9797	pathogenic
P13569	V1397E	0.9252	pathogenic
P13569	V1397F	0.5997	pathogenic
P13569	V1397G	0.8274	pathogenic
P13569	V1397H	0.9732	pathogenic
P13569	V1397I	0.1048	benign
P13569	V1397K	0.9413	pathogenic
P13569	V1397L	0.5099	ambiguous
P13569	V1397M	0.3103	benign
P13569	V1397N	0.9159	pathogenic
P13569	V1397P	0.9934	pathogenic
P13569	V1397Q	0.919	pathogenic
P13569	V1397R	0.9222	pathogenic
P13569	V1397S	0.7684	pathogenic
P13569	V1397T	0.5809	pathogenic
P13569	V1397W	0.9878	pathogenic
P13569	V1397Y	0.9508	pathogenic
P13569	I1398A	0.8946	pathogenic
P13569	I1398C	0.9103	pathogenic
P13569	I1398D	0.997	pathogenic
P13569	I1398E	0.9933	pathogenic
P13569	I1398F	0.3183	benign
P13569	I1398G	0.9833	pathogenic
P13569	I1398H	0.9762	pathogenic
P13569	I1398K	0.9837	pathogenic
P13569	I1398L	0.1603	benign
P13569	I1398M	0.1854	benign
P13569	I1398N	0.9539	pathogenic
P13569	I1398P	0.9936	pathogenic
P13569	I1398Q	0.9804	pathogenic
P13569	I1398R	0.9723	pathogenic
P13569	I1398S	0.931	pathogenic
P13569	I1398T	0.9028	pathogenic
P13569	I1398V	0.1181	benign
P13569	I1398W	0.9672	pathogenic
P13569	I1398Y	0.8869	pathogenic
P13569	L1399A	0.6852	pathogenic
P13569	L1399C	0.7409	pathogenic
P13569	L1399D	0.9861	pathogenic
P13569	L1399E	0.9096	pathogenic
P13569	L1399F	0.2964	benign
P13569	L1399G	0.9297	pathogenic
P13569	L1399H	0.6589	pathogenic
P13569	L1399I	0.1675	benign
P13569	L1399K	0.8805	pathogenic
P13569	L1399M	0.1676	benign
P13569	L1399N	0.8965	pathogenic
P13569	L1399P	0.9826	pathogenic
P13569	L1399Q	0.6229	pathogenic
P13569	L1399R	0.7352	pathogenic
P13569	L1399S	0.7071	pathogenic
P13569	L1399T	0.6079	pathogenic
P13569	L1399V	0.1801	benign
P13569	L1399W	0.6966	pathogenic
P13569	L1399Y	0.7706	pathogenic
P13569	C1400A	0.3198	benign
P13569	C1400D	0.9479	pathogenic
P13569	C1400E	0.9821	pathogenic
P13569	C1400F	0.7955	pathogenic
P13569	C1400G	0.2244	benign
P13569	C1400H	0.9376	pathogenic
P13569	C1400I	0.7714	pathogenic
P13569	C1400K	0.9938	pathogenic
P13569	C1400L	0.749	pathogenic
P13569	C1400M	0.8278	pathogenic
P13569	C1400N	0.8053	pathogenic
P13569	C1400P	0.9706	pathogenic
P13569	C1400Q	0.9556	pathogenic
P13569	C1400R	0.9617	pathogenic
P13569	C1400S	0.1267	benign
P13569	C1400T	0.3931	ambiguous
P13569	C1400V	0.6379	pathogenic
P13569	C1400W	0.9444	pathogenic
P13569	C1400Y	0.9017	pathogenic
P13569	E1401A	0.854	pathogenic
P13569	E1401C	0.9888	pathogenic
P13569	E1401D	0.863	pathogenic
P13569	E1401F	0.997	pathogenic
P13569	E1401G	0.8628	pathogenic
P13569	E1401H	0.9776	pathogenic
P13569	E1401I	0.9903	pathogenic
P13569	E1401K	0.902	pathogenic
P13569	E1401L	0.9876	pathogenic
P13569	E1401M	0.9885	pathogenic
P13569	E1401N	0.9698	pathogenic
P13569	E1401P	0.9929	pathogenic
P13569	E1401Q	0.7661	pathogenic
P13569	E1401R	0.9291	pathogenic
P13569	E1401S	0.8633	pathogenic
P13569	E1401T	0.9471	pathogenic
P13569	E1401V	0.9686	pathogenic
P13569	E1401W	0.999	pathogenic
P13569	E1401Y	0.9952	pathogenic
P13569	H1402A	0.9893	pathogenic
P13569	H1402C	0.9722	pathogenic
P13569	H1402D	0.9589	pathogenic
P13569	H1402E	0.9726	pathogenic
P13569	H1402F	0.9756	pathogenic
P13569	H1402G	0.9822	pathogenic
P13569	H1402I	0.9937	pathogenic
P13569	H1402K	0.9721	pathogenic
P13569	H1402L	0.9438	pathogenic
P13569	H1402M	0.9884	pathogenic
P13569	H1402N	0.8402	pathogenic
P13569	H1402P	0.9021	pathogenic
P13569	H1402Q	0.9631	pathogenic
P13569	H1402R	0.9436	pathogenic
P13569	H1402S	0.9714	pathogenic
P13569	H1402T	0.9922	pathogenic
P13569	H1402V	0.9925	pathogenic
P13569	H1402W	0.951	pathogenic
P13569	H1402Y	0.9019	pathogenic
P13569	R1403A	0.8163	pathogenic
P13569	R1403C	0.3438	ambiguous
P13569	R1403D	0.9058	pathogenic
P13569	R1403E	0.6907	pathogenic
P13569	R1403F	0.9124	pathogenic
P13569	R1403G	0.6335	pathogenic
P13569	R1403H	0.18	benign
P13569	R1403I	0.7577	pathogenic
P13569	R1403K	0.2016	benign
P13569	R1403L	0.6471	pathogenic
P13569	R1403M	0.6829	pathogenic
P13569	R1403N	0.8478	pathogenic
P13569	R1403P	0.9701	pathogenic
P13569	R1403Q	0.1507	benign
P13569	R1403S	0.8057	pathogenic
P13569	R1403T	0.6841	pathogenic
P13569	R1403V	0.8167	pathogenic
P13569	R1403W	0.3957	ambiguous
P13569	R1403Y	0.7688	pathogenic
P13569	I1404A	0.3065	benign
P13569	I1404C	0.8222	pathogenic
P13569	I1404D	0.8902	pathogenic
P13569	I1404E	0.7463	pathogenic
P13569	I1404F	0.1746	benign
P13569	I1404G	0.7406	pathogenic
P13569	I1404H	0.7663	pathogenic
P13569	I1404K	0.5905	pathogenic
P13569	I1404L	0.0825	benign
P13569	I1404M	0.0751	benign
P13569	I1404N	0.6095	pathogenic
P13569	I1404P	0.5795	pathogenic
P13569	I1404Q	0.6672	pathogenic
P13569	I1404R	0.482	ambiguous
P13569	I1404S	0.4708	ambiguous
P13569	I1404T	0.1869	benign
P13569	I1404V	0.0807	benign
P13569	I1404W	0.6832	pathogenic
P13569	I1404Y	0.6398	pathogenic
P13569	E1405A	0.3388	benign
P13569	E1405C	0.9551	pathogenic
P13569	E1405D	0.2808	benign
P13569	E1405F	0.926	pathogenic
P13569	E1405G	0.3455	ambiguous
P13569	E1405H	0.7243	pathogenic
P13569	E1405I	0.7808	pathogenic
P13569	E1405K	0.353	ambiguous
P13569	E1405L	0.7538	pathogenic
P13569	E1405M	0.7762	pathogenic
P13569	E1405N	0.605	pathogenic
P13569	E1405P	0.8022	pathogenic
P13569	E1405Q	0.2905	benign
P13569	E1405R	0.4891	ambiguous
P13569	E1405S	0.4077	ambiguous
P13569	E1405T	0.5178	ambiguous
P13569	E1405V	0.5747	pathogenic
P13569	E1405W	0.9638	pathogenic
P13569	E1405Y	0.8788	pathogenic
P13569	A1406C	0.8013	pathogenic
P13569	A1406D	0.6097	pathogenic
P13569	A1406E	0.6442	pathogenic
P13569	A1406F	0.7418	pathogenic
P13569	A1406G	0.246	benign
P13569	A1406H	0.8414	pathogenic
P13569	A1406I	0.7028	pathogenic
P13569	A1406K	0.9063	pathogenic
P13569	A1406L	0.5079	ambiguous
P13569	A1406M	0.5552	ambiguous
P13569	A1406N	0.5708	pathogenic
P13569	A1406P	0.4532	ambiguous
P13569	A1406Q	0.7702	pathogenic
P13569	A1406R	0.8574	pathogenic
P13569	A1406S	0.164	benign
P13569	A1406T	0.2307	benign
P13569	A1406V	0.3432	ambiguous
P13569	A1406W	0.9449	pathogenic
P13569	A1406Y	0.8207	pathogenic
P13569	M1407A	0.7219	pathogenic
P13569	M1407C	0.9148	pathogenic
P13569	M1407D	0.9884	pathogenic
P13569	M1407E	0.9444	pathogenic
P13569	M1407F	0.6298	pathogenic
P13569	M1407G	0.9384	pathogenic
P13569	M1407H	0.9383	pathogenic
P13569	M1407I	0.4587	ambiguous
P13569	M1407K	0.8156	pathogenic
P13569	M1407L	0.127	benign
P13569	M1407N	0.9296	pathogenic
P13569	M1407P	0.9688	pathogenic
P13569	M1407Q	0.7932	pathogenic
P13569	M1407R	0.8129	pathogenic
P13569	M1407S	0.8414	pathogenic
P13569	M1407T	0.6023	pathogenic
P13569	M1407V	0.1365	benign
P13569	M1407W	0.9273	pathogenic
P13569	M1407Y	0.9182	pathogenic
P13569	L1408A	0.1688	benign
P13569	L1408C	0.4978	ambiguous
P13569	L1408D	0.6438	pathogenic
P13569	L1408E	0.2741	benign
P13569	L1408F	0.1725	benign
P13569	L1408G	0.381	ambiguous
P13569	L1408H	0.2549	benign
P13569	L1408I	0.1208	benign
P13569	L1408K	0.2399	benign
P13569	L1408M	0.0876	benign
P13569	L1408N	0.3567	ambiguous
P13569	L1408P	0.6855	pathogenic
P13569	L1408Q	0.1295	benign
P13569	L1408R	0.18	benign
P13569	L1408S	0.1704	benign
P13569	L1408T	0.1412	benign
P13569	L1408V	0.1091	benign
P13569	L1408W	0.1996	benign
P13569	L1408Y	0.3737	ambiguous
P13569	E1409A	0.2952	benign
P13569	E1409C	0.9058	pathogenic
P13569	E1409D	0.1398	benign
P13569	E1409F	0.8771	pathogenic
P13569	E1409G	0.2884	benign
P13569	E1409H	0.6837	pathogenic
P13569	E1409I	0.7497	pathogenic
P13569	E1409K	0.5114	ambiguous
P13569	E1409L	0.6684	pathogenic
P13569	E1409M	0.7522	pathogenic
P13569	E1409N	0.4461	ambiguous
P13569	E1409P	0.7653	pathogenic
P13569	E1409Q	0.2887	benign
P13569	E1409R	0.5776	pathogenic
P13569	E1409S	0.3373	benign
P13569	E1409T	0.5064	ambiguous
P13569	E1409V	0.5247	ambiguous
P13569	E1409W	0.943	pathogenic
P13569	E1409Y	0.7837	pathogenic
P13569	C1410A	0.8407	pathogenic
P13569	C1410D	0.9836	pathogenic
P13569	C1410E	0.9929	pathogenic
P13569	C1410F	0.7495	pathogenic
P13569	C1410G	0.5975	pathogenic
P13569	C1410H	0.9674	pathogenic
P13569	C1410I	0.9127	pathogenic
P13569	C1410K	0.996	pathogenic
P13569	C1410L	0.8525	pathogenic
P13569	C1410M	0.9009	pathogenic
P13569	C1410N	0.9168	pathogenic
P13569	C1410P	0.994	pathogenic
P13569	C1410Q	0.9841	pathogenic
P13569	C1410R	0.9732	pathogenic
P13569	C1410S	0.7237	pathogenic
P13569	C1410T	0.8699	pathogenic
P13569	C1410V	0.8272	pathogenic
P13569	C1410W	0.9456	pathogenic
P13569	C1410Y	0.8403	pathogenic
P13569	Q1411A	0.5092	ambiguous
P13569	Q1411C	0.8366	pathogenic
P13569	Q1411D	0.4679	ambiguous
P13569	Q1411E	0.1078	benign
P13569	Q1411F	0.9319	pathogenic
P13569	Q1411G	0.3745	ambiguous
P13569	Q1411H	0.3573	ambiguous
P13569	Q1411I	0.8387	pathogenic
P13569	Q1411K	0.1561	benign
P13569	Q1411L	0.4621	ambiguous
P13569	Q1411M	0.7558	pathogenic
P13569	Q1411N	0.418	ambiguous
P13569	Q1411P	0.3199	benign
P13569	Q1411R	0.1391	benign
P13569	Q1411S	0.3724	ambiguous
P13569	Q1411T	0.4248	ambiguous
P13569	Q1411V	0.7005	pathogenic
P13569	Q1411W	0.7933	pathogenic
P13569	Q1411Y	0.7752	pathogenic
P13569	Q1412A	0.244	benign
P13569	Q1412C	0.2395	benign
P13569	Q1412D	0.3719	ambiguous
P13569	Q1412E	0.1108	benign
P13569	Q1412F	0.5364	ambiguous
P13569	Q1412G	0.1706	benign
P13569	Q1412H	0.1205	benign
P13569	Q1412I	0.4075	ambiguous
P13569	Q1412K	0.0856	benign
P13569	Q1412L	0.1596	benign
P13569	Q1412M	0.3802	ambiguous
P13569	Q1412N	0.225	benign
P13569	Q1412P	0.5479	ambiguous
P13569	Q1412R	0.058	benign
P13569	Q1412S	0.2013	benign
P13569	Q1412T	0.1812	benign
P13569	Q1412V	0.3185	benign
P13569	Q1412W	0.2238	benign
P13569	Q1412Y	0.2617	benign
P13569	F1413A	0.9615	pathogenic
P13569	F1413C	0.7828	pathogenic
P13569	F1413D	0.9931	pathogenic
P13569	F1413E	0.994	pathogenic
P13569	F1413G	0.9845	pathogenic
P13569	F1413H	0.9402	pathogenic
P13569	F1413I	0.4875	ambiguous
P13569	F1413K	0.9917	pathogenic
P13569	F1413L	0.9535	pathogenic
P13569	F1413M	0.8364	pathogenic
P13569	F1413N	0.9608	pathogenic
P13569	F1413P	0.9991	pathogenic
P13569	F1413Q	0.9877	pathogenic
P13569	F1413R	0.9815	pathogenic
P13569	F1413S	0.9536	pathogenic
P13569	F1413T	0.9604	pathogenic
P13569	F1413V	0.5604	ambiguous
P13569	F1413W	0.8119	pathogenic
P13569	F1413Y	0.239	benign
P13569	L1414A	0.7011	pathogenic
P13569	L1414C	0.7949	pathogenic
P13569	L1414D	0.9922	pathogenic
P13569	L1414E	0.9513	pathogenic
P13569	L1414F	0.2955	benign
P13569	L1414G	0.9576	pathogenic
P13569	L1414H	0.7642	pathogenic
P13569	L1414I	0.1403	benign
P13569	L1414K	0.9076	pathogenic
P13569	L1414M	0.1799	benign
P13569	L1414N	0.9568	pathogenic
P13569	L1414P	0.9881	pathogenic
P13569	L1414Q	0.7651	pathogenic
P13569	L1414R	0.8065	pathogenic
P13569	L1414S	0.8437	pathogenic
P13569	L1414T	0.7113	pathogenic
P13569	L1414V	0.1679	benign
P13569	L1414W	0.5601	ambiguous
P13569	L1414Y	0.76	pathogenic
P13569	V1415A	0.406	ambiguous
P13569	V1415C	0.8365	pathogenic
P13569	V1415D	0.8365	pathogenic
P13569	V1415E	0.6954	pathogenic
P13569	V1415F	0.3182	benign
P13569	V1415G	0.5231	ambiguous
P13569	V1415H	0.8603	pathogenic
P13569	V1415I	0.1056	benign
P13569	V1415K	0.8191	pathogenic
P13569	V1415L	0.2755	benign
P13569	V1415M	0.2213	benign
P13569	V1415N	0.7597	pathogenic
P13569	V1415P	0.9716	pathogenic
P13569	V1415Q	0.7195	pathogenic
P13569	V1415R	0.7622	pathogenic
P13569	V1415S	0.542	ambiguous
P13569	V1415T	0.5141	ambiguous
P13569	V1415W	0.9165	pathogenic
P13569	V1415Y	0.7821	pathogenic
P13569	I1416A	0.4593	ambiguous
P13569	I1416C	0.8784	pathogenic
P13569	I1416D	0.9778	pathogenic
P13569	I1416E	0.9353	pathogenic
P13569	I1416F	0.2828	benign
P13569	I1416G	0.9047	pathogenic
P13569	I1416H	0.9296	pathogenic
P13569	I1416K	0.8713	pathogenic
P13569	I1416L	0.1564	benign
P13569	I1416M	0.0827	benign
P13569	I1416N	0.8187	pathogenic
P13569	I1416P	0.9563	pathogenic
P13569	I1416Q	0.8699	pathogenic
P13569	I1416R	0.7902	pathogenic
P13569	I1416S	0.64	pathogenic
P13569	I1416T	0.2638	benign
P13569	I1416V	0.1047	benign
P13569	I1416W	0.8986	pathogenic
P13569	I1416Y	0.841	pathogenic
P13569	E1417A	0.3647	ambiguous
P13569	E1417C	0.938	pathogenic
P13569	E1417D	0.2807	benign
P13569	E1417F	0.9353	pathogenic
P13569	E1417G	0.3391	benign
P13569	E1417H	0.6973	pathogenic
P13569	E1417I	0.7816	pathogenic
P13569	E1417K	0.3332	benign
P13569	E1417L	0.7618	pathogenic
P13569	E1417M	0.7635	pathogenic
P13569	E1417N	0.5773	pathogenic
P13569	E1417P	0.9708	pathogenic
P13569	E1417Q	0.2368	benign
P13569	E1417R	0.4435	ambiguous
P13569	E1417S	0.3729	ambiguous
P13569	E1417T	0.4804	ambiguous
P13569	E1417V	0.5631	ambiguous
P13569	E1417W	0.964	pathogenic
P13569	E1417Y	0.8787	pathogenic
P13569	E1418A	0.1397	benign
P13569	E1418C	0.7402	pathogenic
P13569	E1418D	0.0695	benign
P13569	E1418F	0.7364	pathogenic
P13569	E1418G	0.0732	benign
P13569	E1418H	0.3677	ambiguous
P13569	E1418I	0.4931	ambiguous
P13569	E1418K	0.1095	benign
P13569	E1418L	0.4544	ambiguous
P13569	E1418M	0.488	ambiguous
P13569	E1418N	0.1262	benign
P13569	E1418P	0.6233	pathogenic
P13569	E1418Q	0.1299	benign
P13569	E1418R	0.1856	benign
P13569	E1418S	0.15	benign
P13569	E1418T	0.2327	benign
P13569	E1418V	0.3	benign
P13569	E1418W	0.8038	pathogenic
P13569	E1418Y	0.5037	ambiguous
P13569	N1419A	0.195	benign
P13569	N1419C	0.1958	benign
P13569	N1419D	0.1083	benign
P13569	N1419E	0.2307	benign
P13569	N1419F	0.5244	ambiguous
P13569	N1419G	0.1496	benign
P13569	N1419H	0.1093	benign
P13569	N1419I	0.2864	benign
P13569	N1419K	0.1506	benign
P13569	N1419L	0.2865	benign
P13569	N1419M	0.3018	benign
P13569	N1419P	0.6179	pathogenic
P13569	N1419Q	0.2095	benign
P13569	N1419R	0.1917	benign
P13569	N1419S	0.0788	benign
P13569	N1419T	0.1292	benign
P13569	N1419V	0.2865	benign
P13569	N1419W	0.6562	pathogenic
P13569	N1419Y	0.1496	benign
P13569	K1420A	0.1248	benign
P13569	K1420C	0.3423	ambiguous
P13569	K1420D	0.2531	benign
P13569	K1420E	0.0823	benign
P13569	K1420F	0.4153	ambiguous
P13569	K1420G	0.1907	benign
P13569	K1420H	0.146	benign
P13569	K1420I	0.157	benign
P13569	K1420L	0.1702	benign
P13569	K1420M	0.1135	benign
P13569	K1420N	0.1332	benign
P13569	K1420P	0.6698	pathogenic
P13569	K1420Q	0.0819	benign
P13569	K1420R	0.0619	benign
P13569	K1420S	0.1339	benign
P13569	K1420T	0.0629	benign
P13569	K1420V	0.1493	benign
P13569	K1420W	0.4647	ambiguous
P13569	K1420Y	0.3163	benign
P13569	V1421A	0.3126	benign
P13569	V1421C	0.7877	pathogenic
P13569	V1421D	0.852	pathogenic
P13569	V1421E	0.7199	pathogenic
P13569	V1421F	0.2879	benign
P13569	V1421G	0.3275	benign
P13569	V1421H	0.8913	pathogenic
P13569	V1421I	0.0981	benign
P13569	V1421K	0.7789	pathogenic
P13569	V1421L	0.2123	benign
P13569	V1421M	0.1665	benign
P13569	V1421N	0.7296	pathogenic
P13569	V1421P	0.8213	pathogenic
P13569	V1421Q	0.7215	pathogenic
P13569	V1421R	0.7441	pathogenic
P13569	V1421S	0.5248	ambiguous
P13569	V1421T	0.4731	ambiguous
P13569	V1421W	0.8621	pathogenic
P13569	V1421Y	0.7148	pathogenic
P13569	R1422A	0.1974	benign
P13569	R1422C	0.1005	benign
P13569	R1422D	0.407	ambiguous
P13569	R1422E	0.1761	benign
P13569	R1422F	0.248	benign
P13569	R1422G	0.1386	benign
P13569	R1422H	0.0775	benign
P13569	R1422I	0.1242	benign
P13569	R1422K	0.0805	benign
P13569	R1422L	0.1297	benign
P13569	R1422M	0.1513	benign
P13569	R1422N	0.2917	benign
P13569	R1422P	0.7033	pathogenic
P13569	R1422Q	0.0689	benign
P13569	R1422S	0.2159	benign
P13569	R1422T	0.119	benign
P13569	R1422V	0.1766	benign
P13569	R1422W	0.0919	benign
P13569	R1422Y	0.1898	benign
P13569	Q1423A	0.214	benign
P13569	Q1423C	0.4725	ambiguous
P13569	Q1423D	0.4796	ambiguous
P13569	Q1423E	0.0931	benign
P13569	Q1423F	0.6691	pathogenic
P13569	Q1423G	0.2591	benign
P13569	Q1423H	0.2331	benign
P13569	Q1423I	0.3201	benign
P13569	Q1423K	0.0894	benign
P13569	Q1423L	0.1542	benign
P13569	Q1423M	0.3604	ambiguous
P13569	Q1423N	0.3203	benign
P13569	Q1423P	0.153	benign
P13569	Q1423R	0.0983	benign
P13569	Q1423S	0.2589	benign
P13569	Q1423T	0.1824	benign
P13569	Q1423V	0.241	benign
P13569	Q1423W	0.4945	ambiguous
P13569	Q1423Y	0.4487	ambiguous
P13569	Y1424A	0.768	pathogenic
P13569	Y1424C	0.2629	benign
P13569	Y1424D	0.7144	pathogenic
P13569	Y1424E	0.8557	pathogenic
P13569	Y1424F	0.115	benign
P13569	Y1424G	0.711	pathogenic
P13569	Y1424H	0.3355	benign
P13569	Y1424I	0.6882	pathogenic
P13569	Y1424K	0.8435	pathogenic
P13569	Y1424L	0.6764	pathogenic
P13569	Y1424M	0.7516	pathogenic
P13569	Y1424N	0.4677	ambiguous
P13569	Y1424P	0.9619	pathogenic
P13569	Y1424Q	0.7914	pathogenic
P13569	Y1424R	0.738	pathogenic
P13569	Y1424S	0.5553	ambiguous
P13569	Y1424T	0.7405	pathogenic
P13569	Y1424V	0.5798	pathogenic
P13569	Y1424W	0.4675	ambiguous
P13569	D1425A	0.1187	benign
P13569	D1425C	0.3721	ambiguous
P13569	D1425E	0.1135	benign
P13569	D1425F	0.4531	ambiguous
P13569	D1425G	0.1014	benign
P13569	D1425H	0.1524	benign
P13569	D1425I	0.2638	benign
P13569	D1425K	0.1897	benign
P13569	D1425L	0.2694	benign
P13569	D1425M	0.5216	ambiguous
P13569	D1425N	0.0878	benign
P13569	D1425P	0.3587	ambiguous
P13569	D1425Q	0.1924	benign
P13569	D1425R	0.1932	benign
P13569	D1425S	0.091	benign
P13569	D1425T	0.164	benign
P13569	D1425V	0.1579	benign
P13569	D1425W	0.7621	pathogenic
P13569	D1425Y	0.1651	benign
P13569	S1426A	0.1003	benign
P13569	S1426C	0.1075	benign
P13569	S1426D	0.4379	ambiguous
P13569	S1426E	0.6725	pathogenic
P13569	S1426F	0.3171	benign
P13569	S1426G	0.122	benign
P13569	S1426H	0.3917	ambiguous
P13569	S1426I	0.3744	ambiguous
P13569	S1426K	0.7568	pathogenic
P13569	S1426L	0.1552	benign
P13569	S1426M	0.3039	benign
P13569	S1426N	0.1953	benign
P13569	S1426P	0.6453	pathogenic
P13569	S1426Q	0.651	pathogenic
P13569	S1426R	0.6603	pathogenic
P13569	S1426T	0.0908	benign
P13569	S1426V	0.3087	benign
P13569	S1426W	0.4593	ambiguous
P13569	S1426Y	0.2311	benign
P13569	I1427A	0.4847	ambiguous
P13569	I1427C	0.7324	pathogenic
P13569	I1427D	0.9122	pathogenic
P13569	I1427E	0.8342	pathogenic
P13569	I1427F	0.1171	benign
P13569	I1427G	0.8096	pathogenic
P13569	I1427H	0.6703	pathogenic
P13569	I1427K	0.6364	pathogenic
P13569	I1427L	0.0672	benign
P13569	I1427M	0.0915	benign
P13569	I1427N	0.61	pathogenic
P13569	I1427P	0.5744	pathogenic
P13569	I1427Q	0.6795	pathogenic
P13569	I1427R	0.5074	ambiguous
P13569	I1427S	0.5357	ambiguous
P13569	I1427T	0.5145	ambiguous
P13569	I1427V	0.1073	benign
P13569	I1427W	0.6284	pathogenic
P13569	I1427Y	0.512	ambiguous
P13569	Q1428A	0.307	benign
P13569	Q1428C	0.6959	pathogenic
P13569	Q1428D	0.4824	ambiguous
P13569	Q1428E	0.0959	benign
P13569	Q1428F	0.759	pathogenic
P13569	Q1428G	0.2769	benign
P13569	Q1428H	0.264	benign
P13569	Q1428I	0.5175	ambiguous
P13569	Q1428K	0.1218	benign
P13569	Q1428L	0.2197	benign
P13569	Q1428M	0.4867	ambiguous
P13569	Q1428N	0.3914	ambiguous
P13569	Q1428P	0.1585	benign
P13569	Q1428R	0.112	benign
P13569	Q1428S	0.313	benign
P13569	Q1428T	0.3012	benign
P13569	Q1428V	0.3672	ambiguous
P13569	Q1428W	0.5003	ambiguous
P13569	Q1428Y	0.5157	ambiguous
P13569	K1429A	0.2295	benign
P13569	K1429C	0.5034	ambiguous
P13569	K1429D	0.4215	ambiguous
P13569	K1429E	0.1449	benign
P13569	K1429F	0.5871	pathogenic
P13569	K1429G	0.2761	benign
P13569	K1429H	0.2125	benign
P13569	K1429I	0.2419	benign
P13569	K1429L	0.2307	benign
P13569	K1429M	0.1432	benign
P13569	K1429N	0.2343	benign
P13569	K1429P	0.7135	pathogenic
P13569	K1429Q	0.1086	benign
P13569	K1429R	0.0727	benign
P13569	K1429S	0.2724	benign
P13569	K1429T	0.1259	benign
P13569	K1429V	0.2302	benign
P13569	K1429W	0.5769	pathogenic
P13569	K1429Y	0.3922	ambiguous
P13569	L1430A	0.7559	pathogenic
P13569	L1430C	0.8042	pathogenic
P13569	L1430D	0.9876	pathogenic
P13569	L1430E	0.9414	pathogenic
P13569	L1430F	0.4235	ambiguous
P13569	L1430G	0.9368	pathogenic
P13569	L1430H	0.8531	pathogenic
P13569	L1430I	0.1919	benign
P13569	L1430K	0.9136	pathogenic
P13569	L1430M	0.2189	benign
P13569	L1430N	0.9504	pathogenic
P13569	L1430P	0.9461	pathogenic
P13569	L1430Q	0.827	pathogenic
P13569	L1430R	0.8515	pathogenic
P13569	L1430S	0.9245	pathogenic
P13569	L1430T	0.8435	pathogenic
P13569	L1430V	0.2066	benign
P13569	L1430W	0.7017	pathogenic
P13569	L1430Y	0.7591	pathogenic
P13569	L1431A	0.3864	ambiguous
P13569	L1431C	0.4682	ambiguous
P13569	L1431D	0.8846	pathogenic
P13569	L1431E	0.5912	pathogenic
P13569	L1431F	0.172	benign
P13569	L1431G	0.6576	pathogenic
P13569	L1431H	0.3901	ambiguous
P13569	L1431I	0.1096	benign
P13569	L1431K	0.4505	ambiguous
P13569	L1431M	0.1078	benign
P13569	L1431N	0.6515	pathogenic
P13569	L1431P	0.7702	pathogenic
P13569	L1431Q	0.2682	benign
P13569	L1431R	0.3246	benign
P13569	L1431S	0.4424	ambiguous
P13569	L1431T	0.3568	ambiguous
P13569	L1431V	0.1052	benign
P13569	L1431W	0.236	benign
P13569	L1431Y	0.4465	ambiguous
P13569	N1432A	0.1078	benign
P13569	N1432C	0.1201	benign
P13569	N1432D	0.1054	benign
P13569	N1432E	0.2267	benign
P13569	N1432F	0.3239	benign
P13569	N1432G	0.1184	benign
P13569	N1432H	0.075	benign
P13569	N1432I	0.1401	benign
P13569	N1432K	0.1568	benign
P13569	N1432L	0.127	benign
P13569	N1432M	0.1791	benign
P13569	N1432P	0.3923	ambiguous
P13569	N1432Q	0.1773	benign
P13569	N1432R	0.1495	benign
P13569	N1432S	0.05	benign
P13569	N1432T	0.0681	benign
P13569	N1432V	0.1467	benign
P13569	N1432W	0.4343	ambiguous
P13569	N1432Y	0.1068	benign
P13569	E1433A	0.2667	benign
P13569	E1433C	0.891	pathogenic
P13569	E1433D	0.1849	benign
P13569	E1433F	0.8631	pathogenic
P13569	E1433G	0.1871	benign
P13569	E1433H	0.5051	ambiguous
P13569	E1433I	0.6236	pathogenic
P13569	E1433K	0.1459	benign
P13569	E1433L	0.619	pathogenic
P13569	E1433M	0.6642	pathogenic
P13569	E1433N	0.3639	ambiguous
P13569	E1433P	0.8158	pathogenic
P13569	E1433Q	0.1484	benign
P13569	E1433R	0.2474	benign
P13569	E1433S	0.2724	benign
P13569	E1433T	0.3513	ambiguous
P13569	E1433V	0.4131	ambiguous
P13569	E1433W	0.9289	pathogenic
P13569	E1433Y	0.737	pathogenic
P13569	R1434A	0.1755	benign
P13569	R1434C	0.1923	benign
P13569	R1434D	0.3227	benign
P13569	R1434E	0.1437	benign
P13569	R1434F	0.3912	ambiguous
P13569	R1434G	0.0951	benign
P13569	R1434H	0.1253	benign
P13569	R1434I	0.1578	benign
P13569	R1434K	0.0547	benign
P13569	R1434L	0.1631	benign
P13569	R1434M	0.1333	benign
P13569	R1434N	0.2194	benign
P13569	R1434P	0.3334	benign
P13569	R1434Q	0.0894	benign
P13569	R1434S	0.1869	benign
P13569	R1434T	0.0959	benign
P13569	R1434V	0.2056	benign
P13569	R1434W	0.1773	benign
P13569	R1434Y	0.2727	benign
P13569	S1435A	0.1268	benign
P13569	S1435C	0.1093	benign
P13569	S1435D	0.272	benign
P13569	S1435E	0.4639	ambiguous
P13569	S1435F	0.2342	benign
P13569	S1435G	0.0914	benign
P13569	S1435H	0.2565	benign
P13569	S1435I	0.149	benign
P13569	S1435K	0.5277	ambiguous
P13569	S1435L	0.1368	benign
P13569	S1435M	0.2218	benign
P13569	S1435N	0.0985	benign
P13569	S1435P	0.2253	benign
P13569	S1435Q	0.4566	ambiguous
P13569	S1435R	0.443	ambiguous
P13569	S1435T	0.0941	benign
P13569	S1435V	0.1864	benign
P13569	S1435W	0.3247	benign
P13569	S1435Y	0.1777	benign
P13569	L1436A	0.1218	benign
P13569	L1436C	0.2575	benign
P13569	L1436D	0.3361	benign
P13569	L1436E	0.2284	benign
P13569	L1436F	0.0826	benign
P13569	L1436G	0.2463	benign
P13569	L1436H	0.1165	benign
P13569	L1436I	0.0657	benign
P13569	L1436K	0.188	benign
P13569	L1436M	0.1018	benign
P13569	L1436N	0.1876	benign
P13569	L1436P	0.0992	benign
P13569	L1436Q	0.115	benign
P13569	L1436R	0.1256	benign
P13569	L1436S	0.1108	benign
P13569	L1436T	0.1231	benign
P13569	L1436V	0.0686	benign
P13569	L1436W	0.1341	benign
P13569	L1436Y	0.1808	benign
P13569	F1437A	0.7144	pathogenic
P13569	F1437C	0.4638	ambiguous
P13569	F1437D	0.9052	pathogenic
P13569	F1437E	0.9054	pathogenic
P13569	F1437G	0.8211	pathogenic
P13569	F1437H	0.7096	pathogenic
P13569	F1437I	0.2392	benign
P13569	F1437K	0.9018	pathogenic
P13569	F1437L	0.663	pathogenic
P13569	F1437M	0.5705	pathogenic
P13569	F1437N	0.8166	pathogenic
P13569	F1437P	0.8804	pathogenic
P13569	F1437Q	0.8344	pathogenic
P13569	F1437R	0.8273	pathogenic
P13569	F1437S	0.6152	pathogenic
P13569	F1437T	0.7324	pathogenic
P13569	F1437V	0.2878	benign
P13569	F1437W	0.4574	ambiguous
P13569	F1437Y	0.1981	benign
P13569	R1438A	0.2483	benign
P13569	R1438C	0.0996	benign
P13569	R1438D	0.5027	ambiguous
P13569	R1438E	0.2472	benign
P13569	R1438F	0.3305	benign
P13569	R1438G	0.1158	benign
P13569	R1438H	0.0871	benign
P13569	R1438I	0.2094	benign
P13569	R1438K	0.0948	benign
P13569	R1438L	0.1524	benign
P13569	R1438M	0.2344	benign
P13569	R1438N	0.3862	ambiguous
P13569	R1438P	0.3697	ambiguous
P13569	R1438Q	0.0805	benign
P13569	R1438S	0.2609	benign
P13569	R1438T	0.1909	benign
P13569	R1438V	0.2611	benign
P13569	R1438W	0.1032	benign
P13569	R1438Y	0.2087	benign
P13569	Q1439A	0.2181	benign
P13569	Q1439C	0.5907	pathogenic
P13569	Q1439D	0.2673	benign
P13569	Q1439E	0.0764	benign
P13569	Q1439F	0.6635	pathogenic
P13569	Q1439G	0.2167	benign
P13569	Q1439H	0.2014	benign
P13569	Q1439I	0.4171	ambiguous
P13569	Q1439K	0.0784	benign
P13569	Q1439L	0.1552	benign
P13569	Q1439M	0.3588	ambiguous
P13569	Q1439N	0.231	benign
P13569	Q1439P	0.1535	benign
P13569	Q1439R	0.0998	benign
P13569	Q1439S	0.2394	benign
P13569	Q1439T	0.2102	benign
P13569	Q1439V	0.2873	benign
P13569	Q1439W	0.4855	ambiguous
P13569	Q1439Y	0.4291	ambiguous
P13569	A1440C	0.6094	pathogenic
P13569	A1440D	0.535	ambiguous
P13569	A1440E	0.4927	ambiguous
P13569	A1440F	0.4093	ambiguous
P13569	A1440G	0.2104	benign
P13569	A1440H	0.6647	pathogenic
P13569	A1440I	0.3302	benign
P13569	A1440K	0.72	pathogenic
P13569	A1440L	0.2911	benign
P13569	A1440M	0.3188	benign
P13569	A1440N	0.4352	ambiguous
P13569	A1440P	0.5507	ambiguous
P13569	A1440Q	0.5913	pathogenic
P13569	A1440R	0.6527	pathogenic
P13569	A1440S	0.1433	benign
P13569	A1440T	0.1618	benign
P13569	A1440V	0.1465	benign
P13569	A1440W	0.8273	pathogenic
P13569	A1440Y	0.5552	ambiguous
P13569	I1441A	0.3756	ambiguous
P13569	I1441C	0.6483	pathogenic
P13569	I1441D	0.8021	pathogenic
P13569	I1441E	0.7535	pathogenic
P13569	I1441F	0.1061	benign
P13569	I1441G	0.7051	pathogenic
P13569	I1441H	0.626	pathogenic
P13569	I1441K	0.5658	pathogenic
P13569	I1441L	0.0858	benign
P13569	I1441M	0.0913	benign
P13569	I1441N	0.4453	ambiguous
P13569	I1441P	0.7647	pathogenic
P13569	I1441Q	0.6137	pathogenic
P13569	I1441R	0.4253	ambiguous
P13569	I1441S	0.4215	ambiguous
P13569	I1441T	0.405	ambiguous
P13569	I1441V	0.0785	benign
P13569	I1441W	0.6818	pathogenic
P13569	I1441Y	0.4581	ambiguous
P13569	S1442A	0.109	benign
P13569	S1442C	0.0925	benign
P13569	S1442D	0.3368	benign
P13569	S1442E	0.5255	ambiguous
P13569	S1442F	0.1962	benign
P13569	S1442G	0.0809	benign
P13569	S1442H	0.2604	benign
P13569	S1442I	0.1487	benign
P13569	S1442K	0.5455	ambiguous
P13569	S1442L	0.1042	benign
P13569	S1442M	0.2251	benign
P13569	S1442N	0.1452	benign
P13569	S1442P	0.1806	benign
P13569	S1442Q	0.4581	ambiguous
P13569	S1442R	0.43	ambiguous
P13569	S1442T	0.0881	benign
P13569	S1442V	0.1792	benign
P13569	S1442W	0.3152	benign
P13569	S1442Y	0.1875	benign
P13569	P1443A	0.0666	benign
P13569	P1443C	0.1386	benign
P13569	P1443D	0.183	benign
P13569	P1443E	0.174	benign
P13569	P1443F	0.1512	benign
P13569	P1443G	0.1445	benign
P13569	P1443H	0.065	benign
P13569	P1443I	0.137	benign
P13569	P1443K	0.152	benign
P13569	P1443L	0.078	benign
P13569	P1443M	0.1765	benign
P13569	P1443N	0.1225	benign
P13569	P1443Q	0.0924	benign
P13569	P1443R	0.0908	benign
P13569	P1443S	0.0664	benign
P13569	P1443T	0.0681	benign
P13569	P1443V	0.1138	benign
P13569	P1443W	0.2337	benign
P13569	P1443Y	0.1214	benign
P13569	S1444A	0.0611	benign
P13569	S1444C	0.0891	benign
P13569	S1444D	0.2743	benign
P13569	S1444E	0.2943	benign
P13569	S1444F	0.1221	benign
P13569	S1444G	0.0911	benign
P13569	S1444H	0.2192	benign
P13569	S1444I	0.1215	benign
P13569	S1444K	0.3717	ambiguous
P13569	S1444L	0.0695	benign
P13569	S1444M	0.1534	benign
P13569	S1444N	0.1468	benign
P13569	S1444P	0.1076	benign
P13569	S1444Q	0.2949	benign
P13569	S1444R	0.2965	benign
P13569	S1444T	0.0741	benign
P13569	S1444V	0.1104	benign
P13569	S1444W	0.1718	benign
P13569	S1444Y	0.1168	benign
P13569	D1445A	0.144	benign
P13569	D1445C	0.3477	ambiguous
P13569	D1445E	0.1065	benign
P13569	D1445F	0.3934	ambiguous
P13569	D1445G	0.1243	benign
P13569	D1445H	0.1763	benign
P13569	D1445I	0.2582	benign
P13569	D1445K	0.2398	benign
P13569	D1445L	0.2559	benign
P13569	D1445M	0.4607	ambiguous
P13569	D1445N	0.0987	benign
P13569	D1445P	0.5051	ambiguous
P13569	D1445Q	0.2012	benign
P13569	D1445R	0.2444	benign
P13569	D1445S	0.0989	benign
P13569	D1445T	0.1977	benign
P13569	D1445V	0.1547	benign
P13569	D1445W	0.6906	pathogenic
P13569	D1445Y	0.1517	benign
P13569	R1446A	0.183	benign
P13569	R1446C	0.1489	benign
P13569	R1446D	0.3881	ambiguous
P13569	R1446E	0.205	benign
P13569	R1446F	0.3283	benign
P13569	R1446G	0.1109	benign
P13569	R1446H	0.1044	benign
P13569	R1446I	0.168	benign
P13569	R1446K	0.0926	benign
P13569	R1446L	0.1699	benign
P13569	R1446M	0.1625	benign
P13569	R1446N	0.3385	benign
P13569	R1446P	0.3397	benign
P13569	R1446Q	0.0941	benign
P13569	R1446S	0.2509	benign
P13569	R1446T	0.1253	benign
P13569	R1446V	0.2214	benign
P13569	R1446W	0.1265	benign
P13569	R1446Y	0.256	benign
P13569	V1447A	0.105	benign
P13569	V1447C	0.4144	ambiguous
P13569	V1447D	0.1579	benign
P13569	V1447E	0.118	benign
P13569	V1447F	0.087	benign
P13569	V1447G	0.0818	benign
P13569	V1447H	0.2513	benign
P13569	V1447I	0.0774	benign
P13569	V1447K	0.1219	benign
P13569	V1447L	0.0685	benign
P13569	V1447M	0.0689	benign
P13569	V1447N	0.1304	benign
P13569	V1447P	0.1675	benign
P13569	V1447Q	0.1161	benign
P13569	V1447R	0.1043	benign
P13569	V1447S	0.1053	benign
P13569	V1447T	0.1344	benign
P13569	V1447W	0.3112	benign
P13569	V1447Y	0.2326	benign
P13569	K1448A	0.2338	benign
P13569	K1448C	0.4865	ambiguous
P13569	K1448D	0.4334	ambiguous
P13569	K1448E	0.1736	benign
P13569	K1448F	0.4885	ambiguous
P13569	K1448G	0.2803	benign
P13569	K1448H	0.2144	benign
P13569	K1448I	0.2355	benign
P13569	K1448L	0.2263	benign
P13569	K1448M	0.1601	benign
P13569	K1448N	0.2834	benign
P13569	K1448P	0.3577	ambiguous
P13569	K1448Q	0.1174	benign
P13569	K1448R	0.0688	benign
P13569	K1448S	0.2806	benign
P13569	K1448T	0.1365	benign
P13569	K1448V	0.2434	benign
P13569	K1448W	0.5033	ambiguous
P13569	K1448Y	0.3953	ambiguous
P13569	L1449A	0.2807	benign
P13569	L1449C	0.309	benign
P13569	L1449D	0.6089	pathogenic
P13569	L1449E	0.4668	ambiguous
P13569	L1449F	0.0895	benign
P13569	L1449G	0.4189	ambiguous
P13569	L1449H	0.1977	benign
P13569	L1449I	0.0812	benign
P13569	L1449K	0.3407	ambiguous
P13569	L1449M	0.1168	benign
P13569	L1449N	0.3341	benign
P13569	L1449P	0.2102	benign
P13569	L1449Q	0.2223	benign
P13569	L1449R	0.1986	benign
P13569	L1449S	0.3082	benign
P13569	L1449T	0.2708	benign
P13569	L1449V	0.0977	benign
P13569	L1449W	0.1437	benign
P13569	L1449Y	0.1878	benign
P13569	F1450A	0.3128	benign
P13569	F1450C	0.1833	benign
P13569	F1450D	0.5239	ambiguous
P13569	F1450E	0.6131	pathogenic
P13569	F1450G	0.4678	ambiguous
P13569	F1450H	0.3194	benign
P13569	F1450I	0.1141	benign
P13569	F1450K	0.5307	ambiguous
P13569	F1450L	0.3778	ambiguous
P13569	F1450M	0.2976	benign
P13569	F1450N	0.3675	ambiguous
P13569	F1450P	0.5477	ambiguous
P13569	F1450Q	0.4205	ambiguous
P13569	F1450R	0.382	ambiguous
P13569	F1450S	0.1982	benign
P13569	F1450T	0.3195	benign
P13569	F1450V	0.1369	benign
P13569	F1450W	0.2742	benign
P13569	F1450Y	0.1494	benign
P13569	P1451A	0.0851	benign
P13569	P1451C	0.2019	benign
P13569	P1451D	0.3449	ambiguous
P13569	P1451E	0.2349	benign
P13569	P1451F	0.2451	benign
P13569	P1451G	0.1967	benign
P13569	P1451H	0.0937	benign
P13569	P1451I	0.1898	benign
P13569	P1451K	0.2007	benign
P13569	P1451L	0.0916	benign
P13569	P1451M	0.235	benign
P13569	P1451N	0.2229	benign
P13569	P1451Q	0.105	benign
P13569	P1451R	0.1069	benign
P13569	P1451S	0.0787	benign
P13569	P1451T	0.0813	benign
P13569	P1451V	0.1539	benign
P13569	P1451W	0.2882	benign
P13569	P1451Y	0.2051	benign
P13569	H1452A	0.1396	benign
P13569	H1452C	0.0966	benign
P13569	H1452D	0.1405	benign
P13569	H1452E	0.1693	benign
P13569	H1452F	0.1998	benign
P13569	H1452G	0.1418	benign
P13569	H1452I	0.1864	benign
P13569	H1452K	0.1342	benign
P13569	H1452L	0.086	benign
P13569	H1452M	0.3024	benign
P13569	H1452N	0.0945	benign
P13569	H1452P	0.0767	benign
P13569	H1452Q	0.0989	benign
P13569	H1452R	0.0648	benign
P13569	H1452S	0.1225	benign
P13569	H1452T	0.1555	benign
P13569	H1452V	0.1495	benign
P13569	H1452W	0.2182	benign
P13569	H1452Y	0.0788	benign
P13569	R1453A	0.253	benign
P13569	R1453C	0.117	benign
P13569	R1453D	0.4332	ambiguous
P13569	R1453E	0.2346	benign
P13569	R1453F	0.3569	ambiguous
P13569	R1453G	0.1255	benign
P13569	R1453H	0.0922	benign
P13569	R1453I	0.2046	benign
P13569	R1453K	0.1006	benign
P13569	R1453L	0.1871	benign
P13569	R1453M	0.2327	benign
P13569	R1453N	0.3739	ambiguous
P13569	R1453P	0.2573	benign
P13569	R1453Q	0.0829	benign
P13569	R1453S	0.2958	benign
P13569	R1453T	0.189	benign
P13569	R1453V	0.2729	benign
P13569	R1453W	0.1083	benign
P13569	R1453Y	0.2387	benign
P13569	N1454A	0.1487	benign
P13569	N1454C	0.1569	benign
P13569	N1454D	0.1136	benign
P13569	N1454E	0.2495	benign
P13569	N1454F	0.262	benign
P13569	N1454G	0.188	benign
P13569	N1454H	0.0698	benign
P13569	N1454I	0.1089	benign
P13569	N1454K	0.1518	benign
P13569	N1454L	0.1407	benign
P13569	N1454M	0.2288	benign
P13569	N1454P	0.2167	benign
P13569	N1454Q	0.1991	benign
P13569	N1454R	0.1575	benign
P13569	N1454S	0.0787	benign
P13569	N1454T	0.0969	benign
P13569	N1454V	0.129	benign
P13569	N1454W	0.4931	ambiguous
P13569	N1454Y	0.0797	benign
P13569	S1455A	0.0874	benign
P13569	S1455C	0.1153	benign
P13569	S1455D	0.3531	ambiguous
P13569	S1455E	0.4915	ambiguous
P13569	S1455F	0.1333	benign
P13569	S1455G	0.1098	benign
P13569	S1455H	0.2761	benign
P13569	S1455I	0.1536	benign
P13569	S1455K	0.5282	ambiguous
P13569	S1455L	0.097	benign
P13569	S1455M	0.2447	benign
P13569	S1455N	0.1703	benign
P13569	S1455P	0.1068	benign
P13569	S1455Q	0.463	ambiguous
P13569	S1455R	0.4076	ambiguous
P13569	S1455T	0.0854	benign
P13569	S1455V	0.1666	benign
P13569	S1455W	0.2386	benign
P13569	S1455Y	0.1175	benign
P13569	S1456A	0.0829	benign
P13569	S1456C	0.1101	benign
P13569	S1456D	0.3628	ambiguous
P13569	S1456E	0.3975	ambiguous
P13569	S1456F	0.1533	benign
P13569	S1456G	0.1055	benign
P13569	S1456H	0.2869	benign
P13569	S1456I	0.1705	benign
P13569	S1456K	0.437	ambiguous
P13569	S1456L	0.0921	benign
P13569	S1456M	0.2196	benign
P13569	S1456N	0.1826	benign
P13569	S1456P	0.1103	benign
P13569	S1456Q	0.3841	ambiguous
P13569	S1456R	0.3577	ambiguous
P13569	S1456T	0.0903	benign
P13569	S1456V	0.1579	benign
P13569	S1456W	0.2174	benign
P13569	S1456Y	0.1397	benign
P13569	K1457A	0.173	benign
P13569	K1457C	0.4341	ambiguous
P13569	K1457D	0.3551	ambiguous
P13569	K1457E	0.1289	benign
P13569	K1457F	0.4248	ambiguous
P13569	K1457G	0.23	benign
P13569	K1457H	0.1943	benign
P13569	K1457I	0.1706	benign
P13569	K1457L	0.2032	benign
P13569	K1457M	0.1615	benign
P13569	K1457N	0.2386	benign
P13569	K1457P	0.3094	benign
P13569	K1457Q	0.1064	benign
P13569	K1457R	0.0637	benign
P13569	K1457S	0.2174	benign
P13569	K1457T	0.1183	benign
P13569	K1457V	0.1832	benign
P13569	K1457W	0.4535	ambiguous
P13569	K1457Y	0.3227	benign
P13569	C1458A	0.1129	benign
P13569	C1458D	0.1042	benign
P13569	C1458E	0.1542	benign
P13569	C1458F	0.0828	benign
P13569	C1458G	0.0574	benign
P13569	C1458H	0.0598	benign
P13569	C1458I	0.127	benign
P13569	C1458K	0.1156	benign
P13569	C1458L	0.1211	benign
P13569	C1458M	0.2413	benign
P13569	C1458N	0.0764	benign
P13569	C1458P	0.1229	benign
P13569	C1458Q	0.0783	benign
P13569	C1458R	0.0514	benign
P13569	C1458S	0.0795	benign
P13569	C1458T	0.1124	benign
P13569	C1458V	0.1329	benign
P13569	C1458W	0.1054	benign
P13569	C1458Y	0.0509	benign
P13569	K1459A	0.1792	benign
P13569	K1459C	0.413	ambiguous
P13569	K1459D	0.3359	benign
P13569	K1459E	0.1256	benign
P13569	K1459F	0.4047	ambiguous
P13569	K1459G	0.2342	benign
P13569	K1459H	0.1822	benign
P13569	K1459I	0.1613	benign
P13569	K1459L	0.184	benign
P13569	K1459M	0.1507	benign
P13569	K1459N	0.229	benign
P13569	K1459P	0.2651	benign
P13569	K1459Q	0.1003	benign
P13569	K1459R	0.064	benign
P13569	K1459S	0.2123	benign
P13569	K1459T	0.1143	benign
P13569	K1459V	0.1786	benign
P13569	K1459W	0.453	ambiguous
P13569	K1459Y	0.3303	benign
P13569	S1460A	0.0717	benign
P13569	S1460C	0.0863	benign
P13569	S1460D	0.2583	benign
P13569	S1460E	0.2669	benign
P13569	S1460F	0.1361	benign
P13569	S1460G	0.0826	benign
P13569	S1460H	0.1896	benign
P13569	S1460I	0.1291	benign
P13569	S1460K	0.3	benign
P13569	S1460L	0.0833	benign
P13569	S1460M	0.1662	benign
P13569	S1460N	0.112	benign
P13569	S1460P	0.0687	benign
P13569	S1460Q	0.249	benign
P13569	S1460R	0.2417	benign
P13569	S1460T	0.0757	benign
P13569	S1460V	0.129	benign
P13569	S1460W	0.16	benign
P13569	S1460Y	0.1009	benign
P13569	K1461A	0.1591	benign
P13569	K1461C	0.3371	benign
P13569	K1461D	0.3039	benign
P13569	K1461E	0.1086	benign
P13569	K1461F	0.3612	ambiguous
P13569	K1461G	0.1708	benign
P13569	K1461H	0.1423	benign
P13569	K1461I	0.151	benign
P13569	K1461L	0.1405	benign
P13569	K1461M	0.1316	benign
P13569	K1461N	0.1957	benign
P13569	K1461P	0.1856	benign
P13569	K1461Q	0.0802	benign
P13569	K1461R	0.0554	benign
P13569	K1461S	0.1809	benign
P13569	K1461T	0.1035	benign
P13569	K1461V	0.1579	benign
P13569	K1461W	0.3131	benign
P13569	K1461Y	0.2741	benign
P13569	P1462A	0.0664	benign
P13569	P1462C	0.1764	benign
P13569	P1462D	0.2173	benign
P13569	P1462E	0.165	benign
P13569	P1462F	0.2113	benign
P13569	P1462G	0.1534	benign
P13569	P1462H	0.0895	benign
P13569	P1462I	0.1458	benign
P13569	P1462K	0.137	benign
P13569	P1462L	0.0847	benign
P13569	P1462M	0.1701	benign
P13569	P1462N	0.1397	benign
P13569	P1462Q	0.0914	benign
P13569	P1462R	0.0973	benign
P13569	P1462S	0.0714	benign
P13569	P1462T	0.0649	benign
P13569	P1462V	0.1175	benign
P13569	P1462W	0.2614	benign
P13569	P1462Y	0.1559	benign
P13569	Q1463A	0.1038	benign
P13569	Q1463C	0.3125	benign
P13569	Q1463D	0.2153	benign
P13569	Q1463E	0.078	benign
P13569	Q1463F	0.3766	ambiguous
P13569	Q1463G	0.1527	benign
P13569	Q1463H	0.111	benign
P13569	Q1463I	0.1761	benign
P13569	Q1463K	0.0586	benign
P13569	Q1463L	0.089	benign
P13569	Q1463M	0.1939	benign
P13569	Q1463N	0.1589	benign
P13569	Q1463P	0.0657	benign
P13569	Q1463R	0.0703	benign
P13569	Q1463S	0.116	benign
P13569	Q1463T	0.104	benign
P13569	Q1463V	0.1254	benign
P13569	Q1463W	0.2778	benign
P13569	Q1463Y	0.2406	benign
P13569	I1464A	0.3031	benign
P13569	I1464C	0.7886	pathogenic
P13569	I1464D	0.6318	pathogenic
P13569	I1464E	0.5142	ambiguous
P13569	I1464F	0.1299	benign
P13569	I1464G	0.6298	pathogenic
P13569	I1464H	0.4743	ambiguous
P13569	I1464K	0.3514	ambiguous
P13569	I1464L	0.1284	benign
P13569	I1464M	0.0877	benign
P13569	I1464N	0.2737	benign
P13569	I1464P	0.4569	ambiguous
P13569	I1464Q	0.4347	ambiguous
P13569	I1464R	0.2505	benign
P13569	I1464S	0.3317	benign
P13569	I1464T	0.2311	benign
P13569	I1464V	0.1395	benign
P13569	I1464W	0.6153	pathogenic
P13569	I1464Y	0.4077	ambiguous
P13569	A1465C	0.3282	benign
P13569	A1465D	0.1959	benign
P13569	A1465E	0.1796	benign
P13569	A1465F	0.2037	benign
P13569	A1465G	0.1235	benign
P13569	A1465H	0.2801	benign
P13569	A1465I	0.1644	benign
P13569	A1465K	0.2381	benign
P13569	A1465L	0.1165	benign
P13569	A1465M	0.1381	benign
P13569	A1465N	0.1778	benign
P13569	A1465P	0.1429	benign
P13569	A1465Q	0.2298	benign
P13569	A1465R	0.1956	benign
P13569	A1465S	0.0796	benign
P13569	A1465T	0.0632	benign
P13569	A1465V	0.0991	benign
P13569	A1465W	0.481	ambiguous
P13569	A1465Y	0.2928	benign
P13569	A1466C	0.5211	ambiguous
P13569	A1466D	0.3531	ambiguous
P13569	A1466E	0.3538	ambiguous
P13569	A1466F	0.3803	ambiguous
P13569	A1466G	0.1963	benign
P13569	A1466H	0.5268	ambiguous
P13569	A1466I	0.341	ambiguous
P13569	A1466K	0.5449	ambiguous
P13569	A1466L	0.2355	benign
P13569	A1466M	0.3324	benign
P13569	A1466N	0.3504	ambiguous
P13569	A1466P	0.2358	benign
P13569	A1466Q	0.4275	ambiguous
P13569	A1466R	0.4367	ambiguous
P13569	A1466S	0.1018	benign
P13569	A1466T	0.115	benign
P13569	A1466V	0.1604	benign
P13569	A1466W	0.7778	pathogenic
P13569	A1466Y	0.5297	ambiguous
P13569	L1467A	0.3723	ambiguous
P13569	L1467C	0.6536	pathogenic
P13569	L1467D	0.8121	pathogenic
P13569	L1467E	0.4521	ambiguous
P13569	L1467F	0.2177	benign
P13569	L1467G	0.624	pathogenic
P13569	L1467H	0.4246	ambiguous
P13569	L1467I	0.1251	benign
P13569	L1467K	0.3655	ambiguous
P13569	L1467M	0.1578	benign
P13569	L1467N	0.6241	pathogenic
P13569	L1467P	0.3972	ambiguous
P13569	L1467Q	0.2332	benign
P13569	L1467R	0.2595	benign
P13569	L1467S	0.4258	ambiguous
P13569	L1467T	0.3918	ambiguous
P13569	L1467V	0.1118	benign
P13569	L1467W	0.3108	benign
P13569	L1467Y	0.5426	ambiguous
P13569	K1468A	0.2191	benign
P13569	K1468C	0.5922	pathogenic
P13569	K1468D	0.4128	ambiguous
P13569	K1468E	0.0964	benign
P13569	K1468F	0.6879	pathogenic
P13569	K1468G	0.3096	benign
P13569	K1468H	0.2993	benign
P13569	K1468I	0.2929	benign
P13569	K1468L	0.2196	benign
P13569	K1468M	0.1716	benign
P13569	K1468N	0.3237	benign
P13569	K1468P	0.27	benign
P13569	K1468Q	0.098	benign
P13569	K1468R	0.0814	benign
P13569	K1468S	0.3069	benign
P13569	K1468T	0.1398	benign
P13569	K1468V	0.2499	benign
P13569	K1468W	0.623	pathogenic
P13569	K1468Y	0.5522	ambiguous
P13569	E1469A	0.3897	ambiguous
P13569	E1469C	0.9663	pathogenic
P13569	E1469D	0.4444	ambiguous
P13569	E1469F	0.9572	pathogenic
P13569	E1469G	0.3389	benign
P13569	E1469H	0.8669	pathogenic
P13569	E1469I	0.7879	pathogenic
P13569	E1469K	0.3646	ambiguous
P13569	E1469L	0.7598	pathogenic
P13569	E1469M	0.793	pathogenic
P13569	E1469N	0.7506	pathogenic
P13569	E1469P	0.8086	pathogenic
P13569	E1469Q	0.3801	ambiguous
P13569	E1469R	0.5236	ambiguous
P13569	E1469S	0.6305	pathogenic
P13569	E1469T	0.6149	pathogenic
P13569	E1469V	0.5404	ambiguous
P13569	E1469W	0.9765	pathogenic
P13569	E1469Y	0.9014	pathogenic
P13569	E1470A	0.2366	benign
P13569	E1470C	0.9153	pathogenic
P13569	E1470D	0.2729	benign
P13569	E1470F	0.8541	pathogenic
P13569	E1470G	0.2415	benign
P13569	E1470H	0.738	pathogenic
P13569	E1470I	0.4236	ambiguous
P13569	E1470K	0.2407	benign
P13569	E1470L	0.5875	pathogenic
P13569	E1470M	0.5619	ambiguous
P13569	E1470N	0.4784	ambiguous
P13569	E1470P	0.7506	pathogenic
P13569	E1470Q	0.2636	benign
P13569	E1470R	0.4014	ambiguous
P13569	E1470S	0.4316	ambiguous
P13569	E1470T	0.3867	ambiguous
P13569	E1470V	0.2459	benign
P13569	E1470W	0.947	pathogenic
P13569	E1470Y	0.7694	pathogenic
P13569	T1471A	0.0794	benign
P13569	T1471C	0.5663	pathogenic
P13569	T1471D	0.3948	ambiguous
P13569	T1471E	0.2817	benign
P13569	T1471F	0.4346	ambiguous
P13569	T1471G	0.2638	benign
P13569	T1471H	0.3933	ambiguous
P13569	T1471I	0.2942	benign
P13569	T1471K	0.2149	benign
P13569	T1471L	0.1565	benign
P13569	T1471M	0.0992	benign
P13569	T1471N	0.1701	benign
P13569	T1471P	0.1829	benign
P13569	T1471Q	0.2698	benign
P13569	T1471R	0.1669	benign
P13569	T1471S	0.1553	benign
P13569	T1471V	0.2207	benign
P13569	T1471W	0.6777	pathogenic
P13569	T1471Y	0.4646	ambiguous
P13569	E1472A	0.2167	benign
P13569	E1472C	0.9299	pathogenic
P13569	E1472D	0.3319	benign
P13569	E1472F	0.9069	pathogenic
P13569	E1472G	0.2228	benign
P13569	E1472H	0.7333	pathogenic
P13569	E1472I	0.6276	pathogenic
P13569	E1472K	0.1765	benign
P13569	E1472L	0.5862	pathogenic
P13569	E1472M	0.6289	pathogenic
P13569	E1472N	0.6138	pathogenic
P13569	E1472P	0.7346	pathogenic
P13569	E1472Q	0.2337	benign
P13569	E1472R	0.3006	benign
P13569	E1472S	0.39	ambiguous
P13569	E1472T	0.3858	ambiguous
P13569	E1472V	0.361	ambiguous
P13569	E1472W	0.9484	pathogenic
P13569	E1472Y	0.8398	pathogenic
P13569	E1473A	0.2231	benign
P13569	E1473C	0.8865	pathogenic
P13569	E1473D	0.115	benign
P13569	E1473F	0.8325	pathogenic
P13569	E1473G	0.1741	benign
P13569	E1473H	0.6536	pathogenic
P13569	E1473I	0.549	ambiguous
P13569	E1473K	0.2347	benign
P13569	E1473L	0.5111	ambiguous
P13569	E1473M	0.5663	pathogenic
P13569	E1473N	0.3494	ambiguous
P13569	E1473P	0.7325	pathogenic
P13569	E1473Q	0.2608	benign
P13569	E1473R	0.365	ambiguous
P13569	E1473S	0.3262	benign
P13569	E1473T	0.3583	ambiguous
P13569	E1473V	0.3215	benign
P13569	E1473W	0.9034	pathogenic
P13569	E1473Y	0.6862	pathogenic
P13569	E1474A	0.155	benign
P13569	E1474C	0.8546	pathogenic
P13569	E1474D	0.1039	benign
P13569	E1474F	0.7501	pathogenic
P13569	E1474G	0.1845	benign
P13569	E1474H	0.5387	ambiguous
P13569	E1474I	0.3835	ambiguous
P13569	E1474K	0.2094	benign
P13569	E1474L	0.4418	ambiguous
P13569	E1474M	0.4604	ambiguous
P13569	E1474N	0.2702	benign
P13569	E1474P	0.6117	pathogenic
P13569	E1474Q	0.2259	benign
P13569	E1474R	0.3289	benign
P13569	E1474S	0.2679	benign
P13569	E1474T	0.2551	benign
P13569	E1474V	0.2119	benign
P13569	E1474W	0.875	pathogenic
P13569	E1474Y	0.5892	pathogenic
P13569	V1475A	0.2328	benign
P13569	V1475C	0.7528	pathogenic
P13569	V1475D	0.2916	benign
P13569	V1475E	0.2553	benign
P13569	V1475F	0.1645	benign
P13569	V1475G	0.1864	benign
P13569	V1475H	0.613	pathogenic
P13569	V1475I	0.0906	benign
P13569	V1475K	0.4073	ambiguous
P13569	V1475L	0.2197	benign
P13569	V1475M	0.1507	benign
P13569	V1475N	0.3151	benign
P13569	V1475P	0.522	ambiguous
P13569	V1475Q	0.3592	ambiguous
P13569	V1475R	0.3702	ambiguous
P13569	V1475S	0.2763	benign
P13569	V1475T	0.3062	benign
P13569	V1475W	0.7161	pathogenic
P13569	V1475Y	0.5082	ambiguous
P13569	Q1476A	0.2287	benign
P13569	Q1476C	0.6346	pathogenic
P13569	Q1476D	0.4238	ambiguous
P13569	Q1476E	0.0844	benign
P13569	Q1476F	0.6948	pathogenic
P13569	Q1476G	0.2887	benign
P13569	Q1476H	0.2178	benign
P13569	Q1476I	0.4179	ambiguous
P13569	Q1476K	0.1133	benign
P13569	Q1476L	0.1548	benign
P13569	Q1476M	0.3874	ambiguous
P13569	Q1476N	0.3469	ambiguous
P13569	Q1476P	0.1443	benign
P13569	Q1476R	0.1161	benign
P13569	Q1476S	0.3026	benign
P13569	Q1476T	0.2404	benign
P13569	Q1476V	0.283	benign
P13569	Q1476W	0.4811	ambiguous
P13569	Q1476Y	0.494	ambiguous
P13569	D1477A	0.2223	benign
P13569	D1477C	0.6341	pathogenic
P13569	D1477E	0.0778	benign
P13569	D1477F	0.6607	pathogenic
P13569	D1477G	0.1688	benign
P13569	D1477H	0.346	ambiguous
P13569	D1477I	0.4399	ambiguous
P13569	D1477K	0.3515	ambiguous
P13569	D1477L	0.4143	ambiguous
P13569	D1477M	0.5932	pathogenic
P13569	D1477N	0.1273	benign
P13569	D1477P	0.6207	pathogenic
P13569	D1477Q	0.2945	benign
P13569	D1477R	0.4161	ambiguous
P13569	D1477S	0.191	benign
P13569	D1477T	0.3277	benign
P13569	D1477V	0.2492	benign
P13569	D1477W	0.8628	pathogenic
P13569	D1477Y	0.2729	benign
P13569	T1478A	0.2782	benign
P13569	T1478C	0.7921	pathogenic
P13569	T1478D	0.7063	pathogenic
P13569	T1478E	0.6234	pathogenic
P13569	T1478F	0.6347	pathogenic
P13569	T1478G	0.5566	ambiguous
P13569	T1478H	0.5718	pathogenic
P13569	T1478I	0.5982	pathogenic
P13569	T1478K	0.4626	ambiguous
P13569	T1478L	0.3635	ambiguous
P13569	T1478M	0.2377	benign
P13569	T1478N	0.4013	ambiguous
P13569	T1478P	0.3632	ambiguous
P13569	T1478Q	0.5468	ambiguous
P13569	T1478R	0.3857	ambiguous
P13569	T1478S	0.2989	benign
P13569	T1478V	0.5252	ambiguous
P13569	T1478W	0.8552	pathogenic
P13569	T1478Y	0.7032	pathogenic
P13569	R1479A	0.4765	ambiguous
P13569	R1479C	0.1689	benign
P13569	R1479D	0.7488	pathogenic
P13569	R1479E	0.4412	ambiguous
P13569	R1479F	0.5476	ambiguous
P13569	R1479G	0.3522	ambiguous
P13569	R1479H	0.1128	benign
P13569	R1479I	0.3294	benign
P13569	R1479K	0.1447	benign
P13569	R1479L	0.2782	benign
P13569	R1479M	0.3714	ambiguous
P13569	R1479N	0.6619	pathogenic
P13569	R1479P	0.6178	pathogenic
P13569	R1479Q	0.1246	benign
P13569	R1479S	0.5609	ambiguous
P13569	R1479T	0.3627	ambiguous
P13569	R1479V	0.4046	ambiguous
P13569	R1479W	0.1834	benign
P13569	R1479Y	0.3967	ambiguous
P13569	L1480A	0.7821	pathogenic
P13569	L1480C	0.8876	pathogenic
P13569	L1480D	0.9604	pathogenic
P13569	L1480E	0.8085	pathogenic
P13569	L1480F	0.4347	ambiguous
P13569	L1480G	0.8899	pathogenic
P13569	L1480H	0.7583	pathogenic
P13569	L1480I	0.2927	benign
P13569	L1480K	0.7084	pathogenic
P13569	L1480M	0.3095	benign
P13569	L1480N	0.8861	pathogenic
P13569	L1480P	0.8038	pathogenic
P13569	L1480Q	0.6374	pathogenic
P13569	L1480R	0.6	pathogenic
P13569	L1480S	0.8875	pathogenic
P13569	L1480T	0.8049	pathogenic
P13569	L1480V	0.339	benign
P13569	L1480W	0.6319	pathogenic
P13569	L1480Y	0.7606	pathogenic
